latitude,longitude,elevation,utc_offset_seconds,timezone,timezone_abbreviation
10.369068,123.79948,453.0,28800,Asia/Manila,GMT+8

time,temperature_2m_mean (°C),temperature_2m_max (°C),temperature_2m_min (°C),precipitation_sum (mm),precipitation_hours (h),soil_moisture_0_to_100cm_mean (m³/m³)
2010-01-01,23.5,24.7,22.9,5.30,13.0,0.424
2010-01-02,24.3,26.0,23.1,1.50,6.0,0.424
2010-01-03,24.2,26.4,22.1,0.20,2.0,0.422
2010-01-04,24.1,25.9,22.3,0.70,4.0,0.419
2010-01-05,24.3,26.0,23.1,1.60,9.0,0.417
2010-01-06,24.2,26.1,22.8,2.10,7.0,0.414
2010-01-07,23.8,25.7,22.5,4.10,10.0,0.414
2010-01-08,23.0,24.4,21.9,14.50,17.0,0.420
2010-01-09,24.0,25.5,23.0,0.30,2.0,0.423
2010-01-10,23.7,25.4,22.5,2.50,8.0,0.423
2010-01-11,23.9,25.7,22.6,2.40,13.0,0.422
2010-01-12,23.4,24.9,22.7,15.60,13.0,0.425
2010-01-13,23.7,25.1,22.4,6.40,13.0,0.437
2010-01-14,23.5,25.4,22.7,8.80,18.0,0.438
2010-01-15,22.9,23.6,22.4,11.00,20.0,0.444
2010-01-16,23.0,23.4,22.4,31.20,22.0,0.458
2010-01-17,23.6,25.2,22.5,8.40,15.0,0.472
2010-01-18,23.5,24.9,22.3,2.30,13.0,0.469
2010-01-19,24.0,25.6,22.9,1.10,5.0,0.464
2010-01-20,24.0,25.7,22.7,1.20,5.0,0.459
2010-01-21,23.3,24.9,22.0,3.10,12.0,0.456
2010-01-22,23.5,25.0,22.3,0.10,1.0,0.452
2010-01-23,23.6,25.3,22.6,1.00,5.0,0.448
2010-01-24,23.5,25.2,22.5,2.20,7.0,0.445
2010-01-25,23.5,25.2,22.5,0.40,3.0,0.442
2010-01-26,23.4,25.1,22.4,1.50,7.0,0.438
2010-01-27,23.5,25.1,22.3,0.80,5.0,0.436
2010-01-28,23.5,25.2,22.3,0.00,0.0,0.432
2010-01-29,23.5,25.5,22.2,1.60,9.0,0.429
2010-01-30,23.5,25.4,22.5,7.30,5.0,0.429
2010-01-31,23.9,25.7,22.7,0.00,0.0,0.429
2010-02-01,23.7,25.9,22.4,0.10,1.0,0.425
2010-02-02,23.7,25.7,22.5,2.20,9.0,0.423
2010-02-03,23.6,25.7,21.1,0.20,2.0,0.420
2010-02-04,23.4,24.9,22.5,0.10,1.0,0.417
2010-02-05,23.8,26.0,21.9,0.60,4.0,0.415
2010-02-06,23.8,25.7,22.5,0.70,3.0,0.411
2010-02-07,23.6,25.6,22.2,0.30,2.0,0.407
2010-02-08,23.5,25.3,22.0,0.60,4.0,0.404
2010-02-09,23.8,25.7,22.2,0.50,2.0,0.401
2010-02-10,24.1,25.8,22.7,1.20,5.0,0.398
2010-02-11,24.3,26.4,22.7,0.30,2.0,0.395
2010-02-12,24.0,26.1,22.4,0.00,0.0,0.391
2010-02-13,23.9,25.8,22.5,0.80,4.0,0.388
2010-02-14,24.1,26.1,22.5,0.00,0.0,0.385
2010-02-15,24.3,26.3,22.8,0.30,3.0,0.382
2010-02-16,24.2,26.2,21.9,1.50,10.0,0.379
2010-02-17,24.3,26.5,22.7,0.30,3.0,0.377
2010-02-18,24.1,26.0,22.8,0.60,4.0,0.374
2010-02-19,24.1,26.0,22.7,1.40,8.0,0.371
2010-02-20,24.2,25.8,23.2,1.00,5.0,0.370
2010-02-21,24.0,25.6,22.5,0.20,1.0,0.368
2010-02-22,24.4,26.5,23.1,0.40,3.0,0.365
2010-02-23,24.3,26.9,21.8,0.40,2.0,0.363
2010-02-24,24.3,26.3,22.8,0.30,2.0,0.360
2010-02-25,24.4,26.6,22.8,0.00,0.0,0.356
2010-02-26,24.0,25.8,22.8,1.00,5.0,0.354
2010-02-27,23.9,26.0,22.6,0.50,3.0,0.351
2010-02-28,23.9,25.5,22.4,1.50,7.0,0.348
2010-03-01,24.3,26.2,22.7,0.40,4.0,0.346
2010-03-02,23.7,24.6,23.0,6.90,15.0,0.347
2010-03-03,24.6,27.0,23.0,0.00,0.0,0.349
2010-03-04,24.4,26.4,22.5,1.20,8.0,0.346
2010-03-05,24.5,26.4,22.9,0.00,0.0,0.344
2010-03-06,25.1,27.6,23.3,0.00,0.0,0.341
2010-03-07,24.8,27.1,22.6,0.40,2.0,0.338
2010-03-08,24.7,26.9,22.4,0.60,3.0,0.336
2010-03-09,24.8,27.4,21.7,0.70,1.0,0.334
2010-03-10,25.0,27.0,23.5,1.40,8.0,0.332
2010-03-11,24.9,27.1,23.3,0.00,0.0,0.330
2010-03-12,25.0,27.5,22.8,1.00,4.0,0.328
2010-03-13,24.9,27.4,23.0,0.40,1.0,0.325
2010-03-14,24.8,27.1,23.1,0.50,3.0,0.323
2010-03-15,24.9,27.4,22.7,1.00,7.0,0.321
2010-03-16,24.9,27.3,23.3,1.10,4.0,0.320
2010-03-17,24.7,26.9,23.1,1.30,5.0,0.318
2010-03-18,24.7,26.5,23.0,0.50,3.0,0.317
2010-03-19,24.7,26.8,23.1,1.90,6.0,0.316
2010-03-20,24.1,25.6,23.3,2.60,8.0,0.316
2010-03-21,24.9,27.2,23.4,0.80,3.0,0.317
2010-03-22,25.1,27.2,23.2,1.00,5.0,0.316
2010-03-23,24.9,26.9,23.3,0.70,5.0,0.314
2010-03-24,24.7,27.3,22.4,1.10,5.0,0.312
2010-03-25,24.9,27.4,22.9,1.20,4.0,0.311
2010-03-26,25.0,26.8,23.5,0.20,1.0,0.310
2010-03-27,25.1,26.4,24.2,0.60,4.0,0.308
2010-03-28,24.7,26.4,23.4,1.20,7.0,0.307
2010-03-29,24.7,26.8,23.3,0.60,5.0,0.306
2010-03-30,24.9,26.7,23.3,2.50,9.0,0.306
2010-03-31,24.6,27.1,23.4,5.80,10.0,0.307
2010-04-01,24.8,27.1,23.4,5.60,7.0,0.310
2010-04-02,25.3,27.5,23.6,1.30,7.0,0.311
2010-04-03,25.3,27.4,23.6,1.20,8.0,0.309
2010-04-04,25.2,27.1,23.7,2.60,8.0,0.308
2010-04-05,25.3,27.3,23.8,2.70,9.0,0.307
2010-04-06,25.4,27.8,23.6,1.00,4.0,0.306
2010-04-07,25.4,27.6,23.6,1.20,7.0,0.305
2010-04-08,25.3,27.6,23.4,0.00,0.0,0.303
2010-04-09,25.4,27.5,23.8,0.10,1.0,0.300
2010-04-10,25.6,27.8,23.6,3.20,10.0,0.299
2010-04-11,25.6,28.2,23.9,0.10,1.0,0.298
2010-04-12,25.8,28.8,23.7,2.00,5.0,0.296
2010-04-13,25.4,27.7,23.6,3.70,11.0,0.298
2010-04-14,25.9,28.1,24.1,1.80,7.0,0.297
2010-04-15,25.4,27.5,23.8,3.60,10.0,0.297
2010-04-16,25.5,27.6,23.7,3.10,6.0,0.298
2010-04-17,25.0,26.6,23.9,0.50,5.0,0.296
2010-04-18,25.7,27.8,24.4,0.10,1.0,0.295
2010-04-19,25.6,28.2,23.6,0.30,1.0,0.293
2010-04-20,25.5,28.3,22.6,0.40,3.0,0.290
2010-04-21,25.9,28.0,23.8,1.40,7.0,0.289
2010-04-22,26.1,28.9,23.9,0.00,0.0,0.287
2010-04-23,26.4,28.7,24.3,1.40,8.0,0.286
2010-04-24,25.9,28.3,24.1,0.00,0.0,0.284
2010-04-25,25.9,28.4,24.2,0.80,5.0,0.283
2010-04-26,25.6,28.2,24.1,5.90,9.0,0.283
2010-04-27,25.8,28.5,24.3,0.90,4.0,0.286
2010-04-28,26.2,28.8,24.1,1.10,4.0,0.284
2010-04-29,25.9,28.2,23.4,9.80,12.0,0.291
2010-04-30,26.2,28.4,24.5,1.10,7.0,0.290
2010-05-01,26.3,29.0,24.0,0.50,2.0,0.288
2010-05-02,26.7,29.4,24.6,0.40,1.0,0.286
2010-05-03,26.1,28.7,23.9,2.70,10.0,0.285
2010-05-04,26.3,29.0,24.1,1.50,6.0,0.284
2010-05-05,26.6,29.5,24.8,1.00,3.0,0.282
2010-05-06,26.3,28.7,24.6,2.20,5.0,0.281
2010-05-07,26.1,28.5,24.1,4.20,9.0,0.283
2010-05-08,26.2,28.8,24.0,7.80,7.0,0.283
2010-05-09,26.6,29.2,25.0,0.40,3.0,0.285
2010-05-10,26.2,28.8,24.9,7.30,3.0,0.284
2010-05-11,26.4,28.6,24.3,3.00,9.0,0.287
2010-05-12,26.6,29.1,24.7,0.00,0.0,0.285
2010-05-13,26.1,28.5,24.3,0.60,5.0,0.282
2010-05-14,26.5,28.8,24.6,0.00,0.0,0.279
2010-05-15,26.5,29.2,24.7,1.50,4.0,0.277
2010-05-16,26.8,29.3,25.2,0.60,4.0,0.276
2010-05-17,26.9,29.6,24.8,0.50,5.0,0.275
2010-05-18,26.3,28.7,24.8,4.50,10.0,0.274
2010-05-19,26.5,28.7,24.2,5.00,9.0,0.278
2010-05-20,27.0,29.4,24.9,0.00,0.0,0.276
2010-05-21,26.4,29.0,24.0,0.80,6.0,0.274
2010-05-22,26.7,29.7,23.4,0.00,0.0,0.271
2010-05-23,27.1,30.0,24.5,0.00,0.0,0.269
2010-05-24,27.3,30.1,24.5,1.90,1.0,0.267
2010-05-25,27.2,29.8,25.2,1.40,2.0,0.267
2010-05-26,26.3,28.5,24.3,6.70,11.0,0.269
2010-05-27,26.5,28.8,25.2,14.70,12.0,0.275
2010-05-28,26.5,28.7,24.3,4.90,3.0,0.282
2010-05-29,25.8,28.1,23.3,3.60,10.0,0.284
2010-05-30,27.0,29.6,25.1,0.00,0.0,0.283
2010-05-31,27.4,29.9,25.2,0.00,0.0,0.280
2010-06-01,27.5,30.5,25.1,1.70,2.0,0.279
2010-06-02,27.0,30.0,25.0,2.60,4.0,0.277
2010-06-03,26.2,29.5,24.1,6.70,4.0,0.280
2010-06-04,26.8,29.8,24.8,1.20,5.0,0.281
2010-06-05,27.0,29.8,24.6,0.50,2.0,0.279
2010-06-06,26.7,29.9,24.3,3.40,5.0,0.277
2010-06-07,26.7,29.9,24.5,3.70,2.0,0.277
2010-06-08,26.6,29.5,24.3,11.90,7.0,0.279
2010-06-09,26.1,28.4,24.4,6.60,8.0,0.286
2010-06-10,26.1,28.1,24.5,7.40,11.0,0.289
2010-06-11,25.8,28.8,24.3,6.50,7.0,0.294
2010-06-12,26.0,28.6,23.9,1.20,5.0,0.295
2010-06-13,26.8,28.9,24.8,1.60,2.0,0.293
2010-06-14,25.6,27.4,23.7,6.20,15.0,0.295
2010-06-15,26.0,28.0,23.8,5.20,14.0,0.297
2010-06-16,25.9,28.1,24.3,6.20,14.0,0.301
2010-06-17,25.8,28.1,24.4,6.80,14.0,0.302
2010-06-18,25.3,28.1,23.9,10.80,11.0,0.309
2010-06-19,25.0,27.7,23.3,19.30,16.0,0.317
2010-06-20,25.7,27.5,23.8,1.70,7.0,0.325
2010-06-21,25.3,26.8,24.3,7.00,14.0,0.326
2010-06-22,25.8,27.5,24.0,1.60,5.0,0.329
2010-06-23,26.3,28.4,24.4,2.70,9.0,0.327
2010-06-24,26.4,28.4,24.6,4.50,3.0,0.326
2010-06-25,25.0,27.3,23.2,19.70,17.0,0.334
2010-06-26,25.1,27.5,24.0,11.30,12.0,0.342
2010-06-27,25.7,27.9,23.5,3.60,5.0,0.346
2010-06-28,25.5,27.6,24.0,13.90,21.0,0.350
2010-06-29,24.9,26.9,23.3,12.60,17.0,0.360
2010-06-30,25.5,28.1,23.8,3.20,8.0,0.363
2010-07-01,25.5,27.6,23.6,6.10,6.0,0.362
2010-07-02,25.8,27.9,24.0,4.30,5.0,0.362
2010-07-03,25.7,28.2,23.7,12.10,12.0,0.368
2010-07-04,26.6,28.6,24.7,1.20,4.0,0.369
2010-07-05,25.5,27.5,24.0,8.50,9.0,0.369
2010-07-06,24.5,26.2,23.3,22.70,20.0,0.378
2010-07-07,24.9,26.1,23.0,9.30,13.0,0.388
2010-07-08,25.6,27.5,23.1,6.70,9.0,0.393
2010-07-09,25.2,27.6,23.4,6.10,10.0,0.393
2010-07-10,24.8,26.4,23.4,5.90,14.0,0.396
2010-07-11,25.1,26.9,23.6,2.90,12.0,0.398
2010-07-12,25.4,27.7,23.5,6.50,7.0,0.397
2010-07-13,24.8,26.8,23.6,9.10,10.0,0.400
2010-07-14,24.7,26.3,23.6,2.90,10.0,0.403
2010-07-15,25.1,27.4,22.8,11.70,10.0,0.408
2010-07-16,25.8,28.2,23.6,3.00,5.0,0.410
2010-07-17,26.2,28.3,24.0,2.30,4.0,0.407
2010-07-18,25.5,28.0,23.6,2.10,6.0,0.406
2010-07-19,25.0,27.0,23.8,15.20,14.0,0.408
2010-07-20,25.6,28.0,23.3,10.20,5.0,0.416
2010-07-21,24.8,27.7,23.0,34.00,17.0,0.438
2010-07-22,24.6,26.9,22.8,15.70,13.0,0.446
2010-07-23,24.6,26.7,23.0,10.60,16.0,0.452
2010-07-24,24.3,26.0,23.2,9.70,13.0,0.459
2010-07-25,24.8,26.9,23.2,9.10,6.0,0.459
2010-07-26,24.7,26.9,23.4,22.60,18.0,0.463
2010-07-27,24.6,26.5,23.1,9.30,14.0,0.470
2010-07-28,25.1,27.1,22.9,7.70,13.0,0.466
2010-07-29,24.8,27.3,23.1,16.60,14.0,0.467
2010-07-30,23.9,25.9,23.1,25.80,23.0,0.472
2010-07-31,24.8,26.8,23.3,6.10,8.0,0.469
2010-08-01,25.2,27.5,23.1,4.00,8.0,0.464
2010-08-02,25.2,27.4,23.1,7.20,12.0,0.463
2010-08-03,24.1,25.9,22.8,12.90,18.0,0.467
2010-08-04,24.1,26.1,23.1,8.50,15.0,0.469
2010-08-05,24.5,26.5,23.4,4.50,14.0,0.467
2010-08-06,24.8,27.1,23.6,4.90,12.0,0.465
2010-08-07,25.2,27.1,23.6,0.40,3.0,0.461
2010-08-08,25.6,27.7,24.4,3.40,3.0,0.455
2010-08-09,25.6,27.4,24.3,0.00,0.0,0.451
2010-08-10,25.5,27.5,23.9,4.00,3.0,0.448
2010-08-11,24.4,26.8,23.1,13.00,18.0,0.450
2010-08-12,25.2,27.5,22.7,6.20,4.0,0.456
2010-08-13,26.0,28.4,23.7,3.00,4.0,0.454
2010-08-14,26.1,28.0,24.5,1.80,7.0,0.449
2010-08-15,25.4,27.7,24.2,8.70,20.0,0.448
2010-08-16,25.1,27.0,23.7,15.50,17.0,0.451
2010-08-17,24.4,25.9,23.2,13.90,12.0,0.458
2010-08-18,24.4,26.5,23.0,19.40,19.0,0.469
2010-08-19,25.3,27.5,23.0,2.50,9.0,0.470
2010-08-20,25.0,27.4,23.4,8.30,12.0,0.466
2010-08-21,24.9,27.6,23.0,10.10,14.0,0.467
2010-08-22,24.8,27.7,22.6,5.80,9.0,0.469
2010-08-23,25.0,27.4,22.7,4.40,6.0,0.465
2010-08-24,24.9,27.4,23.4,10.60,16.0,0.463
2010-08-25,25.0,27.6,23.5,3.60,3.0,0.465
2010-08-26,24.6,26.4,23.4,0.00,0.0,0.463
2010-08-27,25.5,27.7,23.6,0.00,0.0,0.457
2010-08-28,25.8,28.0,24.1,0.00,0.0,0.451
2010-08-29,25.7,28.5,23.5,5.00,3.0,0.447
2010-08-30,25.7,28.4,23.9,0.60,2.0,0.443
2010-08-31,25.8,27.8,24.2,0.10,1.0,0.438
2010-09-01,25.6,28.5,24.0,2.10,4.0,0.434
2010-09-02,25.3,28.0,23.8,3.50,7.0,0.432
2010-09-03,25.4,28.2,23.8,2.00,4.0,0.430
2010-09-04,26.0,28.1,23.5,0.50,3.0,0.428
2010-09-05,26.0,28.0,24.6,6.70,13.0,0.425
2010-09-06,25.2,27.4,23.6,18.60,17.0,0.433
2010-09-07,25.1,27.5,23.9,9.60,13.0,0.438
2010-09-08,25.5,27.8,24.0,7.30,5.0,0.443
2010-09-09,25.2,27.5,22.9,5.50,5.0,0.446
2010-09-10,24.8,26.7,23.1,17.00,17.0,0.450
2010-09-11,24.5,26.7,23.2,15.30,10.0,0.455
2010-09-12,24.7,27.1,22.1,7.40,7.0,0.460
2010-09-13,24.5,27.4,22.2,48.70,15.0,0.464
2010-09-14,24.8,27.1,23.0,14.80,18.0,0.468
2010-09-15,24.6,27.7,23.0,3.90,5.0,0.470
2010-09-16,25.5,27.7,23.0,2.40,6.0,0.467
2010-09-17,25.9,28.2,24.1,2.60,5.0,0.462
2010-09-18,25.0,27.8,23.0,11.00,9.0,0.461
2010-09-19,25.4,27.9,23.4,4.30,5.0,0.463
2010-09-20,25.7,28.0,23.6,1.60,4.0,0.461
2010-09-21,24.9,26.5,23.7,9.00,16.0,0.459
2010-09-22,25.6,27.6,23.6,4.40,7.0,0.462
2010-09-23,25.8,28.4,23.6,0.50,2.0,0.458
2010-09-24,25.8,28.3,23.9,2.30,5.0,0.454
2010-09-25,25.7,28.1,23.6,5.90,12.0,0.451
2010-09-26,25.6,27.8,23.7,7.20,14.0,0.453
2010-09-27,25.4,27.4,23.7,9.10,10.0,0.454
2010-09-28,25.0,27.5,23.4,17.10,17.0,0.456
2010-09-29,24.3,26.5,23.3,30.60,23.0,0.469
2010-09-30,24.2,25.4,22.7,9.30,18.0,0.470
2010-10-01,25.2,27.1,23.8,8.40,14.0,0.469
2010-10-02,24.7,26.7,22.9,18.20,18.0,0.474
2010-10-03,25.2,27.2,23.9,7.00,13.0,0.472
2010-10-04,25.4,27.5,23.4,3.30,8.0,0.469
2010-10-05,25.4,27.7,23.7,8.70,14.0,0.467
2010-10-06,25.5,27.8,23.8,6.80,13.0,0.467
2010-10-07,25.0,26.9,23.3,12.60,16.0,0.468
2010-10-08,24.5,27.0,22.9,19.10,16.0,0.469
2010-10-09,24.7,26.9,23.2,5.60,8.0,0.470
2010-10-10,24.6,27.2,22.8,18.20,9.0,0.468
2010-10-11,24.8,27.2,23.0,13.30,14.0,0.475
2010-10-12,24.7,26.7,23.0,5.20,17.0,0.474
2010-10-13,25.0,27.5,23.3,6.20,7.0,0.470
2010-10-14,24.3,26.5,22.8,13.10,10.0,0.471
2010-10-15,23.9,25.6,22.6,31.20,12.0,0.475
2010-10-16,24.4,26.3,23.1,12.80,15.0,0.472
2010-10-17,24.7,26.7,22.9,3.70,11.0,0.468
2010-10-18,24.7,26.7,23.8,8.80,7.0,0.462
2010-10-19,24.8,26.5,24.0,8.10,6.0,0.458
2010-10-20,25.4,27.5,23.7,2.00,3.0,0.454
2010-10-21,25.6,28.1,23.7,0.00,0.0,0.447
2010-10-22,25.5,28.1,23.9,0.50,1.0,0.439
2010-10-23,25.5,27.8,23.5,0.80,2.0,0.432
2010-10-24,25.5,27.9,23.5,2.20,2.0,0.427
2010-10-25,24.9,27.2,23.6,5.60,5.0,0.426
2010-10-26,24.5,26.3,22.9,13.20,18.0,0.430
2010-10-27,24.6,26.8,23.2,5.70,11.0,0.437
2010-10-28,24.1,25.7,23.0,13.50,13.0,0.438
2010-10-29,24.3,26.4,22.7,16.40,18.0,0.447
2010-10-30,24.0,25.9,22.7,17.50,20.0,0.454
2010-10-31,24.1,26.2,22.8,15.90,22.0,0.463
2010-11-01,24.1,26.2,22.8,22.00,21.0,0.469
2010-11-02,24.3,26.2,22.9,14.10,16.0,0.476
2010-11-03,25.3,27.4,23.6,2.20,8.0,0.470
2010-11-04,24.5,26.6,23.1,22.00,19.0,0.472
2010-11-05,24.8,26.5,23.7,5.90,13.0,0.471
2010-11-06,25.1,26.9,23.2,7.80,9.0,0.470
2010-11-07,24.7,26.6,23.4,6.40,10.0,0.469
2010-11-08,25.4,27.5,23.6,3.90,4.0,0.466
2010-11-09,24.1,26.2,23.1,21.60,22.0,0.472
2010-11-10,25.0,27.1,23.5,1.10,4.0,0.473
2010-11-11,24.7,26.5,23.1,6.60,11.0,0.469
2010-11-12,24.8,26.9,23.1,2.70,8.0,0.466
2010-11-13,25.3,27.4,22.8,3.00,8.0,0.461
2010-11-14,24.7,26.5,23.5,7.90,15.0,0.459
2010-11-15,24.2,25.4,23.0,17.30,23.0,0.465
2010-11-16,24.3,26.5,22.9,11.10,16.0,0.469
2010-11-17,24.7,26.7,23.3,8.00,9.0,0.468
2010-11-18,24.3,26.6,22.8,15.40,10.0,0.471
2010-11-19,24.4,26.6,22.9,2.50,9.0,0.468
2010-11-20,24.2,26.3,22.7,13.20,14.0,0.466
2010-11-21,24.3,26.1,22.9,14.50,17.0,0.471
2010-11-22,24.1,25.8,22.8,6.80,16.0,0.472
2010-11-23,24.5,26.1,23.4,6.20,8.0,0.472
2010-11-24,25.2,27.0,23.7,7.10,4.0,0.469
2010-11-25,25.0,27.1,23.3,8.10,11.0,0.470
2010-11-26,24.2,26.0,23.1,15.10,14.0,0.470
2010-11-27,24.3,25.8,22.9,12.00,20.0,0.471
2010-11-28,24.4,26.6,23.2,8.50,13.0,0.467
2010-11-29,24.9,26.7,23.4,0.60,4.0,0.463
2010-11-30,24.8,26.8,23.0,2.60,10.0,0.455
2010-12-01,25.0,26.7,23.6,0.40,3.0,0.449
2010-12-02,24.6,26.4,23.4,5.30,11.0,0.443
2010-12-03,24.2,25.5,23.1,12.20,18.0,0.444
2010-12-04,24.5,26.3,23.2,9.20,12.0,0.452
2010-12-05,24.9,26.6,23.2,2.00,8.0,0.448
2010-12-06,24.7,26.6,23.9,16.10,11.0,0.445
2010-12-07,24.4,26.2,23.0,10.70,15.0,0.451
2010-12-08,23.5,25.0,22.7,21.60,24.0,0.460
2010-12-09,23.5,25.2,22.4,17.80,23.0,0.468
2010-12-10,23.4,24.2,22.5,28.60,16.0,0.474
2010-12-11,23.6,25.1,22.6,22.80,21.0,0.470
2010-12-12,24.5,26.6,22.7,5.60,11.0,0.472
2010-12-13,24.6,26.5,23.0,5.50,14.0,0.466
2010-12-14,24.6,26.8,22.7,2.20,5.0,0.460
2010-12-15,24.6,26.1,23.4,1.70,9.0,0.454
2010-12-16,24.9,26.9,23.3,0.40,2.0,0.448
2010-12-17,24.6,26.9,22.6,2.40,12.0,0.442
2010-12-18,24.9,26.7,23.6,1.60,7.0,0.437
2010-12-19,24.6,26.5,23.4,7.70,17.0,0.434
2010-12-20,24.1,25.8,23.0,9.20,13.0,0.437
2010-12-21,23.8,25.7,22.8,9.20,12.0,0.441
2010-12-22,24.3,25.7,23.5,0.50,4.0,0.440
2010-12-23,24.5,26.0,23.3,0.60,4.0,0.436
2010-12-24,23.9,25.5,22.8,9.80,14.0,0.435
2010-12-25,24.0,25.6,23.0,2.60,8.0,0.438
2010-12-26,23.8,25.3,22.5,7.70,10.0,0.437
2010-12-27,23.3,23.7,22.6,6.20,18.0,0.443
2010-12-28,24.1,26.1,23.1,10.50,9.0,0.446
2010-12-29,23.7,25.0,22.9,11.70,21.0,0.453
2010-12-30,23.6,24.9,22.5,28.00,20.0,0.460
2010-12-31,23.8,25.6,22.0,5.30,13.0,0.470
2011-01-01,23.4,24.7,22.3,42.70,18.0,0.471
2011-01-02,23.1,23.7,22.4,47.90,22.0,0.477
2011-01-03,23.1,23.8,22.7,5.50,17.0,0.472
2011-01-04,23.4,24.3,22.9,1.10,3.0,0.466
2011-01-05,23.2,23.8,22.7,7.80,13.0,0.461
2011-01-06,23.6,24.8,22.9,13.70,20.0,0.463
2011-01-07,23.4,24.9,22.5,9.40,17.0,0.465
2011-01-08,23.3,25.4,22.5,19.60,20.0,0.466
2011-01-09,24.1,26.1,22.5,0.80,4.0,0.466
2011-01-10,23.9,25.4,23.2,5.70,11.0,0.460
2011-01-11,23.7,25.2,22.7,19.60,24.0,0.464
2011-01-12,23.9,26.0,22.5,6.10,8.0,0.467
2011-01-13,23.7,25.9,22.5,9.40,16.0,0.467
2011-01-14,24.0,26.6,22.4,7.40,7.0,0.466
2011-01-15,23.8,26.9,22.0,16.10,5.0,0.465
2011-01-16,23.2,24.9,21.8,13.60,22.0,0.472
2011-01-17,22.8,23.6,22.1,42.80,21.0,0.476
2011-01-18,22.5,22.9,22.2,35.00,22.0,0.463
2011-01-19,23.7,26.0,22.5,6.70,13.0,0.452
2011-01-20,23.2,24.9,22.0,7.80,11.0,0.450
2011-01-21,24.1,26.2,22.2,3.20,10.0,0.446
2011-01-22,23.9,26.4,22.4,8.00,13.0,0.443
2011-01-23,24.1,26.0,22.0,5.80,14.0,0.442
2011-01-24,23.5,25.5,21.8,9.80,14.0,0.442
2011-01-25,23.6,25.6,22.6,2.00,12.0,0.440
2011-01-26,23.3,24.6,22.5,5.10,13.0,0.437
2011-01-27,22.8,24.1,22.2,20.70,18.0,0.442
2011-01-28,22.8,23.4,22.1,4.90,11.0,0.451
2011-01-29,23.6,24.9,22.5,0.90,3.0,0.448
2011-01-30,23.2,24.5,22.1,1.90,5.0,0.443
2011-01-31,22.9,23.9,22.3,9.40,11.0,0.442
2011-02-01,22.1,22.6,21.7,55.90,24.0,0.460
2011-02-02,22.2,22.9,21.5,37.00,24.0,0.479
2011-02-03,23.3,25.5,22.3,4.80,13.0,0.476
2011-02-04,24.0,26.1,22.6,4.70,8.0,0.473
2011-02-05,23.9,26.2,21.9,0.80,4.0,0.468
2011-02-06,23.3,25.3,22.1,10.20,14.0,0.471
2011-02-07,23.9,25.6,22.5,5.60,8.0,0.469
2011-02-08,24.1,26.9,21.9,1.60,4.0,0.467
2011-02-09,24.5,27.1,21.9,1.60,2.0,0.459
2011-02-10,24.6,26.9,22.6,3.90,7.0,0.454
2011-02-11,24.6,27.0,22.5,3.60,4.0,0.449
2011-02-12,23.7,26.0,22.3,13.00,14.0,0.450
2011-02-13,23.1,24.6,21.9,14.00,17.0,0.456
2011-02-14,23.4,25.0,22.0,5.50,19.0,0.458
2011-02-15,23.8,25.7,22.3,3.90,5.0,0.455
2011-02-16,24.0,25.9,22.4,2.10,8.0,0.454
2011-02-17,24.1,25.8,23.0,1.60,6.0,0.449
2011-02-18,23.6,25.7,22.4,4.70,11.0,0.446
2011-02-19,23.5,24.7,22.7,5.20,14.0,0.446
2011-02-20,23.7,26.0,22.3,12.30,18.0,0.450
2011-02-21,23.4,24.7,22.4,40.60,11.0,0.451
2011-02-22,23.6,24.7,22.4,3.90,5.0,0.463
2011-02-23,23.3,24.3,22.4,0.00,0.0,0.457
2011-02-24,22.9,24.2,21.7,0.30,1.0,0.450
2011-02-25,23.1,24.6,21.5,1.10,7.0,0.445
2011-02-26,23.3,24.7,22.2,0.00,0.0,0.439
2011-02-27,23.0,24.2,22.4,17.50,17.0,0.440
2011-02-28,23.7,25.4,22.5,4.30,16.0,0.449
2011-03-01,24.5,27.0,22.7,6.10,11.0,0.447
2011-03-02,23.8,26.1,22.3,11.80,13.0,0.450
2011-03-03,23.4,25.5,22.0,9.00,9.0,0.453
2011-03-04,23.8,26.1,22.0,4.10,15.0,0.455
2011-03-05,24.0,25.9,22.7,0.70,5.0,0.452
2011-03-06,24.0,26.1,22.6,1.10,6.0,0.447
2011-03-07,24.1,26.6,22.7,3.70,8.0,0.443
2011-03-08,24.4,26.6,23.0,2.00,5.0,0.440
2011-03-09,24.2,26.3,22.8,3.30,9.0,0.437
2011-03-10,24.1,26.0,22.8,6.20,13.0,0.435
2011-03-11,23.5,24.6,23.1,13.10,18.0,0.440
2011-03-12,23.5,24.7,22.8,4.80,13.0,0.447
2011-03-13,24.3,26.3,22.8,3.30,10.0,0.445
2011-03-14,23.6,24.5,22.9,28.50,19.0,0.455
2011-03-15,23.6,25.0,22.5,11.50,15.0,0.467
2011-03-16,23.3,24.5,22.7,17.50,19.0,0.470
2011-03-17,23.9,25.5,22.5,1.10,6.0,0.471
2011-03-18,23.4,25.0,22.6,14.60,16.0,0.470
2011-03-19,23.4,25.4,22.3,14.40,22.0,0.475
2011-03-20,24.1,26.1,22.9,5.60,13.0,0.476
2011-03-21,23.9,26.4,22.8,5.30,14.0,0.473
2011-03-22,24.5,26.5,22.9,1.10,4.0,0.470
2011-03-23,23.9,26.1,22.6,12.90,11.0,0.467
2011-03-24,23.6,25.4,22.5,3.30,9.0,0.469
2011-03-25,23.7,25.6,22.8,8.90,13.0,0.468
2011-03-26,23.1,23.6,22.6,9.50,22.0,0.470
2011-03-27,23.8,25.7,22.5,4.40,17.0,0.471
2011-03-28,23.9,26.2,22.7,5.90,8.0,0.468
2011-03-29,23.9,26.0,22.6,5.70,12.0,0.466
2011-03-30,24.1,26.5,22.7,3.00,5.0,0.464
2011-03-31,23.5,25.5,22.4,71.90,18.0,0.466
2011-04-01,23.4,24.6,22.3,7.50,14.0,0.474
2011-04-02,23.5,25.1,22.3,0.00,0.0,0.466
2011-04-03,24.0,25.9,23.0,0.50,3.0,0.458
2011-04-04,23.8,25.7,22.6,0.90,5.0,0.450
2011-04-05,23.6,24.7,22.8,0.10,1.0,0.443
2011-04-06,23.6,25.1,22.5,1.50,8.0,0.436
2011-04-07,23.9,25.8,22.6,0.40,3.0,0.430
2011-04-08,23.7,25.3,22.5,1.30,5.0,0.424
2011-04-09,23.9,26.0,22.4,0.80,4.0,0.417
2011-04-10,24.0,25.8,22.7,0.20,1.0,0.412
2011-04-11,23.4,25.0,22.3,12.40,15.0,0.413
2011-04-12,23.9,26.7,22.6,9.60,14.0,0.418
2011-04-13,24.2,26.1,23.0,0.20,2.0,0.419
2011-04-14,24.2,26.0,22.9,0.70,5.0,0.414
2011-04-15,24.2,25.9,23.0,2.20,9.0,0.410
2011-04-16,24.5,26.9,23.0,1.60,8.0,0.407
2011-04-17,24.5,26.6,22.3,1.90,11.0,0.404
2011-04-18,24.8,26.7,22.7,1.50,6.0,0.401
2011-04-19,25.0,26.9,23.3,1.70,8.0,0.398
2011-04-20,24.5,26.8,23.2,8.70,11.0,0.396
2011-04-21,23.9,25.6,23.1,17.40,15.0,0.405
2011-04-22,24.6,26.2,23.0,5.00,7.0,0.412
2011-04-23,24.7,26.8,22.9,1.40,8.0,0.409
2011-04-24,24.3,26.7,23.4,7.50,10.0,0.408
2011-04-25,24.8,27.0,22.9,7.50,15.0,0.413
2011-04-26,24.8,27.1,23.4,2.90,9.0,0.413
2011-04-27,25.1,27.3,23.3,1.20,6.0,0.411
2011-04-28,25.2,27.7,23.3,2.00,7.0,0.408
2011-04-29,24.8,27.0,23.5,6.70,10.0,0.410
2011-04-30,25.0,27.2,23.5,2.10,10.0,0.409
2011-05-01,24.9,27.0,23.3,4.30,16.0,0.408
2011-05-02,25.1,27.1,23.6,0.90,4.0,0.406
2011-05-03,25.0,27.0,23.5,9.50,14.0,0.405
2011-05-04,24.5,26.1,23.5,8.50,16.0,0.413
2011-05-05,24.7,26.5,22.7,1.20,6.0,0.413
2011-05-06,24.0,24.9,23.1,8.10,20.0,0.418
2011-05-07,24.2,24.7,23.8,9.10,15.0,0.425
2011-05-08,24.4,26.0,23.3,8.00,12.0,0.427
2011-05-09,24.7,26.9,23.1,3.30,5.0,0.430
2011-05-10,25.1,27.9,23.4,1.80,2.0,0.427
2011-05-11,24.5,26.9,22.5,5.10,6.0,0.428
2011-05-12,25.2,27.3,22.8,2.10,4.0,0.426
2011-05-13,25.4,27.6,23.7,2.10,8.0,0.423
2011-05-14,25.0,27.2,23.2,6.70,9.0,0.423
2011-05-15,25.3,27.6,23.9,5.50,8.0,0.422
2011-05-16,25.1,27.4,23.9,8.40,16.0,0.425
2011-05-17,25.1,27.3,23.4,8.60,12.0,0.428
2011-05-18,25.0,27.2,23.5,8.60,11.0,0.429
2011-05-19,24.7,26.7,23.2,13.50,17.0,0.433
2011-05-20,25.2,27.2,23.2,16.00,14.0,0.439
2011-05-21,24.8,27.4,22.9,14.60,13.0,0.447
2011-05-22,25.1,27.3,23.5,10.00,16.0,0.450
2011-05-23,24.8,27.5,23.1,33.80,19.0,0.464
2011-05-24,24.9,27.4,23.6,9.10,12.0,0.468
2011-05-25,25.0,26.9,23.7,3.40,8.0,0.468
2011-05-26,24.6,25.8,23.9,4.10,12.0,0.465
2011-05-27,24.2,24.6,23.7,8.60,15.0,0.465
2011-05-28,24.9,26.7,23.6,6.40,10.0,0.469
2011-05-29,25.4,27.4,24.0,3.20,4.0,0.466
2011-05-30,25.1,27.6,23.1,6.60,6.0,0.464
2011-05-31,25.3,28.0,23.3,39.50,9.0,0.467
2011-06-01,24.8,27.4,23.2,22.70,13.0,0.472
2011-06-02,25.1,27.3,23.1,11.10,11.0,0.474
2011-06-03,24.8,27.3,23.3,26.80,19.0,0.471
2011-06-04,25.8,28.1,23.4,3.40,8.0,0.472
2011-06-05,25.6,27.9,23.9,9.50,11.0,0.466
2011-06-06,25.1,27.5,23.6,16.20,17.0,0.470
2011-06-07,24.0,24.6,23.4,19.90,24.0,0.474
2011-06-08,24.7,26.5,23.1,8.50,12.0,0.471
2011-06-09,24.8,27.1,23.8,8.50,11.0,0.467
2011-06-10,25.1,27.2,23.2,10.60,11.0,0.465
2011-06-11,24.7,26.8,23.1,9.60,12.0,0.465
2011-06-12,24.6,26.6,23.5,19.20,16.0,0.467
2011-06-13,24.3,26.5,23.2,21.80,17.0,0.475
2011-06-14,25.1,27.5,23.5,4.60,8.0,0.463
2011-06-15,24.6,27.0,22.9,4.60,7.0,0.456
2011-06-16,24.4,27.1,23.0,24.20,9.0,0.456
2011-06-17,24.1,26.8,22.4,23.60,11.0,0.459
2011-06-18,23.9,25.1,23.3,13.90,23.0,0.466
2011-06-19,24.8,26.8,23.4,1.80,3.0,0.463
2011-06-20,25.3,27.8,23.8,4.10,4.0,0.455
2011-06-21,25.2,27.4,23.4,2.00,2.0,0.448
2011-06-22,24.8,25.8,24.3,1.90,10.0,0.443
2011-06-23,24.5,25.7,23.9,2.10,10.0,0.439
2011-06-24,25.2,27.2,23.1,0.80,2.0,0.434
2011-06-25,26.0,28.7,23.8,0.00,0.0,0.427
2011-06-26,26.0,28.1,23.5,1.00,1.0,0.420
2011-06-27,25.5,27.4,23.6,0.10,1.0,0.416
2011-06-28,25.8,27.5,24.0,4.90,10.0,0.411
2011-06-29,24.5,26.9,22.5,16.50,10.0,0.418
2011-06-30,24.0,26.3,22.9,13.90,14.0,0.424
2011-07-01,24.3,26.5,22.7,4.10,12.0,0.430
2011-07-02,24.2,26.3,22.7,11.10,18.0,0.433
2011-07-03,24.1,26.2,22.5,14.80,15.0,0.440
2011-07-04,24.1,26.9,22.4,23.50,12.0,0.448
2011-07-05,24.0,25.3,22.9,24.30,16.0,0.469
2011-07-06,24.7,26.2,23.5,0.10,1.0,0.465
2011-07-07,25.2,27.0,23.6,0.00,0.0,0.459
2011-07-08,25.3,27.1,23.9,0.20,1.0,0.453
2011-07-09,25.2,27.1,23.7,0.90,1.0,0.447
2011-07-10,25.1,27.0,23.0,0.00,0.0,0.442
2011-07-11,25.2,27.8,23.7,3.70,3.0,0.437
2011-07-12,25.6,28.1,23.3,0.10,1.0,0.432
2011-07-13,25.6,28.2,23.4,4.30,5.0,0.428
2011-07-14,25.4,28.1,23.4,2.50,3.0,0.425
2011-07-15,25.6,28.3,23.4,0.00,0.0,0.421
2011-07-16,25.6,28.4,23.7,2.40,1.0,0.416
2011-07-17,25.3,27.7,24.2,0.80,2.0,0.411
2011-07-18,25.3,27.5,23.7,1.60,2.0,0.407
2011-07-19,25.3,27.8,23.8,0.20,1.0,0.403
2011-07-20,25.1,28.0,23.7,6.40,4.0,0.399
2011-07-21,23.9,25.2,23.1,23.30,21.0,0.406
2011-07-22,23.2,24.7,22.4,48.90,22.0,0.441
2011-07-23,23.9,25.6,22.6,10.10,18.0,0.459
2011-07-24,23.8,25.4,23.2,14.50,12.0,0.461
2011-07-25,24.5,26.4,23.1,1.70,4.0,0.465
2011-07-26,23.9,24.7,23.2,5.60,18.0,0.463
2011-07-27,24.5,26.1,23.1,4.80,9.0,0.463
2011-07-28,24.9,26.2,23.6,0.10,1.0,0.459
2011-07-29,24.5,25.9,23.7,2.80,9.0,0.455
2011-07-30,24.5,26.4,23.4,0.00,0.0,0.452
2011-07-31,24.4,26.0,23.7,0.40,2.0,0.448
2011-08-01,24.8,26.7,23.6,1.50,7.0,0.444
2011-08-02,25.5,27.6,23.9,1.70,2.0,0.440
2011-08-03,25.4,27.4,23.9,0.10,1.0,0.435
2011-08-04,24.8,26.9,23.6,3.40,3.0,0.430
2011-08-05,24.2,26.2,23.1,7.10,14.0,0.429
2011-08-06,24.3,25.9,23.3,6.00,11.0,0.433
2011-08-07,24.7,26.7,22.7,0.70,3.0,0.429
2011-08-08,25.1,27.5,23.7,7.70,3.0,0.428
2011-08-09,24.9,27.7,23.3,7.70,6.0,0.428
2011-08-10,23.4,25.2,22.2,21.00,20.0,0.436
2011-08-11,23.8,26.0,22.1,13.90,16.0,0.446
2011-08-12,24.3,26.7,22.4,22.10,9.0,0.450
2011-08-13,24.2,26.1,22.7,17.00,19.0,0.461
2011-08-14,24.7,26.9,22.7,1.60,10.0,0.465
2011-08-15,24.7,26.9,23.0,13.60,12.0,0.462
2011-08-16,23.9,26.1,22.3,31.70,21.0,0.472
2011-08-17,23.9,26.3,22.2,18.50,21.0,0.475
2011-08-18,24.4,27.0,23.1,8.00,11.0,0.473
2011-08-19,24.4,26.4,22.6,4.50,8.0,0.473
2011-08-20,24.3,26.6,22.7,28.50,15.0,0.472
2011-08-21,24.1,25.6,23.0,20.20,12.0,0.472
2011-08-22,24.1,26.1,23.1,2.80,9.0,0.470
2011-08-23,24.5,26.3,23.4,3.20,2.0,0.464
2011-08-24,24.4,25.9,23.4,1.10,3.0,0.459
2011-08-25,24.3,25.6,23.5,1.10,7.0,0.453
2011-08-26,24.4,26.1,23.5,9.80,18.0,0.449
2011-08-27,24.8,26.9,23.4,7.00,8.0,0.451
2011-08-28,25.5,28.3,23.5,0.00,0.0,0.446
2011-08-29,25.8,28.4,23.8,0.00,0.0,0.438
2011-08-30,25.8,28.5,23.8,0.00,0.0,0.431
2011-08-31,25.5,28.2,23.6,0.70,2.0,0.424
2011-09-01,25.2,27.7,23.5,1.20,2.0,0.419
2011-09-02,25.1,27.7,23.3,0.60,2.0,0.414
2011-09-03,25.3,28.0,23.8,4.80,3.0,0.410
2011-09-04,25.1,27.9,23.7,3.10,2.0,0.408
2011-09-05,24.5,26.4,23.6,5.60,5.0,0.407
2011-09-06,24.5,26.7,23.3,13.00,14.0,0.411
2011-09-07,24.8,27.1,23.6,1.20,3.0,0.412
2011-09-08,24.3,26.5,23.1,10.70,14.0,0.413
2011-09-09,23.8,26.2,22.5,22.20,19.0,0.421
2011-09-10,23.9,27.0,22.2,15.50,18.0,0.436
2011-09-11,25.0,27.7,22.4,4.00,7.0,0.439
2011-09-12,25.1,27.5,22.8,2.50,7.0,0.437
2011-09-13,25.6,28.2,23.8,1.40,3.0,0.433
2011-09-14,25.4,27.6,24.1,2.90,4.0,0.429
2011-09-15,25.5,28.0,24.1,2.60,1.0,0.426
2011-09-16,25.3,27.7,23.9,0.40,1.0,0.422
2011-09-17,25.3,27.7,23.9,1.50,4.0,0.418
2011-09-18,25.3,26.8,23.8,0.00,0.0,0.415
2011-09-19,25.2,27.5,23.9,5.90,4.0,0.412
2011-09-20,25.3,27.7,23.9,1.80,3.0,0.412
2011-09-21,25.1,27.8,23.5,5.10,5.0,0.412
2011-09-22,24.8,27.0,23.4,8.70,7.0,0.412
2011-09-23,24.0,25.1,22.8,6.90,17.0,0.419
2011-09-24,24.3,26.5,22.9,2.20,5.0,0.419
2011-09-25,24.9,26.4,23.8,0.00,0.0,0.417
2011-09-26,24.3,25.6,23.8,4.80,10.0,0.415
2011-09-27,24.2,25.6,23.1,5.80,13.0,0.418
2011-09-28,24.8,26.8,23.5,8.50,4.0,0.419
2011-09-29,25.2,27.8,22.6,2.00,1.0,0.418
2011-09-30,25.0,27.9,23.3,3.50,4.0,0.415
2011-10-01,24.9,27.0,23.7,1.20,4.0,0.413
2011-10-02,24.7,26.6,23.7,3.70,1.0,0.410
2011-10-03,25.0,27.4,23.6,1.80,2.0,0.409
2011-10-04,25.0,27.3,23.4,1.30,2.0,0.406
2011-10-05,24.7,27.0,23.0,3.20,9.0,0.405
2011-10-06,24.3,26.2,22.9,4.30,11.0,0.406
2011-10-07,23.6,24.5,23.0,24.80,21.0,0.416
2011-10-08,23.6,24.2,23.1,15.50,21.0,0.431
2011-10-09,24.5,27.3,22.9,1.90,2.0,0.435
2011-10-10,24.7,26.7,23.2,3.50,7.0,0.434
2011-10-11,23.2,23.8,22.6,54.70,24.0,0.450
2011-10-12,23.8,25.9,22.4,133.10,15.0,0.471
2011-10-13,24.7,27.1,23.4,0.10,1.0,0.460
2011-10-14,24.7,27.1,23.3,4.30,7.0,0.455
2011-10-15,24.5,26.8,22.7,6.70,10.0,0.452
2011-10-16,24.9,27.2,22.8,0.40,1.0,0.454
2011-10-17,25.0,27.3,23.2,3.40,14.0,0.450
2011-10-18,24.7,26.5,22.7,5.50,13.0,0.447
2011-10-19,24.6,26.9,23.1,11.70,9.0,0.448
2011-10-20,24.9,26.9,23.0,3.40,8.0,0.451
2011-10-21,24.9,27.0,22.8,2.60,10.0,0.448
2011-10-22,24.2,26.5,22.8,12.00,17.0,0.449
2011-10-23,24.7,26.7,22.8,5.10,4.0,0.453
2011-10-24,24.6,26.7,22.8,2.10,9.0,0.449
2011-10-25,25.0,26.8,23.0,1.40,8.0,0.446
2011-10-26,25.1,27.0,23.4,4.40,11.0,0.445
2011-10-27,24.9,27.2,23.2,5.00,14.0,0.443
2011-10-28,24.9,27.0,23.5,3.90,10.0,0.442
2011-10-29,25.0,26.8,23.5,5.20,12.0,0.442
2011-10-30,24.6,27.0,23.1,9.10,14.0,0.442
2011-10-31,24.7,26.9,23.5,13.40,15.0,0.445
2011-11-01,24.2,26.0,23.2,12.80,18.0,0.453
2011-11-02,23.8,25.9,22.5,12.00,24.0,0.461
2011-11-03,24.6,26.7,23.0,2.30,6.0,0.463
2011-11-04,24.9,27.4,23.0,2.20,5.0,0.460
2011-11-05,24.6,26.6,23.1,1.80,8.0,0.459
2011-11-06,24.8,27.2,23.0,4.10,7.0,0.458
2011-11-07,23.7,25.5,22.7,27.90,23.0,0.465
2011-11-08,24.0,25.6,22.7,33.40,16.0,0.474
2011-11-09,24.5,27.0,22.6,9.40,9.0,0.469
2011-11-10,24.8,27.3,22.9,2.80,8.0,0.467
2011-11-11,24.7,26.7,23.2,5.90,7.0,0.463
2011-11-12,25.0,26.8,23.2,1.70,6.0,0.463
2011-11-13,24.7,26.4,24.0,5.00,12.0,0.460
2011-11-14,24.0,26.4,22.9,25.90,20.0,0.466
2011-11-15,24.1,25.4,22.3,20.30,14.0,0.474
2011-11-16,25.0,27.0,23.3,6.50,13.0,0.468
2011-11-17,24.7,27.2,23.0,6.50,9.0,0.467
2011-11-18,24.7,26.7,23.0,4.40,10.0,0.466
2011-11-19,25.2,26.8,23.9,1.60,13.0,0.461
2011-11-20,24.5,26.3,23.5,5.10,14.0,0.457
2011-11-21,24.4,26.1,22.8,2.80,11.0,0.456
2011-11-22,24.3,26.3,23.0,7.70,10.0,0.454
2011-11-23,24.8,26.6,23.7,0.70,4.0,0.452
2011-11-24,24.5,26.2,23.3,2.80,10.0,0.449
2011-11-25,24.5,26.5,23.3,3.40,11.0,0.446
2011-11-26,24.7,26.4,23.5,0.20,2.0,0.442
2011-11-27,25.2,27.3,23.6,0.70,4.0,0.437
2011-11-28,25.0,27.1,23.7,3.00,8.0,0.433
2011-11-29,25.0,27.2,23.2,4.10,9.0,0.431
2011-11-30,24.9,26.8,23.5,6.10,15.0,0.432
2011-12-01,24.3,25.5,23.1,7.70,20.0,0.436
2011-12-02,24.7,26.8,22.5,6.80,7.0,0.438
2011-12-03,24.8,26.9,23.3,11.70,20.0,0.440
2011-12-04,24.4,26.0,23.2,9.60,17.0,0.450
2011-12-05,24.0,25.5,22.8,7.80,14.0,0.451
2011-12-06,24.2,26.1,22.9,8.10,13.0,0.454
2011-12-07,24.2,25.5,23.3,7.80,16.0,0.456
2011-12-08,23.0,23.4,22.5,54.90,24.0,0.469
2011-12-09,23.4,25.1,22.3,10.90,14.0,0.476
2011-12-10,24.7,26.7,23.1,0.10,1.0,0.475
2011-12-11,25.1,27.1,23.3,0.70,5.0,0.467
2011-12-12,25.1,27.2,23.6,0.20,1.0,0.461
2011-12-13,24.6,27.0,23.2,9.40,12.0,0.458
2011-12-14,24.5,27.0,23.2,12.40,14.0,0.459
2011-12-15,24.4,26.2,23.2,7.40,9.0,0.462
2011-12-16,24.0,25.9,23.1,20.90,15.0,0.464
2011-12-17,24.2,26.0,23.0,9.40,11.0,0.474
2011-12-18,24.4,26.4,23.2,12.20,11.0,0.473
2011-12-19,24.7,26.5,23.1,2.40,6.0,0.466
2011-12-20,24.9,26.7,23.6,3.50,12.0,0.460
2011-12-21,24.9,27.0,23.7,0.70,4.0,0.454
2011-12-22,24.9,26.6,23.8,4.20,14.0,0.448
2011-12-23,24.5,26.8,23.6,3.00,10.0,0.444
2011-12-24,24.6,26.4,23.5,2.70,10.0,0.441
2011-12-25,24.5,25.8,23.2,1.90,9.0,0.438
2011-12-26,24.0,25.0,23.6,19.50,22.0,0.439
2011-12-27,24.0,25.4,23.1,7.80,17.0,0.447
2011-12-28,24.3,26.5,22.7,1.60,8.0,0.444
2011-12-29,24.3,25.9,23.3,5.40,9.0,0.441
2011-12-30,24.1,25.9,23.0,5.90,13.0,0.442
2011-12-31,23.9,25.2,23.2,5.00,11.0,0.442
2012-01-01,24.1,26.3,22.7,2.60,8.0,0.440
2012-01-02,23.9,25.3,22.6,5.40,13.0,0.439
2012-01-03,24.4,25.9,23.1,0.40,3.0,0.437
2012-01-04,24.2,26.0,23.5,2.00,7.0,0.434
2012-01-05,23.3,24.1,22.6,14.00,19.0,0.438
2012-01-06,24.0,26.0,22.9,2.40,5.0,0.441
2012-01-07,23.9,25.7,22.8,10.30,10.0,0.443
2012-01-08,23.8,25.3,22.8,5.90,13.0,0.446
2012-01-09,24.1,25.2,23.1,0.30,2.0,0.444
2012-01-10,23.9,25.7,23.0,8.70,14.0,0.446
2012-01-11,23.7,25.6,22.6,3.60,9.0,0.446
2012-01-12,23.8,25.5,22.6,4.30,8.0,0.446
2012-01-13,23.7,25.7,22.7,10.60,14.0,0.447
2012-01-14,24.1,25.7,22.7,0.40,4.0,0.448
2012-01-15,23.4,25.5,22.3,11.50,22.0,0.448
2012-01-16,24.1,26.1,22.4,0.70,4.0,0.450
2012-01-17,24.1,26.5,22.2,2.20,5.0,0.447
2012-01-18,24.4,25.9,23.1,4.50,14.0,0.448
2012-01-19,24.4,26.7,22.3,2.00,6.0,0.446
2012-01-20,24.0,26.1,22.4,4.40,11.0,0.443
2012-01-21,24.2,26.1,22.8,1.10,6.0,0.442
2012-01-22,24.4,26.0,23.3,0.90,6.0,0.438
2012-01-23,24.4,26.3,22.9,0.50,2.0,0.433
2012-01-24,24.3,25.9,23.3,1.70,8.0,0.429
2012-01-25,23.9,26.0,22.8,1.10,6.0,0.425
2012-01-26,23.5,25.3,22.6,2.80,9.0,0.423
2012-01-27,23.7,25.5,22.6,2.60,13.0,0.422
2012-01-28,24.2,26.1,22.9,2.90,7.0,0.421
2012-01-29,24.0,26.3,22.6,8.20,12.0,0.421
2012-01-30,23.8,25.6,21.6,4.00,9.0,0.427
2012-01-31,24.6,26.5,23.0,0.90,4.0,0.424
2012-02-01,24.1,25.9,22.7,5.10,15.0,0.423
2012-02-02,23.5,25.5,22.5,4.80,13.0,0.423
2012-02-03,23.7,25.2,22.5,6.90,11.0,0.426
2012-02-04,23.6,25.2,22.4,0.70,3.0,0.424
2012-02-05,23.0,24.4,22.2,23.90,12.0,0.423
2012-02-06,22.6,23.2,22.3,36.90,19.0,0.453
2012-02-07,23.8,26.1,22.8,8.60,11.0,0.462
2012-02-08,23.6,25.5,22.4,9.00,19.0,0.466
2012-02-09,23.7,25.3,22.2,7.30,9.0,0.468
2012-02-10,24.2,25.9,23.3,0.80,5.0,0.462
2012-02-11,22.7,23.2,22.0,33.70,24.0,0.470
2012-02-12,23.4,25.2,21.9,20.90,24.0,0.474
2012-02-13,24.3,26.7,22.6,6.90,9.0,0.472
2012-02-14,23.7,25.6,22.6,10.60,18.0,0.473
2012-02-15,23.2,24.5,22.4,27.20,23.0,0.476
2012-02-16,23.8,25.3,22.4,9.90,17.0,0.473
2012-02-17,24.1,26.0,22.9,11.80,16.0,0.472
2012-02-18,24.0,26.5,23.0,14.80,15.0,0.473
2012-02-19,23.7,26.0,22.3,10.30,13.0,0.472
2012-02-20,23.7,26.1,21.9,15.90,14.0,0.473
2012-02-21,24.4,26.7,23.1,1.20,3.0,0.469
2012-02-22,24.4,26.8,22.8,1.00,4.0,0.462
2012-02-23,24.6,26.8,22.6,0.30,2.0,0.454
2012-02-24,24.7,26.3,23.4,0.70,5.0,0.446
2012-02-25,24.7,26.8,22.7,1.90,2.0,0.439
2012-02-26,24.5,26.3,23.6,4.10,11.0,0.435
2012-02-27,24.5,26.1,22.9,4.20,8.0,0.433
2012-02-28,24.7,26.8,22.7,3.60,6.0,0.431
2012-02-29,24.9,26.7,23.1,2.90,10.0,0.427
2012-03-01,24.6,26.4,23.1,2.60,11.0,0.423
2012-03-02,24.9,26.9,22.9,0.60,2.0,0.419
2012-03-03,24.1,25.8,22.6,1.50,6.0,0.415
2012-03-04,23.9,25.7,22.6,6.20,19.0,0.414
2012-03-05,23.9,25.9,22.4,1.30,5.0,0.413
2012-03-06,24.4,26.3,22.8,0.90,6.0,0.409
2012-03-07,24.5,26.5,23.0,2.20,9.0,0.406
2012-03-08,24.1,26.4,21.7,0.90,4.0,0.402
2012-03-09,24.4,26.5,22.7,0.90,5.0,0.399
2012-03-10,24.5,26.2,23.3,2.00,9.0,0.395
2012-03-11,24.0,26.3,22.9,6.10,12.0,0.395
2012-03-12,24.3,26.1,22.8,0.10,1.0,0.396
2012-03-13,24.2,25.9,22.7,1.30,4.0,0.392
2012-03-14,24.0,26.2,22.2,2.30,7.0,0.390
2012-03-15,24.5,26.5,23.2,0.20,2.0,0.387
2012-03-16,24.0,26.3,22.8,1.80,7.0,0.384
2012-03-17,23.4,24.9,22.6,1.70,9.0,0.382
2012-03-18,23.1,24.8,21.5,20.30,13.0,0.385
2012-03-19,23.0,24.2,21.6,41.70,24.0,0.416
2012-03-20,22.9,23.5,22.2,67.00,18.0,0.453
2012-03-21,24.1,26.1,22.5,10.10,13.0,0.463
2012-03-22,24.1,27.0,22.5,9.70,14.0,0.466
2012-03-23,24.6,27.1,23.1,12.90,16.0,0.468
2012-03-24,24.4,27.1,22.7,8.10,10.0,0.469
2012-03-25,23.9,25.4,22.7,9.30,12.0,0.471
2012-03-26,24.1,26.3,22.6,9.30,13.0,0.473
2012-03-27,23.8,26.0,22.3,15.30,21.0,0.473
2012-03-28,23.9,26.1,22.6,6.50,14.0,0.468
2012-03-29,24.2,26.2,22.4,2.00,6.0,0.465
2012-03-30,24.6,26.8,22.7,5.40,12.0,0.460
2012-03-31,24.3,26.8,22.5,4.10,14.0,0.458
2012-04-01,24.9,26.9,23.5,2.20,10.0,0.456
2012-04-02,24.6,26.4,23.2,8.20,17.0,0.456
2012-04-03,24.9,27.0,23.2,2.40,10.0,0.453
2012-04-04,24.9,26.8,23.2,1.50,9.0,0.448
2012-04-05,24.9,26.8,23.6,1.60,7.0,0.443
2012-04-06,24.8,26.6,23.4,1.00,4.0,0.438
2012-04-07,24.8,27.0,23.2,1.50,7.0,0.433
2012-04-08,24.7,26.5,22.8,1.70,10.0,0.429
2012-04-09,24.6,26.4,23.1,13.80,15.0,0.426
2012-04-10,24.5,26.6,22.8,8.20,15.0,0.434
2012-04-11,25.0,27.1,23.4,4.60,11.0,0.433
2012-04-12,25.1,27.3,22.9,0.10,1.0,0.429
2012-04-13,25.3,27.2,23.9,1.60,11.0,0.424
2012-04-14,25.4,27.2,24.0,1.20,5.0,0.420
2012-04-15,25.1,27.4,23.5,1.30,5.0,0.416
2012-04-16,24.9,26.6,23.0,1.50,7.0,0.413
2012-04-17,25.0,27.3,23.4,0.00,0.0,0.408
2012-04-18,24.9,27.2,22.2,0.40,2.0,0.402
2012-04-19,25.5,27.4,23.8,0.30,2.0,0.397
2012-04-20,25.7,27.8,24.2,1.20,7.0,0.393
2012-04-21,25.1,27.2,23.5,8.90,14.0,0.393
2012-04-22,25.1,27.3,23.7,11.10,12.0,0.397
2012-04-23,24.6,26.4,23.5,16.30,22.0,0.406
2012-04-24,25.1,27.4,23.1,0.10,1.0,0.411
2012-04-25,25.7,28.1,24.0,0.00,0.0,0.406
2012-04-26,25.5,27.7,23.3,3.10,10.0,0.402
2012-04-27,25.7,27.7,24.0,0.60,3.0,0.399
2012-04-28,25.3,27.4,23.6,4.50,14.0,0.397
2012-04-29,25.5,27.3,24.2,0.80,5.0,0.396
2012-04-30,25.4,27.1,24.5,7.60,11.0,0.394
2012-05-01,25.1,27.0,23.8,16.10,14.0,0.400
2012-05-02,25.0,27.5,23.1,25.60,13.0,0.408
2012-05-03,25.3,27.8,23.2,4.80,5.0,0.415
2012-05-04,25.5,27.9,23.4,4.10,9.0,0.414
2012-05-05,25.7,27.7,23.5,1.10,5.0,0.411
2012-05-06,25.7,28.0,23.7,2.30,8.0,0.409
2012-05-07,25.8,28.0,23.6,0.40,1.0,0.405
2012-05-08,25.5,27.8,23.5,4.50,11.0,0.402
2012-05-09,25.1,27.7,23.4,22.70,16.0,0.405
2012-05-10,24.3,26.4,22.8,28.90,20.0,0.426
2012-05-11,24.6,26.8,22.7,17.10,15.0,0.440
2012-05-12,25.2,27.2,23.7,1.70,6.0,0.444
2012-05-13,25.5,27.5,24.3,1.90,5.0,0.442
2012-05-14,25.2,27.9,23.7,5.20,5.0,0.440
2012-05-15,25.3,27.2,23.6,3.00,7.0,0.439
2012-05-16,25.5,27.7,23.6,2.00,8.0,0.438
2012-05-17,25.3,27.1,23.9,5.30,8.0,0.436
2012-05-18,25.2,28.1,23.6,24.50,17.0,0.442
2012-05-19,25.2,27.2,23.8,5.10,12.0,0.451
2012-05-20,25.4,27.6,23.2,2.50,9.0,0.449
2012-05-21,25.1,28.2,23.4,15.70,9.0,0.450
2012-05-22,25.2,27.7,23.4,6.60,6.0,0.453
2012-05-23,25.2,27.5,23.6,6.30,8.0,0.455
2012-05-24,25.1,28.0,23.6,6.20,11.0,0.454
2012-05-25,25.3,27.8,23.9,4.20,4.0,0.453
2012-05-26,25.6,28.5,24.0,0.60,1.0,0.450
2012-05-27,25.6,27.8,23.6,6.30,8.0,0.446
2012-05-28,25.4,27.3,23.8,3.60,10.0,0.446
2012-05-29,25.0,27.6,23.6,15.70,15.0,0.447
2012-05-30,24.3,26.1,23.1,26.40,24.0,0.461
2012-05-31,24.8,26.4,23.6,6.50,13.0,0.467
2012-06-01,25.3,26.5,24.1,0.30,2.0,0.462
2012-06-02,25.2,26.1,24.4,0.20,2.0,0.457
2012-06-03,25.4,27.3,24.4,0.30,2.0,0.452
2012-06-04,25.4,27.5,24.4,6.70,5.0,0.449
2012-06-05,25.3,27.3,24.2,1.70,1.0,0.448
2012-06-06,25.4,27.5,24.3,2.40,3.0,0.446
2012-06-07,25.7,28.6,24.3,2.90,4.0,0.443
2012-06-08,25.7,28.5,23.5,2.90,2.0,0.440
2012-06-09,25.9,28.3,23.5,1.60,1.0,0.439
2012-06-10,25.5,28.1,23.9,3.10,4.0,0.436
2012-06-11,25.8,28.3,23.9,1.10,3.0,0.433
2012-06-12,25.3,27.7,23.9,4.00,4.0,0.431
2012-06-13,24.6,27.1,23.7,3.00,5.0,0.429
2012-06-14,25.2,27.2,23.4,0.00,0.0,0.426
2012-06-15,24.9,26.9,23.6,0.90,4.0,0.422
2012-06-16,24.1,24.6,23.6,5.10,14.0,0.421
2012-06-17,25.0,27.1,23.4,1.20,4.0,0.421
2012-06-18,25.8,28.0,24.1,0.00,0.0,0.416
2012-06-19,25.9,28.2,24.1,0.00,0.0,0.411
2012-06-20,26.0,28.6,23.7,0.00,0.0,0.406
2012-06-21,25.9,28.3,23.6,0.30,1.0,0.401
2012-06-22,25.3,28.2,23.7,6.60,3.0,0.398
2012-06-23,25.0,27.5,23.1,3.10,3.0,0.398
2012-06-24,25.1,27.6,23.1,1.50,2.0,0.396
2012-06-25,24.3,26.3,22.9,9.80,11.0,0.398
2012-06-26,23.8,25.7,22.9,17.90,19.0,0.411
2012-06-27,24.3,26.1,23.1,0.70,3.0,0.415
2012-06-28,24.3,26.0,23.4,4.40,11.0,0.413
2012-06-29,24.4,26.1,23.3,4.60,10.0,0.413
2012-06-30,25.0,27.3,22.9,0.30,1.0,0.411
2012-07-01,24.5,26.4,22.8,10.70,11.0,0.410
2012-07-02,23.0,23.8,22.5,22.50,24.0,0.426
2012-07-03,24.5,26.5,23.0,2.50,2.0,0.434
2012-07-04,25.0,27.2,23.7,4.60,4.0,0.432
2012-07-05,24.3,27.0,22.5,11.40,12.0,0.434
2012-07-06,24.0,25.6,22.6,15.40,15.0,0.440
2012-07-07,24.1,26.2,22.5,7.40,15.0,0.449
2012-07-08,24.5,26.8,22.7,15.80,17.0,0.453
2012-07-09,24.7,27.3,23.2,2.10,5.0,0.456
2012-07-10,24.6,27.1,23.5,9.20,7.0,0.456
2012-07-11,24.9,27.0,23.1,1.00,2.0,0.457
2012-07-12,25.1,27.5,23.3,10.30,6.0,0.456
2012-07-13,24.8,27.4,23.1,13.70,17.0,0.461
2012-07-14,24.0,25.9,22.6,27.50,24.0,0.470
2012-07-15,25.3,27.7,23.1,1.50,3.0,0.465
2012-07-16,25.9,28.2,24.1,0.40,1.0,0.456
2012-07-17,25.5,27.9,23.4,1.50,4.0,0.450
2012-07-18,24.6,26.4,23.7,5.70,6.0,0.449
2012-07-19,24.5,26.7,23.3,3.90,10.0,0.448
2012-07-20,24.4,26.1,23.3,4.40,13.0,0.447
2012-07-21,24.6,26.3,23.6,3.60,6.0,0.445
2012-07-22,24.9,26.7,23.3,3.60,4.0,0.443
2012-07-23,24.9,27.1,23.9,0.90,1.0,0.441
2012-07-24,25.4,27.9,23.9,1.00,1.0,0.437
2012-07-25,24.8,26.5,23.9,5.00,11.0,0.434
2012-07-26,23.9,25.0,23.1,22.00,21.0,0.440
2012-07-27,23.4,24.2,22.9,21.10,24.0,0.458
2012-07-28,23.5,24.5,22.9,15.10,15.0,0.467
2012-07-29,24.3,25.9,23.1,2.40,10.0,0.470
2012-07-30,24.2,25.6,23.3,3.70,12.0,0.466
2012-07-31,24.6,26.1,23.6,1.80,9.0,0.462
2012-08-01,25.0,27.1,23.3,1.20,8.0,0.458
2012-08-02,25.6,27.4,24.4,0.20,2.0,0.452
2012-08-03,25.3,27.2,23.6,0.00,0.0,0.446
2012-08-04,25.3,26.7,24.3,0.70,4.0,0.441
2012-08-05,25.4,27.4,24.0,0.10,1.0,0.436
2012-08-06,24.9,26.8,23.6,2.10,3.0,0.432
2012-08-07,25.0,27.1,23.5,1.00,1.0,0.428
2012-08-08,25.3,27.4,23.6,0.60,2.0,0.424
2012-08-09,25.6,28.2,23.7,0.00,0.0,0.419
2012-08-10,25.3,28.0,23.2,0.50,2.0,0.413
2012-08-11,25.2,28.1,23.4,2.20,2.0,0.409
2012-08-12,25.3,27.8,23.7,0.00,0.0,0.405
2012-08-13,25.3,27.8,23.7,0.00,0.0,0.401
2012-08-14,24.8,26.8,23.5,0.70,2.0,0.397
2012-08-15,24.9,26.6,23.5,0.60,4.0,0.393
2012-08-16,25.6,28.0,23.7,0.00,0.0,0.389
2012-08-17,25.2,28.0,22.9,14.00,6.0,0.386
2012-08-18,24.5,27.3,22.6,17.70,19.0,0.400
2012-08-19,24.8,27.4,22.8,8.80,3.0,0.405
2012-08-20,25.2,27.8,24.0,6.30,2.0,0.406
2012-08-21,25.1,27.3,23.8,3.30,2.0,0.405
2012-08-22,25.0,27.1,23.7,3.40,3.0,0.402
2012-08-23,25.3,27.6,23.7,0.00,0.0,0.400
2012-08-24,25.2,28.0,23.7,0.00,0.0,0.395
2012-08-25,25.3,27.7,23.7,2.40,5.0,0.392
2012-08-26,25.3,27.6,23.6,2.50,4.0,0.389
2012-08-27,25.4,28.3,23.9,3.00,2.0,0.387
2012-08-28,25.3,28.0,23.5,2.90,4.0,0.386
2012-08-29,25.1,27.4,23.2,8.70,10.0,0.388
2012-08-30,25.0,27.3,23.4,10.70,15.0,0.391
2012-08-31,24.7,27.2,22.9,11.80,13.0,0.397
2012-09-01,24.0,26.4,22.8,19.80,18.0,0.410
2012-09-02,24.1,25.5,23.3,3.80,15.0,0.419
2012-09-03,24.8,27.1,23.4,0.10,1.0,0.417
2012-09-04,24.2,25.8,23.2,19.90,21.0,0.420
2012-09-05,24.7,27.6,22.9,5.60,7.0,0.432
2012-09-06,25.0,27.3,22.9,1.40,5.0,0.431
2012-09-07,24.5,26.9,23.1,9.80,15.0,0.430
2012-09-08,23.9,26.1,22.7,31.30,23.0,0.443
2012-09-09,24.8,27.2,22.8,3.70,10.0,0.452
2012-09-10,24.1,25.3,23.3,5.40,11.0,0.452
2012-09-11,24.1,25.8,23.1,4.80,17.0,0.455
2012-09-12,24.3,26.5,23.1,3.00,12.0,0.455
2012-09-13,24.0,25.3,23.1,2.80,9.0,0.453
2012-09-14,24.7,26.8,23.1,1.70,6.0,0.452
2012-09-15,24.8,26.3,23.5,0.70,4.0,0.448
2012-09-16,25.3,27.3,23.9,0.30,3.0,0.443
2012-09-17,25.1,27.2,23.9,3.90,2.0,0.440
2012-09-18,24.8,27.3,23.3,10.40,9.0,0.440
2012-09-19,23.7,25.4,22.8,13.30,20.0,0.449
2012-09-20,24.6,26.3,23.0,5.50,8.0,0.454
2012-09-21,24.7,26.5,23.2,4.20,7.0,0.453
2012-09-22,24.4,26.2,23.4,7.00,9.0,0.454
2012-09-23,24.2,25.6,23.3,1.60,7.0,0.456
2012-09-24,24.3,25.9,23.4,0.60,1.0,0.454
2012-09-25,24.5,25.9,23.6,1.10,3.0,0.451
2012-09-26,25.0,26.8,23.5,0.00,0.0,0.447
2012-09-27,24.8,26.3,23.9,0.40,4.0,0.443
2012-09-28,24.9,27.1,23.6,0.10,1.0,0.439
2012-09-29,25.2,27.5,23.5,0.00,0.0,0.434
2012-09-30,25.1,26.7,23.8,0.00,0.0,0.431
2012-10-01,25.0,27.6,23.3,0.00,0.0,0.427
2012-10-02,25.1,27.0,23.9,1.20,4.0,0.424
2012-10-03,24.6,26.8,23.3,5.50,12.0,0.422
2012-10-04,23.4,24.4,22.8,24.80,24.0,0.429
2012-10-05,23.7,24.9,22.9,24.60,18.0,0.454
2012-10-06,23.6,25.2,22.8,6.20,14.0,0.459
2012-10-07,23.9,25.9,22.4,5.70,9.0,0.462
2012-10-08,24.2,26.8,22.3,3.70,4.0,0.460
2012-10-09,24.4,27.0,22.8,1.50,2.0,0.457
2012-10-10,24.6,27.0,23.2,3.10,3.0,0.454
2012-10-11,24.7,26.7,23.2,0.40,3.0,0.451
2012-10-12,24.7,27.1,23.3,0.30,1.0,0.447
2012-10-13,24.8,27.2,23.4,0.20,1.0,0.442
2012-10-14,25.2,27.8,23.5,0.30,1.0,0.438
2012-10-15,25.0,27.3,22.5,0.90,4.0,0.434
2012-10-16,24.9,27.6,23.1,1.40,3.0,0.431
2012-10-17,24.8,27.3,22.8,2.30,6.0,0.428
2012-10-18,24.5,27.2,23.0,12.20,15.0,0.432
2012-10-19,24.4,26.8,23.5,11.10,13.0,0.436
2012-10-20,24.1,25.9,23.2,11.90,17.0,0.445
2012-10-21,24.4,26.4,23.3,8.90,16.0,0.450
2012-10-22,24.6,26.7,23.3,2.90,7.0,0.452
2012-10-23,23.9,25.4,23.0,7.10,18.0,0.452
2012-10-24,23.4,24.6,22.5,19.70,22.0,0.462
2012-10-25,23.7,24.7,23.1,27.50,24.0,0.473
2012-10-26,24.8,27.1,22.7,2.70,3.0,0.467
2012-10-27,24.4,26.5,23.4,10.50,14.0,0.466
2012-10-28,24.4,26.2,22.7,5.40,14.0,0.466
2012-10-29,24.7,26.3,23.4,1.10,4.0,0.463
2012-10-30,24.8,26.6,23.4,0.30,2.0,0.457
2012-10-31,25.1,26.9,23.8,1.10,4.0,0.452
2012-11-01,25.1,26.8,23.6,1.20,6.0,0.448
2012-11-02,25.1,27.1,23.2,1.00,3.0,0.444
2012-11-03,24.8,26.5,23.6,3.90,11.0,0.442
2012-11-04,25.1,26.8,23.6,1.00,6.0,0.440
2012-11-05,24.7,26.7,22.9,1.60,7.0,0.436
2012-11-06,24.7,26.5,23.4,6.00,11.0,0.434
2012-11-07,24.4,26.5,23.0,25.20,14.0,0.438
2012-11-08,24.0,25.4,23.0,11.70,14.0,0.453
2012-11-09,25.1,26.8,23.9,0.20,2.0,0.454
2012-11-10,25.3,27.4,23.9,1.30,4.0,0.450
2012-11-11,24.0,24.6,23.5,24.90,22.0,0.455
2012-11-12,23.8,24.9,22.9,12.80,20.0,0.469
2012-11-13,24.6,26.9,23.2,13.50,19.0,0.471
2012-11-14,24.9,26.7,23.1,4.30,12.0,0.472
2012-11-15,24.8,26.8,23.6,15.40,14.0,0.469
2012-11-16,24.8,26.8,23.4,0.40,4.0,0.469
2012-11-17,24.9,26.7,22.9,1.30,8.0,0.464
2012-11-18,25.1,26.7,24.0,2.00,9.0,0.460
2012-11-19,24.9,26.7,23.5,6.80,11.0,0.458
2012-11-20,24.1,25.9,22.8,16.40,18.0,0.467
2012-11-21,24.9,26.6,23.7,1.70,8.0,0.464
2012-11-22,24.6,26.5,23.1,1.40,3.0,0.461
2012-11-23,24.9,26.4,23.8,0.40,3.0,0.456
2012-11-24,25.0,26.4,24.1,0.70,4.0,0.452
2012-11-25,24.9,26.6,23.4,1.00,4.0,0.448
2012-11-26,24.8,26.7,23.4,1.80,9.0,0.444
2012-11-27,24.9,26.6,23.6,0.00,0.0,0.440
2012-11-28,24.7,26.4,23.5,0.70,5.0,0.435
2012-11-29,24.5,26.1,23.2,0.10,1.0,0.430
2012-11-30,24.6,26.1,23.6,0.40,3.0,0.425
2012-12-01,24.7,26.3,23.6,0.90,6.0,0.421
2012-12-02,24.9,26.7,22.8,0.40,3.0,0.417
2012-12-03,25.0,26.8,23.9,0.90,5.0,0.413
2012-12-04,24.1,24.5,23.5,25.80,19.0,0.421
2012-12-05,25.1,26.9,23.8,2.10,8.0,0.431
2012-12-06,25.2,27.1,23.6,0.40,2.0,0.428
2012-12-07,24.5,26.2,22.7,5.40,9.0,0.429
2012-12-08,25.0,26.8,23.2,1.70,6.0,0.427
2012-12-09,24.6,26.9,22.2,3.50,7.0,0.427
2012-12-10,24.7,27.0,22.7,1.80,3.0,0.424
2012-12-11,24.4,26.1,22.9,6.60,13.0,0.423
2012-12-12,24.7,26.4,23.2,2.30,11.0,0.425
2012-12-13,24.4,26.4,23.1,3.00,10.0,0.424
2012-12-14,24.8,26.3,23.8,2.70,11.0,0.423
2012-12-15,24.6,25.8,23.6,3.10,8.0,0.422
2012-12-16,25.0,26.9,23.5,0.50,4.0,0.420
2012-12-17,24.8,26.4,23.8,0.90,6.0,0.417
2012-12-18,24.6,26.1,23.8,3.50,7.0,0.415
2012-12-19,24.2,25.8,22.8,4.60,11.0,0.417
2012-12-20,24.1,25.9,23.0,2.30,9.0,0.416
2012-12-21,24.3,26.2,22.8,1.20,6.0,0.414
2012-12-22,24.6,25.9,23.1,1.90,7.0,0.412
2012-12-23,24.2,25.7,23.0,0.70,3.0,0.409
2012-12-24,24.1,25.2,22.7,2.10,7.0,0.406
2012-12-25,24.1,25.8,23.5,9.60,11.0,0.406
2012-12-26,23.6,24.8,22.9,15.30,24.0,0.421
2012-12-27,24.2,26.2,23.1,4.70,10.0,0.430
2012-12-28,24.7,26.6,23.2,0.50,4.0,0.427
2012-12-29,24.8,26.8,23.6,0.60,4.0,0.424
2012-12-30,24.5,26.1,23.1,0.90,6.0,0.422
2012-12-31,24.3,26.1,23.2,0.60,3.0,0.420
2013-01-01,24.6,26.4,23.2,0.30,2.0,0.417
2013-01-02,24.5,26.5,23.0,3.70,11.0,0.414
2013-01-03,23.9,25.3,23.1,17.60,22.0,0.423
2013-01-04,23.9,25.6,22.9,23.50,16.0,0.443
2013-01-05,24.4,26.3,23.1,1.60,7.0,0.445
2013-01-06,24.0,25.7,22.8,2.30,8.0,0.442
2013-01-07,24.1,25.7,22.9,1.70,6.0,0.441
2013-01-08,23.6,25.2,22.7,5.20,12.0,0.442
2013-01-09,23.8,25.5,22.5,1.70,6.0,0.441
2013-01-10,23.7,25.3,22.3,22.00,16.0,0.442
2013-01-11,23.0,24.7,22.1,24.00,21.0,0.464
2013-01-12,24.2,26.4,22.2,0.40,3.0,0.465
2013-01-13,24.5,26.9,23.0,4.00,5.0,0.460
2013-01-14,24.1,25.8,22.9,19.00,14.0,0.460
2013-01-15,23.0,23.4,22.7,62.80,18.0,0.473
2013-01-16,23.1,24.3,22.4,3.50,10.0,0.466
2013-01-17,23.0,23.6,22.6,18.10,14.0,0.464
2013-01-18,23.0,24.0,22.3,32.10,15.0,0.477
2013-01-19,23.3,23.9,22.7,0.30,3.0,0.472
2013-01-20,23.4,24.9,22.4,0.00,0.0,0.465
2013-01-21,23.5,25.0,22.4,1.00,6.0,0.459
2013-01-22,23.5,25.2,22.4,0.40,3.0,0.454
2013-01-23,23.2,24.1,22.4,0.20,1.0,0.449
2013-01-24,22.3,23.0,21.8,48.50,22.0,0.460
2013-01-25,22.9,23.9,22.1,36.80,17.0,0.478
2013-01-26,23.1,25.2,22.2,5.70,12.0,0.474
2013-01-27,23.2,25.3,21.9,2.10,9.0,0.471
2013-01-28,23.0,24.4,22.0,8.20,17.0,0.470
2013-01-29,23.6,25.6,22.4,3.30,8.0,0.466
2013-01-30,23.0,24.5,22.4,16.70,20.0,0.466
2013-01-31,23.7,25.4,22.5,1.80,6.0,0.467
2013-02-01,23.7,25.6,22.7,9.10,12.0,0.462
2013-02-02,23.9,25.3,22.4,0.40,3.0,0.458
2013-02-03,23.8,25.1,22.9,1.20,5.0,0.452
2013-02-04,23.8,25.9,22.1,1.40,9.0,0.446
2013-02-05,24.0,25.8,22.9,0.90,5.0,0.441
2013-02-06,24.3,26.1,23.0,1.70,9.0,0.436
2013-02-07,24.2,26.2,22.3,3.70,7.0,0.432
2013-02-08,24.2,26.0,22.6,2.40,9.0,0.430
2013-02-09,24.0,26.0,22.8,2.30,9.0,0.427
2013-02-10,23.9,25.6,22.7,0.80,3.0,0.424
2013-02-11,24.1,25.8,22.9,2.40,5.0,0.420
2013-02-12,24.1,26.1,23.0,2.50,5.0,0.417
2013-02-13,24.1,25.6,22.9,0.60,3.0,0.415
2013-02-14,24.6,26.8,23.0,0.50,4.0,0.412
2013-02-15,23.4,24.2,22.7,17.20,11.0,0.415
2013-02-16,23.9,25.5,22.8,1.60,8.0,0.420
2013-02-17,24.0,25.9,22.5,0.00,0.0,0.415
2013-02-18,23.6,25.2,22.6,4.30,10.0,0.412
2013-02-19,23.1,23.9,22.5,58.40,23.0,0.427
2013-02-20,23.5,24.7,22.6,21.10,21.0,0.457
2013-02-21,23.6,25.4,22.3,15.80,23.0,0.468
2013-02-22,24.1,26.0,22.9,2.90,15.0,0.468
2013-02-23,24.0,25.8,22.6,2.00,9.0,0.464
2013-02-24,24.3,26.0,22.9,1.00,5.0,0.459
2013-02-25,24.2,26.2,23.0,1.00,4.0,0.454
2013-02-26,23.9,25.9,22.7,2.20,5.0,0.450
2013-02-27,24.3,26.2,22.9,0.70,5.0,0.447
2013-02-28,24.2,25.9,23.0,1.50,6.0,0.442
2013-03-01,24.3,26.3,22.8,0.40,3.0,0.437
2013-03-02,24.7,26.4,23.3,1.30,8.0,0.432
2013-03-03,24.3,26.0,23.0,0.70,4.0,0.427
2013-03-04,24.0,25.7,23.0,0.80,5.0,0.422
2013-03-05,23.8,25.4,22.4,0.00,0.0,0.418
2013-03-06,24.0,25.7,23.0,0.40,2.0,0.413
2013-03-07,24.1,25.8,23.0,0.90,5.0,0.410
2013-03-08,23.7,25.3,22.5,6.50,15.0,0.411
2013-03-09,24.1,25.7,23.1,12.30,15.0,0.415
2013-03-10,24.5,27.1,22.8,3.90,9.0,0.418
2013-03-11,24.8,27.1,22.6,0.00,0.0,0.415
2013-03-12,24.4,26.5,23.0,6.90,12.0,0.415
2013-03-13,24.7,26.9,22.7,0.20,1.0,0.413
2013-03-14,24.6,26.6,22.9,0.90,3.0,0.409
2013-03-15,24.6,26.4,23.0,0.40,3.0,0.405
2013-03-16,24.4,26.1,23.1,0.00,0.0,0.401
2013-03-17,24.7,26.4,23.3,1.00,6.0,0.397
2013-03-18,24.4,26.7,22.5,2.00,4.0,0.394
2013-03-19,24.6,26.7,22.5,1.10,4.0,0.392
2013-03-20,24.7,26.7,23.3,0.00,0.0,0.388
2013-03-21,24.6,26.5,23.2,3.30,7.0,0.386
2013-03-22,25.2,27.3,23.3,2.10,11.0,0.384
2013-03-23,25.2,27.3,23.5,0.80,5.0,0.382
2013-03-24,25.2,27.2,23.9,0.80,6.0,0.379
2013-03-25,25.1,26.9,23.2,3.70,5.0,0.378
2013-03-26,25.1,27.2,23.3,1.30,4.0,0.375
2013-03-27,24.6,26.3,23.4,8.90,16.0,0.377
2013-03-28,25.5,27.3,24.2,0.00,0.0,0.377
2013-03-29,25.2,27.1,23.0,0.60,4.0,0.373
2013-03-30,25.5,27.7,23.8,0.20,1.0,0.370
2013-03-31,25.5,27.4,23.4,0.70,5.0,0.367
2013-04-01,25.7,27.6,24.3,1.70,8.0,0.364
2013-04-02,25.4,27.5,23.8,0.90,5.0,0.362
2013-04-03,25.6,27.7,24.0,0.60,4.0,0.358
2013-04-04,25.7,27.9,24.5,3.10,6.0,0.356
2013-04-05,25.6,27.6,24.1,2.50,9.0,0.356
2013-04-06,25.9,28.7,23.7,3.50,4.0,0.357
2013-04-07,25.8,27.9,23.9,2.50,7.0,0.358
2013-04-08,25.9,27.9,24.5,2.30,11.0,0.357
2013-04-09,25.5,27.3,23.9,2.60,10.0,0.355
2013-04-10,25.4,27.8,23.2,1.00,6.0,0.354
2013-04-11,25.5,27.5,23.8,0.60,3.0,0.351
2013-04-12,25.5,27.7,23.9,1.90,9.0,0.348
2013-04-13,25.3,27.5,23.6,1.80,9.0,0.347
2013-04-14,25.8,27.7,24.2,0.00,0.0,0.344
2013-04-15,25.8,28.1,23.3,0.40,1.0,0.340
2013-04-16,25.8,28.0,23.7,3.00,13.0,0.338
2013-04-17,25.9,27.9,23.7,1.20,7.0,0.337
2013-04-18,26.1,28.2,24.3,0.40,3.0,0.334
2013-04-19,26.2,28.2,24.5,0.60,4.0,0.331
2013-04-20,24.7,27.3,23.1,18.20,15.0,0.333
2013-04-21,24.9,27.4,23.1,8.50,13.0,0.344
2013-04-22,25.6,27.9,23.6,1.20,5.0,0.346
2013-04-23,26.1,28.1,24.4,0.00,0.0,0.343
2013-04-24,25.9,27.8,24.3,1.70,7.0,0.340
2013-04-25,25.8,27.8,24.5,2.10,12.0,0.338
2013-04-26,25.6,27.9,24.1,8.40,13.0,0.337
2013-04-27,25.5,27.6,23.2,5.20,10.0,0.342
2013-04-28,26.1,28.0,24.7,0.60,3.0,0.341
2013-04-29,26.2,28.4,24.4,0.20,2.0,0.337
2013-04-30,26.1,28.5,23.2,0.40,1.0,0.333
2013-05-01,26.3,28.4,24.3,2.30,8.0,0.331
2013-05-02,26.0,28.4,23.9,2.00,8.0,0.329
2013-05-03,26.4,28.7,24.5,1.00,5.0,0.327
2013-05-04,26.7,29.1,25.0,0.20,2.0,0.324
2013-05-05,26.3,28.2,24.7,0.00,0.0,0.320
2013-05-06,26.7,28.8,24.6,1.60,3.0,0.317
2013-05-07,25.5,27.9,24.0,15.10,16.0,0.322
2013-05-08,25.4,27.4,24.1,29.50,21.0,0.335
2013-05-09,25.6,27.7,24.2,9.30,17.0,0.348
2013-05-10,25.8,27.6,24.0,2.20,7.0,0.349
2013-05-11,25.8,28.2,24.0,7.50,5.0,0.347
2013-05-12,25.5,27.4,23.9,10.70,8.0,0.354
2013-05-13,25.3,27.4,23.6,47.70,18.0,0.364
2013-05-14,24.9,27.4,23.3,15.60,20.0,0.393
2013-05-15,25.7,27.9,24.0,12.30,13.0,0.400
2013-05-16,26.2,28.4,24.5,3.40,10.0,0.403
2013-05-17,25.9,28.2,23.6,8.30,11.0,0.405
2013-05-18,26.0,28.2,23.8,2.40,11.0,0.405
2013-05-19,26.3,29.0,24.5,4.20,4.0,0.402
2013-05-20,25.6,27.6,24.1,6.10,8.0,0.406
2013-05-21,26.2,28.4,24.1,4.80,5.0,0.405
2013-05-22,26.2,28.5,24.2,0.20,2.0,0.405
2013-05-23,26.0,27.9,24.4,7.10,14.0,0.404
2013-05-24,25.6,27.7,23.7,5.70,14.0,0.405
2013-05-25,25.7,27.9,23.9,3.20,11.0,0.406
2013-05-26,25.9,28.0,24.0,1.30,5.0,0.403
2013-05-27,26.0,28.0,23.4,0.70,2.0,0.399
2013-05-28,25.3,27.4,23.3,2.00,11.0,0.397
2013-05-29,25.4,27.4,23.9,20.20,15.0,0.399
2013-05-30,24.7,27.4,23.4,7.90,11.0,0.411
2013-05-31,24.9,27.5,23.6,15.80,11.0,0.416
2013-06-01,25.4,27.5,23.6,1.60,3.0,0.421
2013-06-02,25.5,28.3,23.7,2.90,7.0,0.420
2013-06-03,25.8,27.7,23.8,1.20,5.0,0.418
2013-06-04,25.9,28.0,24.4,6.10,10.0,0.416
2013-06-05,24.9,26.4,23.4,21.00,21.0,0.424
2013-06-06,25.3,27.8,23.4,8.70,11.0,0.433
2013-06-07,25.3,27.8,23.8,26.20,17.0,0.440
2013-06-08,24.7,25.9,23.7,15.50,22.0,0.458
2013-06-09,25.7,28.1,24.5,4.00,4.0,0.458
2013-06-10,25.7,28.1,24.5,1.70,2.0,0.454
2013-06-11,25.4,27.4,24.3,5.00,6.0,0.452
2013-06-12,25.3,27.7,23.4,9.80,17.0,0.457
2013-06-13,24.3,26.0,23.0,17.30,19.0,0.465
2013-06-14,25.1,27.2,23.6,7.60,12.0,0.469
2013-06-15,24.3,25.5,22.9,16.90,19.0,0.474
2013-06-16,24.4,26.5,23.3,18.00,12.0,0.468
2013-06-17,24.5,25.7,23.2,6.90,18.0,0.472
2013-06-18,25.0,27.2,23.9,7.50,8.0,0.469
2013-06-19,25.3,27.7,24.0,6.10,4.0,0.466
2013-06-20,25.8,27.9,24.2,3.20,6.0,0.464
2013-06-21,25.4,27.4,23.7,4.30,4.0,0.463
2013-06-22,25.3,27.2,23.3,6.50,3.0,0.463
2013-06-23,25.3,27.2,23.9,8.30,11.0,0.461
2013-06-24,25.1,27.5,23.5,10.00,15.0,0.464
2013-06-25,24.9,26.8,23.4,8.70,15.0,0.464
2013-06-26,25.2,27.7,23.5,1.60,8.0,0.463
2013-06-27,24.9,27.1,23.2,7.70,5.0,0.461
2013-06-28,24.3,26.0,23.1,11.50,13.0,0.465
2013-06-29,23.6,24.2,22.9,28.00,20.0,0.472
2013-06-30,24.7,26.1,23.5,1.30,4.0,0.467
2013-07-01,25.6,28.0,23.6,0.00,0.0,0.460
2013-07-02,24.7,26.5,23.4,21.50,20.0,0.460
2013-07-03,24.5,26.5,22.9,10.20,17.0,0.467
2013-07-04,24.9,27.7,23.6,15.30,13.0,0.468
2013-07-05,24.7,26.5,23.2,5.20,14.0,0.471
2013-07-06,25.0,26.8,23.8,6.30,15.0,0.468
2013-07-07,24.4,26.3,23.0,11.30,20.0,0.471
2013-07-08,25.0,26.8,23.2,5.10,11.0,0.469
2013-07-09,25.1,27.6,23.3,7.70,13.0,0.467
2013-07-10,25.0,27.8,23.4,1.90,5.0,0.464
2013-07-11,24.9,26.7,23.6,2.50,8.0,0.461
2013-07-12,24.9,27.1,23.1,9.40,9.0,0.461
2013-07-13,24.8,26.4,23.5,2.50,6.0,0.459
2013-07-14,24.8,27.1,22.4,9.50,12.0,0.459
2013-07-15,24.2,26.8,22.9,9.80,14.0,0.462
2013-07-16,24.2,25.6,23.1,11.60,13.0,0.466
2013-07-17,24.8,27.0,23.5,5.90,6.0,0.466
2013-07-18,25.5,27.8,23.7,0.10,1.0,0.463
2013-07-19,24.5,27.0,22.6,14.90,14.0,0.460
2013-07-20,24.5,26.9,22.7,40.10,15.0,0.467
2013-07-21,23.7,26.0,22.6,34.30,22.0,0.474
2013-07-22,23.8,26.0,22.5,12.80,21.0,0.471
2013-07-23,24.0,25.3,23.1,14.80,13.0,0.474
2013-07-24,25.2,27.2,22.8,5.20,5.0,0.470
2013-07-25,25.6,27.8,23.7,5.10,7.0,0.465
2013-07-26,24.2,26.6,22.9,31.50,19.0,0.467
2013-07-27,23.7,26.1,22.5,29.90,24.0,0.475
2013-07-28,23.8,25.5,22.7,18.50,23.0,0.476
2013-07-29,24.3,25.7,23.3,1.90,7.0,0.470
2013-07-30,23.9,24.7,23.3,7.50,11.0,0.462
2013-07-31,24.0,25.3,23.0,10.80,17.0,0.464
2013-08-01,24.8,26.2,23.4,4.20,12.0,0.460
2013-08-02,25.2,27.7,23.3,4.60,6.0,0.455
2013-08-03,23.7,24.9,22.7,37.30,20.0,0.458
2013-08-04,23.7,25.7,22.4,60.00,24.0,0.476
2013-08-05,24.4,26.1,22.7,3.80,10.0,0.448
2013-08-06,24.8,26.9,23.4,1.90,5.0,0.436
2013-08-07,24.3,26.4,23.0,13.60,18.0,0.433
2013-08-08,23.7,25.1,22.6,27.30,20.0,0.441
2013-08-09,24.4,26.7,22.6,11.00,14.0,0.453
2013-08-10,24.8,27.2,23.6,3.50,5.0,0.448
2013-08-11,24.4,25.8,23.6,5.10,5.0,0.445
2013-08-12,24.5,26.1,23.5,1.20,4.0,0.441
2013-08-13,23.8,25.0,22.5,13.60,15.0,0.445
2013-08-14,25.0,27.2,22.8,0.20,1.0,0.444
2013-08-15,25.6,27.9,23.3,4.80,5.0,0.438
2013-08-16,24.9,27.9,23.5,6.70,8.0,0.438
2013-08-17,25.0,27.7,23.6,3.20,1.0,0.436
2013-08-18,25.1,27.5,23.7,4.80,2.0,0.433
2013-08-19,25.0,26.8,23.6,0.70,3.0,0.429
2013-08-20,25.1,27.2,24.0,2.50,3.0,0.424
2013-08-21,25.0,26.7,23.6,0.30,2.0,0.420
2013-08-22,25.0,27.2,23.9,5.40,3.0,0.416
2013-08-23,24.7,27.0,23.1,7.40,10.0,0.415
2013-08-24,23.0,23.6,22.4,34.10,24.0,0.431
2013-08-25,23.3,24.1,22.8,9.70,24.0,0.447
2013-08-26,24.1,26.0,22.6,2.70,9.0,0.449
2013-08-27,25.4,27.9,23.7,0.00,0.0,0.445
2013-08-28,25.6,28.2,23.9,3.30,8.0,0.439
2013-08-29,24.8,27.4,23.0,15.30,10.0,0.438
2013-08-30,25.0,26.9,23.2,4.60,10.0,0.442
2013-08-31,25.1,27.4,22.9,2.80,10.0,0.441
2013-09-01,25.3,27.5,23.1,1.70,7.0,0.438
2013-09-02,25.6,27.6,23.3,2.40,11.0,0.435
2013-09-03,25.0,27.6,23.3,8.00,7.0,0.432
2013-09-04,24.5,27.0,22.7,10.80,10.0,0.436
2013-09-05,24.6,26.5,22.9,6.60,16.0,0.439
2013-09-06,24.5,27.0,22.7,28.70,15.0,0.442
2013-09-07,24.2,26.5,22.8,19.50,17.0,0.455
2013-09-08,24.5,27.0,22.8,13.90,10.0,0.463
2013-09-09,24.7,26.9,22.6,3.20,13.0,0.465
2013-09-10,25.5,27.8,23.8,2.80,4.0,0.460
2013-09-11,24.7,27.1,22.6,11.70,7.0,0.458
2013-09-12,24.5,26.9,23.0,3.80,7.0,0.464
2013-09-13,25.4,27.7,23.7,0.00,0.0,0.460
2013-09-14,25.5,27.9,24.1,2.30,3.0,0.455
2013-09-15,25.5,27.6,23.9,0.00,0.0,0.451
2013-09-16,25.3,27.9,24.1,1.10,3.0,0.445
2013-09-17,24.6,26.0,23.8,3.90,10.0,0.443
2013-09-18,25.2,27.4,23.7,5.00,7.0,0.442
2013-09-19,24.7,26.6,23.9,3.10,8.0,0.441
2013-09-20,25.1,26.8,24.0,4.90,10.0,0.440
2013-09-21,25.2,26.6,24.3,1.50,7.0,0.437
2013-09-22,25.1,27.0,24.0,0.00,0.0,0.433
2013-09-23,25.2,27.4,24.0,0.90,6.0,0.430
2013-09-24,24.9,26.3,24.1,1.00,6.0,0.427
2013-09-25,25.1,27.0,23.8,3.80,9.0,0.426
2013-09-26,25.2,27.3,23.9,0.80,1.0,0.423
2013-09-27,25.4,27.4,23.9,0.00,0.0,0.419
2013-09-28,24.9,27.3,23.6,4.70,6.0,0.415
2013-09-29,24.5,26.8,23.1,6.10,10.0,0.418
2013-09-30,24.4,26.0,23.5,3.60,9.0,0.418
2013-10-01,23.9,25.1,23.1,7.10,16.0,0.421
2013-10-02,25.1,27.7,23.4,1.70,4.0,0.421
2013-10-03,24.6,27.2,23.3,1.50,5.0,0.417
2013-10-04,24.6,26.8,23.5,1.60,4.0,0.414
2013-10-05,24.2,26.2,22.8,2.70,4.0,0.412
2013-10-06,23.8,25.6,22.6,8.80,10.0,0.414
2013-10-07,24.2,26.2,23.1,1.00,6.0,0.415
2013-10-08,23.9,26.0,22.9,9.80,14.0,0.415
2013-10-09,24.4,26.9,22.8,1.20,4.0,0.417
2013-10-10,24.6,26.6,23.4,0.00,0.0,0.414
2013-10-11,24.9,27.3,23.6,0.10,1.0,0.410
2013-10-12,24.8,26.8,23.5,0.30,1.0,0.405
2013-10-13,24.8,26.8,23.7,7.70,4.0,0.403
2013-10-14,24.7,27.2,23.4,4.10,10.0,0.405
2013-10-15,25.0,27.3,23.5,1.40,1.0,0.403
2013-10-16,24.0,25.7,22.7,13.10,9.0,0.407
2013-10-17,23.8,25.9,22.4,23.40,23.0,0.420
2013-10-18,24.8,26.5,23.0,1.90,7.0,0.425
2013-10-19,24.5,26.3,23.4,7.20,10.0,0.424
2013-10-20,24.8,27.1,23.0,1.30,4.0,0.426
2013-10-21,24.2,26.0,22.7,20.00,13.0,0.432
2013-10-22,24.1,25.8,22.8,1.40,5.0,0.432
2013-10-23,24.1,26.1,22.3,0.80,3.0,0.428
2013-10-24,24.4,26.5,22.6,1.10,2.0,0.425
2013-10-25,24.4,26.9,22.8,2.80,6.0,0.423
2013-10-26,23.8,26.1,22.2,10.20,12.0,0.423
2013-10-27,24.0,25.9,22.8,8.40,13.0,0.428
2013-10-28,24.2,26.4,22.5,11.20,18.0,0.437
2013-10-29,24.0,24.9,22.8,9.50,11.0,0.444
2013-10-30,24.5,26.4,22.5,0.10,1.0,0.441
2013-10-31,24.6,26.9,21.5,0.00,0.0,0.437
2013-11-01,24.4,26.8,22.5,0.80,5.0,0.432
2013-11-02,24.4,26.5,22.4,4.30,8.0,0.431
2013-11-03,24.6,26.7,23.0,16.10,10.0,0.432
2013-11-04,23.7,24.3,22.9,39.40,21.0,0.450
2013-11-05,24.5,26.8,22.6,7.20,10.0,0.462
2013-11-06,24.7,26.8,22.8,3.60,7.0,0.464
2013-11-07,23.9,25.0,23.2,13.30,19.0,0.466
2013-11-08,23.4,24.3,23.0,90.60,23.0,0.477
2013-11-09,25.0,26.8,23.7,1.40,8.0,0.469
2013-11-10,24.9,26.6,23.7,2.00,3.0,0.464
2013-11-11,24.9,26.7,23.4,2.30,8.0,0.459
2013-11-12,24.1,25.2,23.1,9.60,18.0,0.458
2013-11-13,24.6,26.7,23.3,5.10,9.0,0.460
2013-11-14,25.1,27.0,23.7,2.50,5.0,0.457
2013-11-15,25.0,26.8,23.6,1.00,4.0,0.454
2013-11-16,24.7,26.4,23.3,0.90,4.0,0.449
2013-11-17,24.6,26.0,23.4,1.30,5.0,0.444
2013-11-18,24.8,26.4,23.4,0.90,3.0,0.440
2013-11-19,24.5,26.4,23.4,4.00,9.0,0.436
2013-11-20,24.0,26.0,22.9,4.10,10.0,0.436
2013-11-21,24.0,26.2,22.8,7.40,13.0,0.437
2013-11-22,23.9,25.6,23.0,21.30,17.0,0.442
2013-11-23,23.8,24.8,22.5,12.80,12.0,0.458
2013-11-24,24.7,26.6,22.8,1.20,6.0,0.458
2013-11-25,24.7,26.6,22.9,3.30,7.0,0.454
2013-11-26,24.2,26.2,22.7,10.70,15.0,0.456
2013-11-27,24.9,26.6,23.6,0.60,3.0,0.455
2013-11-28,24.2,26.0,22.8,15.40,16.0,0.455
2013-11-29,24.4,26.5,22.9,10.10,9.0,0.461
2013-11-30,24.3,26.2,22.8,1.90,8.0,0.459
2013-12-01,24.7,26.4,23.2,2.40,9.0,0.456
2013-12-02,24.7,26.4,23.7,1.30,6.0,0.452
2013-12-03,25.0,26.9,23.5,0.50,3.0,0.449
2013-12-04,24.9,26.7,23.3,0.90,3.0,0.444
2013-12-05,24.2,25.7,23.1,9.00,18.0,0.443
2013-12-06,24.1,26.1,22.9,1.60,10.0,0.447
2013-12-07,24.7,26.4,23.2,3.00,10.0,0.446
2013-12-08,25.0,27.1,23.6,3.40,12.0,0.444
2013-12-09,24.9,26.9,23.4,3.10,12.0,0.443
2013-12-10,24.6,26.4,23.7,8.10,15.0,0.443
2013-12-11,24.3,25.3,23.4,12.50,20.0,0.448
2013-12-12,24.9,26.9,23.5,3.60,10.0,0.448
2013-12-13,25.2,26.9,23.8,0.60,3.0,0.446
2013-12-14,24.9,26.6,23.9,1.30,4.0,0.442
2013-12-15,24.9,26.6,23.6,2.30,9.0,0.439
2013-12-16,24.3,26.0,23.8,15.60,9.0,0.439
2013-12-17,24.6,26.1,23.0,4.00,12.0,0.442
2013-12-18,24.6,26.9,22.7,2.40,6.0,0.442
2013-12-19,24.3,26.2,22.9,10.10,12.0,0.443
2013-12-20,24.6,26.4,23.2,6.70,16.0,0.446
2013-12-21,24.4,25.7,23.2,3.00,14.0,0.446
2013-12-22,23.9,25.5,23.0,9.70,13.0,0.448
2013-12-23,24.3,26.1,23.3,15.50,16.0,0.452
2013-12-24,24.1,25.7,23.2,13.00,19.0,0.460
2013-12-25,24.4,25.9,23.3,6.80,12.0,0.464
2013-12-26,24.8,26.7,23.6,1.00,5.0,0.463
2013-12-27,24.8,26.6,23.5,1.70,8.0,0.459
2013-12-28,24.5,26.6,23.2,3.90,8.0,0.458
2013-12-29,24.4,26.3,23.4,8.20,14.0,0.457
2013-12-30,24.2,26.0,23.4,5.10,10.0,0.462
2013-12-31,24.2,25.9,23.1,5.50,13.0,0.464
2014-01-01,23.9,25.5,22.8,17.30,19.0,0.467
2014-01-02,23.8,25.7,22.9,3.90,12.0,0.472
2014-01-03,23.9,25.9,22.9,9.90,15.0,0.472
2014-01-04,24.3,26.0,23.1,1.80,7.0,0.468
2014-01-05,23.8,25.4,23.0,11.70,11.0,0.467
2014-01-06,24.2,25.9,23.1,2.60,7.0,0.467
2014-01-07,23.9,25.8,22.6,4.70,14.0,0.466
2014-01-08,23.7,25.4,22.9,6.60,12.0,0.464
2014-01-09,23.4,24.7,22.5,4.60,13.0,0.467
2014-01-10,23.4,24.4,22.5,1.20,6.0,0.463
2014-01-11,22.4,23.0,22.1,38.90,24.0,0.470
2014-01-12,22.5,22.7,22.1,55.80,24.0,0.476
2014-01-13,22.7,24.0,22.0,40.10,24.0,0.459
2014-01-14,22.6,23.2,21.9,49.60,24.0,0.475
2014-01-15,22.8,23.9,22.3,2.70,9.0,0.445
2014-01-16,21.6,22.2,21.2,5.50,14.0,0.438
2014-01-17,21.8,22.2,21.3,11.10,20.0,0.441
2014-01-18,21.3,21.9,21.0,37.30,24.0,0.452
2014-01-19,21.6,21.9,21.3,2.30,15.0,0.454
2014-01-20,21.6,21.9,21.3,28.40,19.0,0.456
2014-01-21,22.2,23.0,21.4,6.60,19.0,0.463
2014-01-22,22.7,23.8,21.9,0.90,3.0,0.458
2014-01-23,22.1,22.9,21.4,0.70,3.0,0.452
2014-01-24,21.7,22.8,21.0,1.40,7.0,0.447
2014-01-25,21.5,23.1,20.5,0.00,0.0,0.440
2014-01-26,21.5,22.6,20.5,0.70,4.0,0.434
2014-01-27,21.7,22.9,20.4,2.50,9.0,0.432
2014-01-28,22.0,23.5,21.1,1.80,9.0,0.427
2014-01-29,22.6,24.1,21.1,0.30,1.0,0.423
2014-01-30,22.6,24.0,21.5,0.10,1.0,0.418
2014-01-31,22.3,23.6,21.5,13.50,6.0,0.415
2014-02-01,22.9,25.3,20.7,66.40,9.0,0.448
2014-02-02,23.1,25.2,21.0,0.80,4.0,0.447
2014-02-03,23.5,25.9,21.2,0.00,0.0,0.442
2014-02-04,23.9,26.2,21.6,0.10,1.0,0.438
2014-02-05,23.9,25.9,22.2,2.20,9.0,0.433
2014-02-06,24.0,26.0,22.6,0.00,0.0,0.430
2014-02-07,23.5,25.2,22.5,4.40,11.0,0.426
2014-02-08,23.6,25.3,22.8,7.10,12.0,0.427
2014-02-09,23.5,24.9,22.7,11.70,11.0,0.430
2014-02-10,23.7,25.6,22.5,4.80,9.0,0.433
2014-02-11,23.6,25.8,22.1,2.30,9.0,0.433
2014-02-12,23.5,25.2,22.6,2.60,9.0,0.431
2014-02-13,22.8,24.6,21.2,4.00,11.0,0.430
2014-02-14,22.9,24.0,21.7,3.00,9.0,0.429
2014-02-15,23.1,24.5,22.3,0.20,2.0,0.426
2014-02-16,23.5,25.3,22.0,0.00,0.0,0.421
2014-02-17,23.3,24.6,22.2,1.20,6.0,0.416
2014-02-18,22.9,24.4,22.0,0.00,0.0,0.412
2014-02-19,22.9,24.7,21.8,0.00,0.0,0.407
2014-02-20,23.1,24.4,22.2,0.90,4.0,0.403
2014-02-21,23.2,25.1,21.9,0.10,1.0,0.398
2014-02-22,22.5,24.4,21.1,1.10,5.0,0.395
2014-02-23,23.0,24.8,21.6,1.70,8.0,0.393
2014-02-24,23.0,24.4,21.9,1.40,8.0,0.390
2014-02-25,23.2,25.5,21.6,0.70,5.0,0.386
2014-02-26,23.4,25.5,21.7,0.20,1.0,0.384
2014-02-27,23.9,25.9,22.5,1.90,9.0,0.380
2014-02-28,23.7,25.4,22.4,0.20,2.0,0.378
2014-03-01,23.8,26.2,22.0,0.00,0.0,0.374
2014-03-02,23.8,26.0,22.4,0.40,3.0,0.370
2014-03-03,23.7,25.8,22.3,0.70,4.0,0.368
2014-03-04,23.7,25.9,22.4,0.40,2.0,0.366
2014-03-05,23.6,25.5,22.3,0.10,1.0,0.362
2014-03-06,23.6,25.4,21.8,1.20,6.0,0.359
2014-03-07,23.8,25.8,22.2,0.00,0.0,0.356
2014-03-08,23.6,25.5,22.2,1.50,7.0,0.354
2014-03-09,23.7,25.8,22.3,0.30,2.0,0.351
2014-03-10,23.8,25.4,22.6,2.70,7.0,0.349
2014-03-11,24.2,26.9,22.5,0.90,3.0,0.347
2014-03-12,23.7,25.2,22.5,10.50,15.0,0.349
2014-03-13,24.1,26.1,22.3,6.80,13.0,0.356
2014-03-14,23.9,26.3,22.6,39.70,14.0,0.361
2014-03-15,23.8,25.8,22.4,4.60,6.0,0.402
2014-03-16,24.0,26.0,22.4,0.90,4.0,0.399
2014-03-17,23.9,25.5,22.6,1.00,4.0,0.396
2014-03-18,23.7,25.4,22.4,2.90,10.0,0.393
2014-03-19,23.8,25.5,23.0,0.60,5.0,0.392
2014-03-20,23.8,25.8,22.7,4.30,8.0,0.390
2014-03-21,23.7,25.4,22.6,14.60,22.0,0.396
2014-03-22,23.5,25.2,22.7,14.00,18.0,0.403
2014-03-23,23.4,25.1,22.3,26.80,24.0,0.419
2014-03-24,24.0,26.3,22.4,17.10,18.0,0.431
2014-03-25,24.2,26.5,23.0,7.50,10.0,0.437
2014-03-26,24.8,27.0,22.9,1.90,10.0,0.438
2014-03-27,24.7,26.6,23.1,3.40,9.0,0.436
2014-03-28,24.6,26.4,22.9,1.10,4.0,0.434
2014-03-29,24.6,26.7,23.4,5.20,13.0,0.432
2014-03-30,24.7,26.4,23.3,0.50,3.0,0.431
2014-03-31,24.6,26.8,22.9,0.00,0.0,0.427
2014-04-01,24.9,27.4,22.5,0.00,0.0,0.422
2014-04-02,25.0,27.3,23.1,1.00,6.0,0.417
2014-04-03,24.9,26.9,23.5,1.60,9.0,0.413
2014-04-04,24.9,26.8,23.3,0.90,4.0,0.410
2014-04-05,25.1,26.8,23.6,0.40,3.0,0.407
2014-04-06,24.7,26.6,23.6,1.70,7.0,0.403
2014-04-07,24.6,26.3,23.4,2.30,8.0,0.401
2014-04-08,24.6,26.2,23.4,1.80,10.0,0.399
2014-04-09,24.3,26.0,23.2,3.00,10.0,0.397
2014-04-10,24.5,26.2,23.0,1.50,8.0,0.396
2014-04-11,24.5,26.5,23.1,3.00,9.0,0.394
2014-04-12,23.6,24.0,23.0,7.50,15.0,0.396
2014-04-13,23.1,23.9,22.6,37.50,21.0,0.415
2014-04-14,23.4,24.7,22.8,33.40,22.0,0.439
2014-04-15,23.4,24.2,22.8,43.40,22.0,0.468
2014-04-16,23.1,23.5,22.5,193.80,22.0,0.478
2014-04-17,24.5,26.6,22.9,5.80,11.0,0.474
2014-04-18,24.7,26.9,22.7,6.40,11.0,0.471
2014-04-19,24.9,27.1,23.4,6.50,11.0,0.467
2014-04-20,24.8,26.4,23.4,1.30,5.0,0.464
2014-04-21,25.3,27.6,23.1,0.80,3.0,0.457
2014-04-22,24.7,26.4,23.6,1.10,6.0,0.452
2014-04-23,24.8,27.4,22.9,0.60,3.0,0.447
2014-04-24,25.3,27.8,22.9,0.80,2.0,0.441
2014-04-25,25.7,28.0,23.5,0.90,3.0,0.436
2014-04-26,25.5,27.7,24.0,1.40,5.0,0.432
2014-04-27,25.7,27.9,23.7,1.70,5.0,0.427
2014-04-28,25.7,27.8,24.1,1.30,7.0,0.423
2014-04-29,25.6,27.9,23.8,2.50,7.0,0.419
2014-04-30,25.6,27.9,23.7,2.90,6.0,0.416
2014-05-01,26.0,28.1,23.8,1.40,6.0,0.414
2014-05-02,25.9,27.8,24.2,3.40,12.0,0.411
2014-05-03,25.9,27.9,24.1,0.40,2.0,0.407
2014-05-04,25.9,27.8,24.5,0.70,4.0,0.403
2014-05-05,25.7,27.8,23.9,6.40,7.0,0.399
2014-05-06,26.0,27.9,24.6,1.40,7.0,0.400
2014-05-07,26.0,28.1,24.0,2.80,9.0,0.398
2014-05-08,25.4,27.7,23.4,25.90,14.0,0.399
2014-05-09,25.9,27.9,23.9,3.70,7.0,0.410
2014-05-10,25.4,27.2,23.7,1.70,7.0,0.407
2014-05-11,26.0,27.5,24.1,1.20,5.0,0.405
2014-05-12,25.8,27.8,24.5,2.70,7.0,0.401
2014-05-13,25.6,28.0,23.8,8.00,16.0,0.400
2014-05-14,25.5,27.5,23.9,3.20,4.0,0.402
2014-05-15,25.9,27.9,23.7,3.50,12.0,0.401
2014-05-16,25.5,27.6,23.9,7.40,13.0,0.401
2014-05-17,25.8,27.9,24.2,4.00,13.0,0.402
2014-05-18,25.8,27.9,24.2,2.50,6.0,0.400
2014-05-19,25.3,27.3,23.5,8.90,15.0,0.401
2014-05-20,25.8,27.7,23.8,3.50,9.0,0.403
2014-05-21,25.2,27.4,23.8,10.90,12.0,0.403
2014-05-22,25.3,27.3,23.7,10.40,13.0,0.407
2014-05-23,26.0,28.1,23.9,1.40,8.0,0.410
2014-05-24,25.8,27.7,24.1,4.90,11.0,0.408
2014-05-25,25.2,27.3,23.8,10.80,12.0,0.410
2014-05-26,26.3,28.4,24.4,1.30,4.0,0.411
2014-05-27,26.3,28.3,24.4,5.80,10.0,0.408
2014-05-28,25.8,28.1,24.2,5.20,10.0,0.409
2014-05-29,25.6,28.0,23.7,10.60,10.0,0.412
2014-05-30,25.0,26.9,23.5,17.20,15.0,0.419
2014-05-31,25.3,27.4,23.7,10.70,15.0,0.430
2014-06-01,25.9,28.1,23.8,2.40,7.0,0.430
2014-06-02,25.9,28.1,23.9,3.60,8.0,0.429
2014-06-03,25.8,28.6,23.9,5.00,8.0,0.427
2014-06-04,26.1,28.7,24.0,2.90,5.0,0.427
2014-06-05,25.7,28.3,23.6,8.60,10.0,0.428
2014-06-06,25.3,27.4,23.8,13.60,16.0,0.434
2014-06-07,26.1,28.4,24.6,1.20,6.0,0.434
2014-06-08,26.4,28.9,24.5,2.10,4.0,0.431
2014-06-09,25.9,28.6,24.1,5.20,4.0,0.430
2014-06-10,25.8,27.8,24.4,2.60,10.0,0.430
2014-06-11,26.3,28.5,25.0,3.30,4.0,0.428
2014-06-12,26.1,28.5,24.7,6.60,4.0,0.427
2014-06-13,25.9,28.3,24.5,8.70,5.0,0.430
2014-06-14,25.8,28.5,24.3,7.40,7.0,0.432
2014-06-15,25.7,28.2,23.9,18.70,11.0,0.436
2014-06-16,25.6,27.8,23.7,10.10,12.0,0.446
2014-06-17,24.7,26.8,23.5,21.30,17.0,0.451
2014-06-18,25.6,27.5,24.2,3.60,8.0,0.455
2014-06-19,25.6,27.6,24.3,4.40,3.0,0.452
2014-06-20,25.6,27.6,24.5,5.20,2.0,0.450
2014-06-21,24.8,26.3,24.1,10.80,14.0,0.452
2014-06-22,25.0,26.5,24.2,7.80,10.0,0.457
2014-06-23,25.7,28.4,24.0,3.30,6.0,0.458
2014-06-24,26.1,28.6,23.9,3.50,2.0,0.452
2014-06-25,24.9,27.3,23.8,19.90,15.0,0.454
2014-06-26,24.9,26.3,23.7,4.30,11.0,0.464
2014-06-27,25.6,27.8,24.2,2.60,1.0,0.459
2014-06-28,25.1,26.8,24.0,7.00,5.0,0.458
2014-06-29,24.8,26.9,23.7,8.10,12.0,0.459
2014-06-30,23.9,24.8,23.2,19.60,19.0,0.471
2014-07-01,24.3,25.8,22.8,9.30,12.0,0.475
2014-07-02,24.3,25.9,23.1,9.00,18.0,0.472
2014-07-03,24.6,26.3,23.9,10.00,15.0,0.472
2014-07-04,24.8,26.1,23.7,2.00,5.0,0.470
2014-07-05,25.1,27.6,23.7,8.50,13.0,0.466
2014-07-06,24.5,25.3,23.6,13.70,16.0,0.470
2014-07-07,24.6,25.4,23.8,5.80,12.0,0.468
2014-07-08,24.5,26.5,23.4,12.40,18.0,0.469
2014-07-09,24.9,27.0,23.7,2.00,2.0,0.466
2014-07-10,24.9,27.5,23.8,9.60,2.0,0.464
2014-07-11,25.1,27.3,23.2,5.70,9.0,0.465
2014-07-12,24.8,27.3,23.0,4.80,6.0,0.465
2014-07-13,25.1,27.8,23.2,5.90,5.0,0.466
2014-07-14,24.8,26.9,23.2,8.30,7.0,0.465
2014-07-15,23.8,24.3,23.2,23.00,22.0,0.472
2014-07-16,24.7,26.3,23.4,2.20,9.0,0.474
2014-07-17,25.1,27.4,23.5,3.80,2.0,0.468
2014-07-18,25.3,26.9,23.9,0.80,3.0,0.463
2014-07-19,24.2,25.5,23.2,23.50,18.0,0.464
2014-07-20,23.6,24.4,23.2,27.80,24.0,0.474
2014-07-21,24.7,26.3,23.4,3.70,11.0,0.475
2014-07-22,25.2,27.0,23.8,0.60,4.0,0.466
2014-07-23,25.4,27.6,23.6,0.00,0.0,0.458
2014-07-24,24.8,26.8,23.5,2.90,7.0,0.451
2014-07-25,24.4,25.8,23.5,14.20,21.0,0.453
2014-07-26,23.5,24.8,22.4,9.70,21.0,0.459
2014-07-27,23.4,24.3,22.8,17.00,20.0,0.466
2014-07-28,23.8,25.3,22.8,4.80,16.0,0.468
2014-07-29,24.1,26.1,23.3,7.90,12.0,0.465
2014-07-30,24.8,26.4,23.6,1.30,5.0,0.463
2014-07-31,25.4,27.6,23.8,0.00,0.0,0.456
2014-08-01,25.1,27.5,23.9,3.00,2.0,0.450
2014-08-02,25.4,27.8,23.8,0.00,0.0,0.444
2014-08-03,25.0,27.6,23.3,0.30,1.0,0.438
2014-08-04,24.9,26.1,23.9,0.00,0.0,0.433
2014-08-05,25.1,27.1,23.9,0.90,4.0,0.428
2014-08-06,25.6,28.2,23.7,0.10,1.0,0.422
2014-08-07,25.8,28.4,23.6,0.00,0.0,0.416
2014-08-08,25.9,28.4,23.9,0.00,0.0,0.409
2014-08-09,26.1,28.9,23.9,0.00,0.0,0.403
2014-08-10,25.9,28.8,23.3,0.00,0.0,0.398
2014-08-11,26.2,28.6,23.9,0.20,1.0,0.392
2014-08-12,25.5,28.2,23.4,1.30,3.0,0.389
2014-08-13,25.3,27.9,23.7,4.60,6.0,0.387
2014-08-14,24.9,27.1,22.8,9.20,16.0,0.390
2014-08-15,24.8,26.9,23.4,11.40,17.0,0.393
2014-08-16,24.3,26.3,23.0,8.10,10.0,0.398
2014-08-17,24.3,26.4,22.9,11.20,11.0,0.403
2014-08-18,24.8,27.6,23.0,7.80,8.0,0.408
2014-08-19,25.0,27.0,23.2,4.90,10.0,0.411
2014-08-20,24.5,26.5,23.4,14.10,14.0,0.412
2014-08-21,23.6,25.0,22.4,40.90,18.0,0.433
2014-08-22,24.6,27.1,23.2,15.50,8.0,0.445
2014-08-23,25.1,27.8,23.8,5.60,2.0,0.447
2014-08-24,25.4,27.9,23.1,1.00,3.0,0.445
2014-08-25,24.1,26.7,21.6,4.30,9.0,0.442
2014-08-26,23.5,25.9,21.2,6.50,12.0,0.446
2014-08-27,24.8,26.8,22.9,16.20,12.0,0.446
2014-08-28,23.5,25.6,22.5,32.80,23.0,0.463
2014-08-29,23.9,25.8,22.5,8.80,15.0,0.472
2014-08-30,24.7,27.1,23.2,3.10,4.0,0.469
2014-08-31,23.7,25.9,22.5,18.80,21.0,0.473
2014-09-01,23.5,24.8,22.5,18.30,24.0,0.476
2014-09-02,24.0,26.1,23.3,9.70,15.0,0.471
2014-09-03,24.2,26.1,22.8,3.10,7.0,0.468
2014-09-04,24.3,26.1,23.2,1.80,6.0,0.463
2014-09-05,24.1,26.0,23.1,10.60,15.0,0.462
2014-09-06,24.9,26.6,23.4,0.80,4.0,0.460
2014-09-07,25.1,27.4,23.6,0.40,2.0,0.454
2014-09-08,24.0,25.6,22.9,6.30,20.0,0.452
2014-09-09,23.5,24.9,22.5,6.80,13.0,0.456
2014-09-10,24.7,27.1,23.2,1.70,5.0,0.452
2014-09-11,25.1,27.5,23.6,3.00,3.0,0.448
2014-09-12,24.9,26.7,23.9,5.30,11.0,0.446
2014-09-13,23.8,24.4,23.3,14.50,17.0,0.450
2014-09-14,24.6,26.3,23.7,0.20,1.0,0.450
2014-09-15,25.4,27.4,24.0,0.40,1.0,0.444
2014-09-16,25.3,27.6,23.8,2.50,2.0,0.439
2014-09-17,24.0,25.7,22.8,16.30,18.0,0.441
2014-09-18,23.3,24.0,22.5,109.70,23.0,0.469
2014-09-19,25.2,27.0,23.6,0.50,3.0,0.464
2014-09-20,25.6,28.1,23.7,0.00,0.0,0.454
2014-09-21,25.5,28.6,22.8,1.60,2.0,0.445
2014-09-22,25.3,28.1,23.7,0.60,1.0,0.437
2014-09-23,25.1,27.9,23.0,3.90,3.0,0.430
2014-09-24,25.3,27.3,23.3,1.90,6.0,0.426
2014-09-25,25.0,27.3,23.3,8.40,11.0,0.424
2014-09-26,24.4,26.8,23.1,9.10,11.0,0.426
2014-09-27,24.9,27.4,23.1,3.10,10.0,0.427
2014-09-28,25.2,27.8,23.2,2.10,7.0,0.424
2014-09-29,24.7,26.9,23.3,1.20,5.0,0.419
2014-09-30,24.7,27.5,23.5,9.00,12.0,0.418
2014-10-01,24.8,27.2,23.6,6.20,6.0,0.421
2014-10-02,24.8,27.5,23.3,1.20,3.0,0.421
2014-10-03,24.9,27.2,23.6,2.40,1.0,0.417
2014-10-04,24.7,26.6,23.6,3.30,5.0,0.415
2014-10-05,24.2,26.6,22.9,17.70,10.0,0.420
2014-10-06,24.1,26.0,22.9,15.30,14.0,0.428
2014-10-07,24.4,26.5,23.3,7.50,5.0,0.434
2014-10-08,24.4,26.7,23.4,5.00,8.0,0.434
2014-10-09,23.8,25.1,23.2,17.30,20.0,0.437
2014-10-10,24.3,25.7,23.2,1.70,8.0,0.442
2014-10-11,24.7,26.3,23.4,0.30,2.0,0.438
2014-10-12,24.8,27.1,23.2,0.10,1.0,0.434
2014-10-13,25.2,27.7,22.9,1.10,2.0,0.429
2014-10-14,24.6,27.2,23.2,10.30,12.0,0.427
2014-10-15,23.9,26.1,22.6,18.90,16.0,0.437
2014-10-16,23.6,24.8,22.7,27.40,17.0,0.456
2014-10-17,24.6,26.7,23.2,1.30,7.0,0.459
2014-10-18,24.7,27.3,22.9,6.60,8.0,0.456
2014-10-19,23.9,25.2,22.9,127.50,15.0,0.472
2014-10-20,25.0,26.9,23.0,4.30,9.0,0.469
2014-10-21,24.9,27.1,23.3,8.00,7.0,0.467
2014-10-22,24.4,26.3,22.8,7.60,11.0,0.470
2014-10-23,24.2,26.1,23.2,12.00,14.0,0.470
2014-10-24,24.1,25.7,23.0,11.00,18.0,0.472
2014-10-25,24.4,26.1,22.7,6.70,15.0,0.473
2014-10-26,24.4,26.7,22.6,10.90,15.0,0.472
2014-10-27,24.2,26.7,22.3,10.50,14.0,0.471
2014-10-28,24.5,26.7,23.0,10.90,18.0,0.470
2014-10-29,24.4,26.8,23.0,21.80,18.0,0.473
2014-10-30,24.0,25.7,22.4,9.60,17.0,0.475
2014-10-31,24.7,26.8,23.3,1.80,7.0,0.465
2014-11-01,24.7,26.4,23.5,3.60,11.0,0.458
2014-11-02,25.3,27.6,23.4,0.60,3.0,0.451
2014-11-03,24.7,25.8,23.5,13.90,14.0,0.449
2014-11-04,24.8,26.5,23.2,4.80,10.0,0.451
2014-11-05,24.5,25.6,23.5,1.40,10.0,0.446
2014-11-06,24.3,25.4,23.4,0.10,1.0,0.440
2014-11-07,24.1,25.6,23.1,0.00,0.0,0.433
2014-11-08,24.4,26.3,22.7,1.10,6.0,0.427
2014-11-09,24.6,26.6,23.0,0.70,3.0,0.422
2014-11-10,24.7,26.5,23.2,1.60,9.0,0.418
2014-11-11,24.7,26.2,23.5,2.20,9.0,0.414
2014-11-12,24.7,26.5,23.5,0.80,2.0,0.410
2014-11-13,24.1,25.8,23.0,8.80,14.0,0.408
2014-11-14,23.9,26.0,22.7,10.40,20.0,0.416
2014-11-15,24.4,26.6,23.1,6.60,14.0,0.418
2014-11-16,24.5,26.8,23.0,10.40,14.0,0.422
2014-11-17,24.3,25.7,23.0,3.50,10.0,0.426
2014-11-18,24.9,27.1,22.6,2.90,12.0,0.426
2014-11-19,25.0,26.9,23.5,3.70,14.0,0.424
2014-11-20,24.3,26.4,22.9,12.60,18.0,0.426
2014-11-21,24.7,26.9,22.5,2.10,6.0,0.430
2014-11-22,25.1,27.2,23.2,3.80,10.0,0.428
2014-11-23,25.0,26.8,23.7,4.50,10.0,0.429
2014-11-24,25.1,27.2,23.6,3.50,11.0,0.428
2014-11-25,24.6,26.1,23.6,8.00,16.0,0.431
2014-11-26,24.1,25.2,23.1,25.20,22.0,0.440
2014-11-27,23.7,24.6,22.9,45.90,20.0,0.469
2014-11-28,25.1,27.1,23.6,0.70,3.0,0.470
2014-11-29,23.8,25.8,22.9,34.10,20.0,0.472
2014-11-30,23.9,24.9,23.3,17.80,17.0,0.476
2014-12-01,24.6,26.9,22.9,2.80,12.0,0.472
2014-12-02,24.5,26.2,23.2,4.70,14.0,0.468
2014-12-03,24.5,26.4,23.2,3.60,7.0,0.467
2014-12-04,24.6,26.7,22.7,1.60,7.0,0.462
2014-12-05,24.1,25.0,23.1,1.40,5.0,0.458
2014-12-06,23.4,24.0,22.4,3.60,7.0,0.455
2014-12-07,22.4,23.2,21.5,48.60,20.0,0.470
2014-12-08,24.3,26.3,23.0,0.70,5.0,0.464
2014-12-09,24.5,27.0,22.0,0.00,0.0,0.455
2014-12-10,24.8,26.7,23.3,1.00,4.0,0.448
2014-12-11,24.5,26.6,22.4,0.70,3.0,0.441
2014-12-12,24.6,26.4,23.3,2.00,9.0,0.436
2014-12-13,24.1,25.5,23.0,6.90,18.0,0.433
2014-12-14,24.0,25.9,22.5,9.90,11.0,0.440
2014-12-15,24.6,26.2,23.4,1.50,8.0,0.437
2014-12-16,24.4,26.2,23.7,8.30,16.0,0.436
2014-12-17,24.2,25.6,23.4,7.30,15.0,0.438
2014-12-18,24.0,25.5,22.6,5.70,15.0,0.438
2014-12-19,23.5,25.1,22.5,18.20,21.0,0.446
2014-12-20,24.1,25.6,23.0,1.80,8.0,0.446
2014-12-21,24.2,25.9,23.2,6.40,9.0,0.444
2014-12-22,23.9,25.1,22.7,10.00,20.0,0.450
2014-12-23,24.6,26.4,23.5,1.80,5.0,0.449
2014-12-24,24.5,26.3,23.1,5.70,11.0,0.450
2014-12-25,24.2,25.9,23.1,4.20,9.0,0.448
2014-12-26,24.6,26.3,23.2,0.60,4.0,0.446
2014-12-27,24.4,26.4,23.3,1.70,6.0,0.442
2014-12-28,23.6,25.0,23.1,16.50,13.0,0.443
2014-12-29,23.1,23.5,22.7,142.20,24.0,0.467
2014-12-30,23.9,26.0,22.4,23.50,10.0,0.473
2014-12-31,24.1,25.7,23.1,5.10,7.0,0.466
2015-01-01,24.2,25.9,23.1,2.10,8.0,0.462
2015-01-02,23.9,25.3,22.9,1.30,7.0,0.456
2015-01-03,23.5,25.1,22.7,4.50,11.0,0.453
2015-01-04,23.9,25.6,22.9,0.80,5.0,0.448
2015-01-05,23.8,25.9,22.9,4.70,13.0,0.444
2015-01-06,23.7,25.2,22.5,0.80,4.0,0.441
2015-01-07,23.7,25.4,22.6,1.20,6.0,0.435
2015-01-08,23.0,23.7,22.3,8.90,14.0,0.438
2015-01-09,23.3,24.4,22.9,0.10,1.0,0.436
2015-01-10,23.1,24.1,22.5,0.00,0.0,0.431
2015-01-11,22.6,24.1,21.1,0.10,1.0,0.426
2015-01-12,23.0,24.1,22.1,0.60,3.0,0.422
2015-01-13,23.2,24.8,22.1,2.50,11.0,0.419
2015-01-14,23.5,25.2,22.4,0.10,1.0,0.416
2015-01-15,23.7,25.2,22.7,0.20,2.0,0.412
2015-01-16,23.2,24.4,22.1,0.20,1.0,0.408
2015-01-17,22.5,23.2,22.1,4.70,10.0,0.407
2015-01-18,23.4,25.8,21.9,0.00,0.0,0.406
2015-01-19,23.9,26.0,22.2,0.00,0.0,0.402
2015-01-20,23.8,26.0,22.0,3.30,6.0,0.399
2015-01-21,24.0,26.0,22.6,1.60,8.0,0.399
2015-01-22,23.9,26.0,21.8,1.80,5.0,0.397
2015-01-23,23.6,25.4,22.5,1.30,5.0,0.394
2015-01-24,23.1,24.5,22.3,6.60,16.0,0.396
2015-01-25,23.0,24.2,22.5,10.10,21.0,0.401
2015-01-26,23.4,24.8,22.5,9.50,13.0,0.409
2015-01-27,23.7,25.6,22.4,3.30,11.0,0.411
2015-01-28,23.9,25.8,22.6,1.40,7.0,0.409
2015-01-29,23.8,25.9,22.2,4.00,9.0,0.408
2015-01-30,23.6,25.5,22.3,4.30,9.0,0.408
2015-01-31,23.2,24.8,22.0,0.80,2.0,0.407
2015-02-01,23.0,24.5,22.0,1.30,7.0,0.403
2015-02-02,22.3,23.2,21.4,4.60,8.0,0.402
2015-02-03,22.8,24.3,21.9,0.50,2.0,0.402
2015-02-04,22.9,24.3,21.8,1.10,5.0,0.399
2015-02-05,23.0,24.7,21.7,0.00,0.0,0.396
2015-02-06,23.2,24.8,22.0,0.20,2.0,0.392
2015-02-07,23.2,25.1,21.9,0.80,6.0,0.389
2015-02-08,23.2,25.0,22.1,2.20,5.0,0.386
2015-02-09,23.2,25.0,21.7,0.60,2.0,0.385
2015-02-10,23.6,25.0,22.9,0.20,2.0,0.383
2015-02-11,23.6,25.3,22.3,0.90,6.0,0.380
2015-02-12,23.7,25.8,22.2,1.40,7.0,0.378
2015-02-13,23.9,26.1,22.1,0.50,3.0,0.376
2015-02-14,23.9,25.9,22.2,0.40,2.0,0.374
2015-02-15,23.9,25.7,22.5,0.70,5.0,0.372
2015-02-16,23.7,25.4,22.4,0.40,2.0,0.369
2015-02-17,23.3,25.0,22.0,0.50,2.0,0.366
2015-02-18,23.5,25.1,22.1,0.30,3.0,0.363
2015-02-19,23.8,25.8,22.4,0.50,4.0,0.360
2015-02-20,23.5,25.6,22.2,1.30,6.0,0.358
2015-02-21,23.3,25.2,22.0,0.70,5.0,0.356
2015-02-22,23.1,24.7,21.7,0.00,0.0,0.353
2015-02-23,23.4,25.3,21.9,0.10,1.0,0.350
2015-02-24,23.9,26.1,22.6,0.30,2.0,0.348
2015-02-25,24.0,26.2,22.3,0.80,3.0,0.345
2015-02-26,24.0,26.4,22.4,1.60,9.0,0.344
2015-02-27,24.1,26.2,22.2,0.90,6.0,0.342
2015-02-28,24.3,26.5,22.7,1.40,5.0,0.340
2015-03-01,24.0,26.0,22.8,0.40,4.0,0.338
2015-03-02,23.8,25.8,22.2,0.80,5.0,0.336
2015-03-03,24.0,26.3,22.6,2.10,7.0,0.334
2015-03-04,24.1,26.4,22.3,2.00,5.0,0.335
2015-03-05,24.3,26.6,22.7,0.70,5.0,0.333
2015-03-06,24.0,26.3,22.2,0.80,4.0,0.331
2015-03-07,24.3,26.4,22.4,0.20,2.0,0.329
2015-03-08,23.5,24.7,22.5,1.10,7.0,0.328
2015-03-09,23.8,25.9,22.4,0.10,1.0,0.327
2015-03-10,23.9,26.2,22.3,0.20,2.0,0.324
2015-03-11,23.8,26.1,21.9,0.40,3.0,0.322
2015-03-12,23.6,25.7,22.1,0.90,4.0,0.320
2015-03-13,24.1,26.2,22.5,0.80,4.0,0.319
2015-03-14,23.8,26.0,22.2,1.30,7.0,0.318
2015-03-15,23.9,26.2,22.1,0.90,7.0,0.317
2015-03-16,23.8,26.0,22.2,0.60,5.0,0.315
2015-03-17,23.2,25.6,21.4,1.40,6.0,0.314
2015-03-18,23.1,25.5,20.8,1.00,5.0,0.312
2015-03-19,23.2,25.9,20.9,2.30,7.0,0.312
2015-03-20,24.2,27.9,21.1,0.00,0.0,0.310
2015-03-21,24.7,28.1,20.7,0.00,0.0,0.307
2015-03-22,24.9,27.9,22.3,0.00,0.0,0.304
2015-03-23,24.7,27.6,22.2,2.60,5.0,0.304
2015-03-24,24.7,27.4,22.8,1.00,5.0,0.303
2015-03-25,25.1,27.5,23.3,0.00,0.0,0.302
2015-03-26,24.4,26.6,22.7,2.90,11.0,0.301
2015-03-27,24.7,26.9,22.9,0.70,5.0,0.301
2015-03-28,24.5,26.6,22.6,0.90,5.0,0.300
2015-03-29,24.8,27.4,22.6,0.20,1.0,0.299
2015-03-30,24.8,27.3,23.4,2.10,10.0,0.297
2015-03-31,25.2,28.2,23.0,1.80,8.0,0.297
2015-04-01,24.9,27.4,23.1,0.80,5.0,0.296
2015-04-02,24.9,27.0,23.4,0.90,5.0,0.295
2015-04-03,25.1,27.4,23.4,0.00,0.0,0.293
2015-04-04,25.7,29.5,22.1,1.10,3.0,0.292
2015-04-05,25.8,29.0,23.3,0.00,0.0,0.290
2015-04-06,25.7,28.0,23.8,1.30,8.0,0.289
2015-04-07,25.0,27.0,23.4,0.80,5.0,0.288
2015-04-08,24.6,26.8,22.9,0.60,3.0,0.288
2015-04-09,25.0,27.5,23.1,0.90,3.0,0.287
2015-04-10,25.0,27.2,23.3,0.70,4.0,0.286
2015-04-11,25.4,28.2,23.5,0.20,1.0,0.285
2015-04-12,25.6,28.0,23.9,2.10,8.0,0.284
2015-04-13,24.2,26.9,22.7,11.40,20.0,0.290
2015-04-14,24.7,27.4,22.8,2.10,6.0,0.294
2015-04-15,25.3,27.7,23.4,1.00,6.0,0.293
2015-04-16,25.9,28.4,23.9,0.30,3.0,0.291
2015-04-17,25.5,28.3,24.1,3.00,9.0,0.290
2015-04-18,25.4,27.6,23.7,1.70,10.0,0.291
2015-04-19,26.0,28.4,24.3,2.00,9.0,0.290
2015-04-20,25.8,28.4,23.5,0.90,4.0,0.289
2015-04-21,26.0,28.6,24.0,2.00,5.0,0.287
2015-04-22,25.8,27.9,24.2,0.60,4.0,0.285
2015-04-23,25.6,27.7,23.9,0.00,0.0,0.284
2015-04-24,25.6,27.8,23.7,1.80,10.0,0.283
2015-04-25,25.6,27.9,23.6,1.20,5.0,0.282
2015-04-26,25.5,27.7,23.9,2.30,10.0,0.282
2015-04-27,25.6,28.3,23.7,0.70,4.0,0.281
2015-04-28,25.4,27.8,23.4,1.70,9.0,0.280
2015-04-29,26.1,29.0,23.5,0.80,4.0,0.279
2015-04-30,25.5,28.0,23.6,3.70,9.0,0.279
2015-05-01,24.9,27.2,23.1,15.40,21.0,0.289
2015-05-02,25.1,27.2,24.0,11.60,16.0,0.296
2015-05-03,24.8,26.7,23.2,20.30,18.0,0.311
2015-05-04,24.9,26.9,23.3,8.10,17.0,0.318
2015-05-05,25.4,27.6,23.7,0.40,3.0,0.318
2015-05-06,25.7,28.0,23.5,1.50,6.0,0.315
2015-05-07,25.8,28.1,23.8,2.40,7.0,0.314
2015-05-08,25.5,27.4,23.5,0.00,0.0,0.311
2015-05-09,26.0,28.5,23.1,0.00,0.0,0.307
2015-05-10,26.3,29.0,24.2,0.00,0.0,0.304
2015-05-11,25.9,28.4,23.8,0.00,0.0,0.300
2015-05-12,26.1,28.4,24.5,1.10,6.0,0.298
2015-05-13,26.0,28.1,24.4,0.30,2.0,0.295
2015-05-14,26.0,28.0,24.3,1.20,7.0,0.293
2015-05-15,26.0,28.3,24.4,0.20,2.0,0.291
2015-05-16,25.6,28.0,23.5,1.10,5.0,0.289
2015-05-17,25.7,27.7,23.3,0.60,2.0,0.287
2015-05-18,26.6,28.7,24.2,0.00,0.0,0.285
2015-05-19,26.5,28.7,24.3,0.00,0.0,0.283
2015-05-20,26.8,29.4,24.9,0.30,2.0,0.281
2015-05-21,26.3,29.3,24.2,2.00,8.0,0.280
2015-05-22,26.4,28.6,24.2,1.60,7.0,0.279
2015-05-23,26.5,28.9,24.7,0.60,3.0,0.278
2015-05-24,26.5,29.2,23.9,3.10,7.0,0.277
2015-05-25,26.3,29.1,24.1,1.60,5.0,0.277
2015-05-26,26.4,28.9,24.0,2.60,5.0,0.277
2015-05-27,26.2,28.8,24.2,1.80,6.0,0.276
2015-05-28,26.6,29.1,23.9,1.70,5.0,0.275
2015-05-29,26.7,29.5,23.9,1.50,4.0,0.274
2015-05-30,26.7,29.3,24.2,1.90,5.0,0.273
2015-05-31,26.5,28.6,24.5,1.30,5.0,0.271
2015-06-01,26.3,28.3,25.1,3.40,11.0,0.271
2015-06-02,26.6,29.0,24.9,1.40,5.0,0.271
2015-06-03,26.1,28.4,24.0,4.90,9.0,0.271
2015-06-04,25.9,28.1,24.1,1.20,4.0,0.272
2015-06-05,25.6,28.3,23.5,6.90,14.0,0.275
2015-06-06,25.8,28.4,23.5,7.70,9.0,0.281
2015-06-07,26.3,28.9,24.0,1.50,5.0,0.281
2015-06-08,26.8,29.2,24.8,1.70,6.0,0.279
2015-06-09,25.9,28.3,23.5,12.70,9.0,0.282
2015-06-10,25.6,27.7,23.6,7.50,13.0,0.289
2015-06-11,25.9,27.9,24.3,25.50,12.0,0.293
2015-06-12,26.1,28.2,24.5,2.40,5.0,0.306
2015-06-13,25.4,27.0,23.6,9.10,19.0,0.307
2015-06-14,25.3,27.2,24.0,6.80,17.0,0.312
2015-06-15,25.0,27.3,23.3,9.90,15.0,0.316
2015-06-16,24.8,27.1,23.1,12.20,15.0,0.321
2015-06-17,24.9,27.2,23.5,13.40,14.0,0.330
2015-06-18,24.6,26.8,23.3,35.20,21.0,0.346
2015-06-19,24.4,25.4,23.8,24.80,24.0,0.372
2015-06-20,24.9,27.3,23.7,10.70,12.0,0.382
2015-06-21,24.7,26.0,23.4,6.80,11.0,0.391
2015-06-22,25.1,26.2,24.0,0.90,3.0,0.394
2015-06-23,24.8,26.5,23.6,10.70,13.0,0.394
2015-06-24,24.7,26.8,23.4,14.80,17.0,0.405
2015-06-25,24.7,26.4,23.0,3.80,9.0,0.409
2015-06-26,24.4,26.4,22.7,4.60,10.0,0.411
2015-06-27,24.8,26.8,23.2,4.40,12.0,0.412
2015-06-28,24.7,26.5,23.4,10.80,16.0,0.415
2015-06-29,24.1,25.7,22.6,26.00,23.0,0.433
2015-06-30,24.5,26.4,23.2,15.10,21.0,0.442
2015-07-01,24.3,26.1,23.6,11.00,15.0,0.450
2015-07-02,24.2,25.0,23.8,11.00,16.0,0.452
2015-07-03,24.1,24.6,23.6,13.70,21.0,0.457
2015-07-04,24.3,25.0,23.3,11.60,18.0,0.463
2015-07-05,24.6,25.5,24.1,1.30,10.0,0.461
2015-07-06,25.0,26.8,23.8,3.80,16.0,0.457
2015-07-07,25.3,27.1,23.8,0.20,2.0,0.453
2015-07-08,25.5,27.3,24.3,0.40,2.0,0.447
2015-07-09,25.0,26.6,23.9,1.30,7.0,0.443
2015-07-10,24.6,25.7,24.0,1.40,4.0,0.440
2015-07-11,25.2,27.3,23.6,0.10,1.0,0.437
2015-07-12,25.7,27.3,24.1,0.00,0.0,0.432
2015-07-13,25.9,28.2,24.1,0.00,0.0,0.427
2015-07-14,25.8,28.1,23.6,0.00,0.0,0.422
2015-07-15,25.9,28.1,24.3,0.00,0.0,0.417
2015-07-16,25.8,28.6,23.7,0.00,0.0,0.412
2015-07-17,25.7,28.6,23.7,0.00,0.0,0.406
2015-07-18,26.0,28.4,24.2,0.00,0.0,0.402
2015-07-19,25.4,27.7,23.6,2.70,8.0,0.399
2015-07-20,25.5,27.7,23.5,1.00,6.0,0.397
2015-07-21,24.9,27.4,22.5,11.10,8.0,0.400
2015-07-22,24.4,27.0,22.9,13.20,15.0,0.406
2015-07-23,24.9,27.5,23.0,1.60,2.0,0.410
2015-07-24,25.2,28.0,23.3,2.50,1.0,0.407
2015-07-25,25.5,27.8,23.1,0.00,0.0,0.404
2015-07-26,25.4,26.7,23.5,3.20,12.0,0.402
2015-07-27,24.4,26.3,22.8,10.60,18.0,0.405
2015-07-28,24.5,26.6,22.6,5.50,13.0,0.410
2015-07-29,24.7,26.7,22.7,11.90,14.0,0.413
2015-07-30,24.6,26.5,23.3,7.80,12.0,0.416
2015-07-31,23.7,25.1,22.5,42.70,21.0,0.429
2015-08-01,24.2,26.2,22.9,11.50,16.0,0.448
2015-08-02,24.3,26.8,22.7,14.70,14.0,0.451
2015-08-03,23.9,26.3,22.6,21.20,15.0,0.459
2015-08-04,24.4,26.7,23.3,12.00,8.0,0.465
2015-08-05,24.4,26.3,23.4,3.20,7.0,0.462
2015-08-06,24.1,24.9,23.6,6.90,16.0,0.459
2015-08-07,24.5,26.0,23.6,3.00,9.0,0.456
2015-08-08,24.7,26.5,23.7,6.30,6.0,0.454
2015-08-09,25.0,27.0,23.7,4.80,3.0,0.453
2015-08-10,25.7,28.0,24.0,0.00,0.0,0.450
2015-08-11,25.5,27.8,23.9,7.00,7.0,0.447
2015-08-12,25.3,27.3,23.7,12.00,13.0,0.451
2015-08-13,25.1,27.1,23.1,8.20,16.0,0.457
2015-08-14,25.2,27.4,23.4,4.50,11.0,0.457
2015-08-15,25.2,27.5,23.6,9.20,13.0,0.456
2015-08-16,24.6,26.4,23.1,10.20,13.0,0.460
2015-08-17,24.6,27.1,23.3,11.30,14.0,0.463
2015-08-18,24.6,27.0,22.9,5.50,11.0,0.466
2015-08-19,25.4,27.4,23.6,0.90,4.0,0.462
2015-08-20,25.1,26.9,24.1,0.00,0.0,0.456
2015-08-21,24.9,26.3,24.1,0.00,0.0,0.451
2015-08-22,25.1,26.7,24.1,1.60,7.0,0.446
2015-08-23,25.6,27.6,24.0,0.00,0.0,0.441
2015-08-24,25.9,28.2,24.1,0.00,0.0,0.435
2015-08-25,25.8,28.3,23.9,0.00,0.0,0.430
2015-08-26,25.6,27.7,23.2,2.30,7.0,0.425
2015-08-27,25.6,27.7,23.3,2.00,7.0,0.423
2015-08-28,24.4,26.3,23.3,7.00,11.0,0.422
2015-08-29,24.8,27.2,23.4,6.40,5.0,0.425
2015-08-30,25.4,27.7,23.9,2.50,4.0,0.425
2015-08-31,25.2,28.1,23.6,4.10,10.0,0.425
2015-09-01,24.8,27.2,23.0,8.80,14.0,0.426
2015-09-02,24.8,27.4,23.1,6.70,7.0,0.428
2015-09-03,25.0,27.3,23.2,2.40,8.0,0.430
2015-09-04,24.9,27.3,23.4,6.60,14.0,0.431
2015-09-05,24.3,26.6,22.9,19.40,16.0,0.440
2015-09-06,24.9,27.3,23.6,6.70,13.0,0.444
2015-09-07,24.8,26.6,23.8,1.00,3.0,0.443
2015-09-08,24.7,26.1,23.6,3.40,5.0,0.440
2015-09-09,25.0,26.7,23.8,6.10,4.0,0.440
2015-09-10,24.8,27.4,23.6,11.50,8.0,0.441
2015-09-11,24.3,26.0,23.3,4.10,4.0,0.444
2015-09-12,25.1,27.2,23.5,1.50,1.0,0.443
2015-09-13,24.8,27.3,23.3,3.60,10.0,0.442
2015-09-14,24.2,26.4,23.0,20.30,9.0,0.447
2015-09-15,24.6,26.7,22.7,3.60,10.0,0.457
2015-09-16,24.0,26.1,22.6,18.50,21.0,0.461
2015-09-17,24.4,26.8,22.8,15.30,11.0,0.472
2015-09-18,25.1,27.4,23.1,5.30,12.0,0.469
2015-09-19,24.3,27.0,23.0,21.00,19.0,0.473
2015-09-20,24.9,27.2,23.4,7.40,7.0,0.471
2015-09-21,24.8,27.4,23.3,6.70,4.0,0.469
2015-09-22,24.6,26.9,23.0,10.10,12.0,0.471
2015-09-23,24.4,25.9,23.7,3.70,7.0,0.473
2015-09-24,24.7,26.9,23.7,10.00,5.0,0.470
2015-09-25,24.6,26.5,23.6,3.80,5.0,0.467
2015-09-26,24.4,25.6,23.7,4.40,8.0,0.464
2015-09-27,24.9,26.5,23.6,1.10,2.0,0.460
2015-09-28,25.3,27.3,23.8,0.60,3.0,0.454
2015-09-29,25.6,28.0,23.9,6.00,2.0,0.450
2015-09-30,24.3,27.0,22.5,49.20,17.0,0.464
2015-10-01,23.8,25.0,22.8,9.50,21.0,0.477
2015-10-02,25.2,27.5,23.7,0.00,0.0,0.473
2015-10-03,25.5,27.4,23.9,2.00,2.0,0.465
2015-10-04,24.0,25.4,23.1,14.90,15.0,0.467
2015-10-05,24.6,26.7,23.2,8.60,18.0,0.469
2015-10-06,24.9,26.9,23.2,6.90,14.0,0.468
2015-10-07,24.3,26.5,22.5,15.90,15.0,0.473
2015-10-08,24.9,27.2,23.3,1.70,4.0,0.470
2015-10-09,25.2,27.5,23.0,1.20,6.0,0.464
2015-10-10,25.3,27.5,23.3,2.00,6.0,0.459
2015-10-11,25.0,27.2,23.2,3.90,10.0,0.457
2015-10-12,25.0,27.0,23.1,3.70,11.0,0.454
2015-10-13,24.4,26.4,22.8,3.80,12.0,0.453
2015-10-14,24.9,26.3,23.0,3.00,8.0,0.452
2015-10-15,24.4,26.1,23.1,6.10,10.0,0.453
2015-10-16,25.0,26.2,24.0,1.30,4.0,0.452
2015-10-17,25.2,27.1,24.4,1.70,6.0,0.449
2015-10-18,25.4,26.8,24.4,0.80,6.0,0.445
2015-10-19,25.1,26.8,24.2,2.60,9.0,0.441
2015-10-20,25.1,27.4,24.0,0.60,4.0,0.437
2015-10-21,24.9,26.8,23.8,1.80,7.0,0.433
2015-10-22,25.2,27.5,23.6,0.20,1.0,0.428
2015-10-23,25.7,27.8,23.8,0.00,0.0,0.423
2015-10-24,25.4,27.3,23.3,0.50,2.0,0.419
2015-10-25,25.6,27.3,24.4,2.30,9.0,0.415
2015-10-26,25.3,27.4,23.2,0.30,1.0,0.411
2015-10-27,25.3,27.3,23.3,0.00,0.0,0.407
2015-10-28,25.5,27.1,24.6,4.10,10.0,0.403
2015-10-29,25.0,27.1,23.9,3.80,6.0,0.402
2015-10-30,24.9,26.8,23.7,6.70,12.0,0.404
2015-10-31,24.7,26.8,23.5,3.30,8.0,0.405
2015-11-01,24.4,26.7,23.4,8.50,11.0,0.406
2015-11-02,24.2,26.4,22.9,31.80,21.0,0.419
2015-11-03,23.9,25.2,22.3,39.20,16.0,0.445
2015-11-04,25.1,27.0,23.5,1.60,8.0,0.449
2015-11-05,24.9,26.5,23.3,1.80,7.0,0.446
2015-11-06,24.4,25.9,23.3,15.30,18.0,0.449
2015-11-07,24.9,26.8,24.1,7.10,8.0,0.453
2015-11-08,24.8,26.5,23.4,6.40,9.0,0.456
2015-11-09,24.9,26.5,23.4,2.20,6.0,0.453
2015-11-10,24.8,26.4,23.7,4.40,6.0,0.451
2015-11-11,24.8,26.7,23.6,1.20,6.0,0.450
2015-11-12,25.1,26.9,23.9,0.40,2.0,0.446
2015-11-13,25.1,26.9,23.8,0.80,5.0,0.442
2015-11-14,25.1,26.9,23.8,3.70,9.0,0.439
2015-11-15,25.2,27.1,23.9,1.50,6.0,0.437
2015-11-16,25.2,26.6,23.9,0.90,6.0,0.434
2015-11-17,25.3,27.0,24.0,0.70,6.0,0.431
2015-11-18,24.6,26.2,23.5,2.10,6.0,0.428
2015-11-19,25.0,26.4,23.5,1.70,9.0,0.426
2015-11-20,25.2,26.9,24.0,0.40,3.0,0.423
2015-11-21,24.8,26.7,23.8,14.60,9.0,0.423
2015-11-22,24.8,26.3,23.7,7.10,13.0,0.432
2015-11-23,25.1,26.7,23.9,2.30,10.0,0.431
2015-11-24,24.8,26.6,23.4,4.10,7.0,0.430
2015-11-25,24.3,26.0,23.1,14.40,21.0,0.435
2015-11-26,24.7,26.6,23.3,8.50,17.0,0.442
2015-11-27,25.3,26.7,24.0,0.90,7.0,0.442
2015-11-28,25.0,26.8,24.1,7.60,9.0,0.440
2015-11-29,25.0,26.6,23.5,2.70,6.0,0.442
2015-11-30,25.2,26.8,23.6,0.20,1.0,0.439
2015-12-01,24.9,26.2,24.2,1.90,6.0,0.436
2015-12-02,24.7,26.2,23.8,4.40,8.0,0.437
2015-12-03,24.7,26.0,23.3,0.40,2.0,0.436
2015-12-04,24.8,26.5,23.4,0.40,3.0,0.433
2015-12-05,24.9,26.8,23.3,1.10,5.0,0.430
2015-12-06,24.8,26.9,23.6,10.10,9.0,0.429
2015-12-07,25.3,27.1,23.7,4.70,9.0,0.433
2015-12-08,25.2,26.8,24.1,0.70,4.0,0.432
2015-12-09,24.9,26.6,23.3,0.30,2.0,0.429
2015-12-10,25.4,27.4,24.0,0.80,5.0,0.426
2015-12-11,25.0,26.8,23.8,2.60,7.0,0.424
2015-12-12,24.9,26.5,24.0,0.30,2.0,0.421
2015-12-13,24.7,26.3,23.8,8.90,7.0,0.419
2015-12-14,24.7,26.8,23.6,3.60,7.0,0.423
2015-12-15,24.9,26.8,23.4,3.90,9.0,0.424
2015-12-16,24.7,27.0,23.1,6.70,8.0,0.424
2015-12-17,24.4,26.1,23.1,5.20,11.0,0.427
2015-12-18,24.1,24.8,23.3,18.40,16.0,0.435
2015-12-19,24.1,25.0,23.5,11.30,15.0,0.446
2015-12-20,25.0,26.9,24.0,1.50,6.0,0.446
2015-12-21,24.7,26.5,23.2,1.10,5.0,0.443
2015-12-22,24.4,25.9,23.1,3.20,7.0,0.441
2015-12-23,23.9,25.3,23.1,1.50,4.0,0.439
2015-12-24,23.8,25.7,23.1,39.30,17.0,0.452
2015-12-25,24.2,25.7,22.8,44.70,15.0,0.467
2015-12-26,24.3,25.9,23.0,1.20,6.0,0.459
2015-12-27,23.7,25.2,22.3,0.60,3.0,0.454
2015-12-28,24.5,26.0,23.7,0.10,1.0,0.450
2015-12-29,24.3,25.5,23.6,0.40,2.0,0.446
2015-12-30,24.1,25.8,22.9,1.10,6.0,0.442
2015-12-31,24.2,25.8,22.9,1.60,7.0,0.439
2016-01-01,24.7,26.4,23.3,0.50,4.0,0.436
2016-01-02,24.7,26.6,23.4,0.40,2.0,0.432
2016-01-03,24.2,25.8,23.0,1.00,7.0,0.428
2016-01-04,24.2,25.9,22.7,1.80,10.0,0.425
2016-01-05,24.2,26.0,23.0,0.70,5.0,0.422
2016-01-06,24.3,25.9,23.1,2.20,9.0,0.419
2016-01-07,24.1,25.8,22.9,1.40,7.0,0.418
2016-01-08,24.3,26.4,23.0,0.70,4.0,0.414
2016-01-09,24.5,26.1,22.9,1.20,6.0,0.411
2016-01-10,24.2,25.7,23.2,2.10,8.0,0.410
2016-01-11,24.9,27.0,23.5,0.50,3.0,0.409
2016-01-12,24.5,26.3,23.1,3.20,10.0,0.408
2016-01-13,24.6,26.4,23.3,0.30,2.0,0.407
2016-01-14,24.6,26.4,23.2,0.10,1.0,0.403
2016-01-15,24.3,26.1,22.9,0.00,0.0,0.400
2016-01-16,23.9,25.6,22.4,0.00,0.0,0.396
2016-01-17,24.2,26.4,22.6,0.00,0.0,0.392
2016-01-18,24.3,26.8,21.3,0.00,0.0,0.388
2016-01-19,24.7,26.2,23.4,0.20,2.0,0.385
2016-01-20,24.7,26.5,23.5,0.30,2.0,0.382
2016-01-21,24.9,27.0,23.4,0.00,0.0,0.378
2016-01-22,24.5,26.5,22.7,0.90,7.0,0.376
2016-01-23,24.1,25.6,23.0,0.80,4.0,0.374
2016-01-24,24.2,25.9,23.0,0.30,2.0,0.371
2016-01-25,23.4,25.3,22.5,2.20,11.0,0.370
2016-01-26,23.3,24.9,22.2,8.70,20.0,0.374
2016-01-27,23.5,25.0,22.2,5.30,19.0,0.382
2016-01-28,23.9,25.6,22.5,4.00,10.0,0.385
2016-01-29,24.2,26.7,22.4,0.60,3.0,0.384
2016-01-30,23.9,26.0,22.1,0.80,6.0,0.381
2016-01-31,24.5,26.2,23.2,0.00,0.0,0.378
2016-02-01,23.7,25.3,22.7,7.50,17.0,0.378
2016-02-02,23.7,25.7,22.9,11.80,15.0,0.384
2016-02-03,24.6,26.7,23.2,0.60,3.0,0.391
2016-02-04,24.6,26.6,23.3,2.10,9.0,0.388
2016-02-05,24.8,26.7,23.6,0.90,6.0,0.386
2016-02-06,24.4,26.5,22.5,0.00,0.0,0.383
2016-02-07,24.3,26.2,23.1,1.00,6.0,0.380
2016-02-08,24.2,26.0,22.7,1.40,6.0,0.379
2016-02-09,24.3,26.3,23.1,0.00,0.0,0.376
2016-02-10,24.2,26.3,22.9,0.70,5.0,0.373
2016-02-11,24.3,26.0,22.7,0.40,4.0,0.371
2016-02-12,24.2,26.0,22.8,0.20,1.0,0.368
2016-02-13,24.4,26.6,23.0,2.90,5.0,0.365
2016-02-14,23.7,24.9,22.9,29.10,19.0,0.385
2016-02-15,24.4,26.7,22.3,0.40,3.0,0.390
2016-02-16,24.1,25.9,22.8,2.90,7.0,0.388
2016-02-17,23.5,25.3,22.5,4.50,15.0,0.389
2016-02-18,23.6,25.5,22.5,0.90,5.0,0.389
2016-02-19,23.7,25.5,22.5,1.30,6.0,0.387
2016-02-20,23.9,25.9,22.5,0.20,2.0,0.385
2016-02-21,23.9,25.9,22.2,0.00,0.0,0.381
2016-02-22,24.2,26.4,22.7,0.10,1.0,0.377
2016-02-23,24.2,26.0,23.0,1.20,5.0,0.374
2016-02-24,24.1,25.8,22.9,1.80,8.0,0.372
2016-02-25,24.1,26.1,22.7,0.40,3.0,0.369
2016-02-26,24.0,25.8,23.0,3.50,18.0,0.367
2016-02-27,24.1,26.0,22.8,1.70,14.0,0.368
2016-02-28,24.4,26.1,23.1,0.50,5.0,0.367
2016-02-29,24.3,26.3,23.0,0.20,2.0,0.364
2016-03-01,24.3,26.1,23.0,1.10,4.0,0.361
2016-03-02,24.7,26.8,23.4,0.10,1.0,0.359
2016-03-03,24.8,26.8,23.3,0.00,0.0,0.356
2016-03-04,24.5,25.8,23.2,1.60,7.0,0.355
2016-03-05,25.4,27.8,23.5,0.10,1.0,0.353
2016-03-06,25.4,28.0,23.4,1.00,5.0,0.350
2016-03-07,25.2,27.3,23.4,0.00,0.0,0.347
2016-03-08,25.2,27.1,23.6,1.80,10.0,0.345
2016-03-09,25.4,27.5,24.1,2.00,8.0,0.344
2016-03-10,24.9,27.4,23.1,0.00,0.0,0.341
2016-03-11,25.0,27.4,23.6,0.10,1.0,0.337
2016-03-12,25.4,27.6,23.7,0.10,1.0,0.334
2016-03-13,25.1,27.5,23.5,0.40,3.0,0.332
2016-03-14,24.6,26.9,22.4,0.00,0.0,0.329
2016-03-15,25.0,27.4,23.3,0.10,1.0,0.326
2016-03-16,25.1,27.2,23.3,0.80,4.0,0.324
2016-03-17,25.3,27.7,23.4,0.60,3.0,0.322
2016-03-18,25.1,27.5,22.2,0.00,0.0,0.320
2016-03-19,25.0,27.4,23.3,0.60,4.0,0.318
2016-03-20,25.5,28.1,23.8,0.20,1.0,0.315
2016-03-21,25.0,27.5,23.2,0.30,2.0,0.313
2016-03-22,25.1,27.5,23.3,0.20,2.0,0.311
2016-03-23,25.4,28.1,23.4,0.90,5.0,0.309
2016-03-24,25.6,28.1,23.6,0.40,1.0,0.307
2016-03-25,25.4,27.8,23.2,0.70,3.0,0.305
2016-03-26,25.1,27.8,23.1,0.30,2.0,0.304
2016-03-27,25.2,28.2,22.5,1.30,6.0,0.302
2016-03-28,25.5,28.1,23.6,0.00,0.0,0.300
2016-03-29,25.5,27.6,23.4,0.20,1.0,0.299
2016-03-30,26.0,28.4,24.1,0.30,2.0,0.297
2016-03-31,25.8,28.2,23.8,0.30,2.0,0.296
2016-04-01,26.1,28.8,24.2,0.00,0.0,0.295
2016-04-02,26.0,28.1,24.1,0.30,1.0,0.293
2016-04-03,25.8,27.9,23.9,0.90,6.0,0.292
2016-04-04,26.0,28.0,24.5,0.80,6.0,0.290
2016-04-05,26.2,28.8,24.5,0.60,3.0,0.290
2016-04-06,26.1,29.0,23.9,0.20,1.0,0.289
2016-04-07,25.9,28.5,23.7,0.20,2.0,0.287
2016-04-08,26.5,28.9,24.5,0.00,0.0,0.286
2016-04-09,26.4,29.5,24.3,0.30,1.0,0.285
2016-04-10,26.2,28.3,24.4,0.20,2.0,0.284
2016-04-11,26.3,29.0,24.4,0.90,5.0,0.283
2016-04-12,26.7,29.4,24.4,0.50,4.0,0.283
2016-04-13,26.7,29.0,24.7,1.70,9.0,0.281
2016-04-14,26.5,29.2,24.6,3.70,11.0,0.282
2016-04-15,26.5,28.8,25.1,4.50,14.0,0.284
2016-04-16,26.6,28.9,24.6,0.90,5.0,0.284
2016-04-17,26.5,28.8,24.5,0.60,4.0,0.282
2016-04-18,26.2,28.6,23.9,0.40,2.0,0.281
2016-04-19,26.6,29.3,24.6,1.40,4.0,0.279
2016-04-20,26.0,28.2,24.3,1.70,7.0,0.278
2016-04-21,26.3,29.0,24.3,0.20,1.0,0.277
2016-04-22,26.2,29.0,24.4,1.00,4.0,0.276
2016-04-23,26.6,29.5,24.1,0.30,1.0,0.275
2016-04-24,26.6,29.4,24.3,0.70,3.0,0.274
2016-04-25,26.5,29.3,24.6,1.20,5.0,0.273
2016-04-26,26.7,29.4,24.8,0.20,2.0,0.272
2016-04-27,26.7,29.2,24.4,1.10,4.0,0.271
2016-04-28,27.0,30.3,24.4,0.90,3.0,0.271
2016-04-29,27.1,30.2,24.9,2.10,5.0,0.270
2016-04-30,27.2,29.9,24.9,1.70,4.0,0.270
2016-05-01,26.9,29.4,25.3,2.70,4.0,0.269
2016-05-02,26.4,29.1,24.4,8.50,11.0,0.273
2016-05-03,26.7,28.9,24.7,1.60,6.0,0.275
2016-05-04,26.6,28.5,25.0,0.30,3.0,0.273
2016-05-05,26.7,29.1,25.1,0.60,2.0,0.272
2016-05-06,26.7,28.8,24.9,1.40,8.0,0.270
2016-05-07,26.9,29.5,24.8,1.00,5.0,0.269
2016-05-08,26.8,29.3,24.6,1.40,4.0,0.268
2016-05-09,26.9,29.4,25.1,0.20,2.0,0.267
2016-05-10,26.8,29.3,24.8,1.20,5.0,0.266
2016-05-11,27.2,29.8,25.2,0.70,3.0,0.265
2016-05-12,27.0,29.6,25.7,1.50,3.0,0.264
2016-05-13,27.3,30.3,24.9,1.30,5.0,0.264
2016-05-14,27.1,29.5,25.3,1.40,8.0,0.263
2016-05-15,26.5,29.1,25.1,2.80,9.0,0.263
2016-05-16,26.2,29.2,24.2,7.80,9.0,0.268
2016-05-17,26.0,28.8,24.3,7.80,7.0,0.269
2016-05-18,26.0,28.5,24.3,6.60,8.0,0.273
2016-05-19,26.2,28.9,24.5,5.50,9.0,0.276
2016-05-20,25.6,28.3,24.2,11.80,13.0,0.279
2016-05-21,26.3,28.2,24.3,5.00,13.0,0.285
2016-05-22,26.2,28.7,24.3,7.50,8.0,0.289
2016-05-23,25.2,27.6,23.6,10.50,16.0,0.299
2016-05-24,26.7,29.0,24.7,1.20,1.0,0.299
2016-05-25,25.9,28.4,23.9,12.00,12.0,0.306
2016-05-26,25.9,28.0,24.0,3.50,4.0,0.310
2016-05-27,26.5,28.9,24.9,6.30,5.0,0.309
2016-05-28,25.6,28.2,23.0,20.90,11.0,0.322
2016-05-29,26.0,28.2,24.1,7.70,12.0,0.326
2016-05-30,26.0,28.1,24.4,22.10,12.0,0.330
2016-05-31,25.8,27.7,24.4,17.20,11.0,0.338
2016-06-01,25.6,28.1,24.0,10.40,11.0,0.347
2016-06-02,25.7,28.4,24.1,9.00,7.0,0.353
2016-06-03,26.4,28.4,24.8,1.50,4.0,0.352
2016-06-04,26.2,28.8,24.0,3.80,9.0,0.354
2016-06-05,25.8,28.4,23.9,6.90,12.0,0.354
2016-06-06,25.4,27.6,24.2,9.10,15.0,0.358
2016-06-07,26.1,28.4,23.9,2.80,5.0,0.361
2016-06-08,26.2,28.7,24.1,8.00,3.0,0.361
2016-06-09,26.2,28.6,24.4,3.00,3.0,0.362
2016-06-10,26.1,28.6,23.6,12.20,7.0,0.362
2016-06-11,25.8,28.1,23.6,4.30,8.0,0.370
2016-06-12,25.7,27.0,24.4,1.60,4.0,0.368
2016-06-13,25.8,28.3,24.1,5.30,8.0,0.369
2016-06-14,25.5,28.0,23.6,8.80,10.0,0.371
2016-06-15,25.6,28.1,23.4,9.90,11.0,0.378
2016-06-16,25.8,28.0,23.8,9.20,15.0,0.384
2016-06-17,26.0,28.2,24.7,8.20,11.0,0.385
2016-06-18,26.0,27.8,24.5,5.80,11.0,0.388
2016-06-19,25.4,27.6,23.4,22.20,22.0,0.394
2016-06-20,24.9,26.9,23.5,31.40,17.0,0.406
2016-06-21,24.7,26.5,23.5,11.00,16.0,0.423
2016-06-22,24.5,26.5,23.1,55.60,23.0,0.441
2016-06-23,25.1,27.6,23.4,10.50,10.0,0.455
2016-06-24,24.6,26.9,23.3,12.80,18.0,0.459
2016-06-25,24.7,26.6,23.3,37.80,14.0,0.464
2016-06-26,24.7,26.8,23.2,17.00,12.0,0.465
2016-06-27,25.2,27.5,23.4,0.90,4.0,0.463
2016-06-28,25.0,27.3,23.2,18.30,15.0,0.463
2016-06-29,24.7,26.1,23.4,9.40,17.0,0.469
2016-06-30,25.0,27.0,23.3,29.30,17.0,0.470
2016-07-01,24.3,26.1,23.3,16.60,22.0,0.475
2016-07-02,24.6,26.7,23.5,20.60,19.0,0.473
2016-07-03,24.1,25.1,23.0,9.80,15.0,0.474
2016-07-04,24.9,27.3,23.4,6.90,6.0,0.464
2016-07-05,25.1,26.9,23.9,8.50,4.0,0.465
2016-07-06,24.9,26.7,23.9,4.10,5.0,0.462
2016-07-07,24.7,25.6,23.6,2.10,9.0,0.460
2016-07-08,25.6,27.1,24.3,0.00,0.0,0.456
2016-07-09,25.7,27.4,24.6,0.80,4.0,0.451
2016-07-10,26.2,28.3,24.4,0.00,0.0,0.446
2016-07-11,26.2,28.5,24.1,0.10,1.0,0.441
2016-07-12,25.5,27.6,23.9,7.80,14.0,0.439
2016-07-13,25.3,27.3,23.7,7.50,11.0,0.442
2016-07-14,25.1,27.3,22.8,7.10,13.0,0.445
2016-07-15,26.0,28.4,24.0,2.10,5.0,0.442
2016-07-16,25.9,28.3,24.2,3.60,7.0,0.439
2016-07-17,25.9,28.1,23.9,2.00,6.0,0.437
2016-07-18,25.8,27.9,23.9,6.20,11.0,0.435
2016-07-19,25.0,27.3,23.6,17.90,13.0,0.441
2016-07-20,25.7,27.3,24.2,1.90,6.0,0.445
2016-07-21,26.3,28.2,24.7,0.10,1.0,0.441
2016-07-22,25.5,27.1,24.4,6.50,17.0,0.439
2016-07-23,25.5,28.1,23.8,9.30,15.0,0.442
2016-07-24,25.5,27.8,23.9,6.70,15.0,0.444
2016-07-25,25.4,27.7,23.4,5.70,9.0,0.446
2016-07-26,25.6,27.5,23.8,5.40,9.0,0.447
2016-07-27,25.4,27.3,23.7,10.20,10.0,0.447
2016-07-28,24.6,26.9,22.9,17.40,17.0,0.453
2016-07-29,23.8,24.4,22.7,30.10,22.0,0.469
2016-07-30,24.7,26.7,23.2,9.10,11.0,0.473
2016-07-31,24.8,26.2,24.1,4.20,8.0,0.468
2016-08-01,25.0,26.3,24.0,0.50,3.0,0.465
2016-08-02,25.3,27.5,23.4,0.70,4.0,0.459
2016-08-03,25.2,27.4,23.3,11.50,9.0,0.456
2016-08-04,25.4,28.0,23.6,4.00,3.0,0.460
2016-08-05,25.0,27.1,23.7,6.30,8.0,0.459
2016-08-06,24.5,26.9,23.5,17.00,15.0,0.462
2016-08-07,24.7,26.8,23.4,6.70,10.0,0.466
2016-08-08,25.5,27.0,24.3,0.90,4.0,0.462
2016-08-09,25.2,26.7,24.2,4.20,8.0,0.459
2016-08-10,25.5,27.0,24.1,1.50,7.0,0.456
2016-08-11,25.7,27.6,24.5,0.40,1.0,0.451
2016-08-12,25.7,27.1,24.6,0.60,3.0,0.445
2016-08-13,25.8,27.4,24.9,0.20,1.0,0.440
2016-08-14,25.7,27.7,24.5,0.40,2.0,0.436
2016-08-15,25.4,27.1,24.4,5.20,6.0,0.433
2016-08-16,25.9,27.8,24.7,0.10,1.0,0.431
2016-08-17,26.0,27.9,24.7,0.10,1.0,0.426
2016-08-18,26.5,28.6,24.7,0.00,0.0,0.421
2016-08-19,26.6,29.1,24.8,0.00,0.0,0.416
2016-08-20,25.4,27.0,23.9,8.90,12.0,0.413
2016-08-21,23.8,24.7,23.1,14.10,21.0,0.424
2016-08-22,24.9,26.6,23.9,2.60,11.0,0.425
2016-08-23,25.3,26.9,24.0,1.20,6.0,0.421
2016-08-24,26.1,28.2,24.3,0.00,0.0,0.417
2016-08-25,26.0,28.4,24.6,3.50,2.0,0.413
2016-08-26,25.7,27.7,24.6,3.10,4.0,0.411
2016-08-27,25.5,27.8,24.5,3.40,3.0,0.410
2016-08-28,26.1,28.6,24.3,1.10,1.0,0.407
2016-08-29,26.1,28.6,24.4,1.80,2.0,0.403
2016-08-30,26.2,29.1,24.3,0.90,2.0,0.399
2016-08-31,25.8,28.6,24.2,2.60,3.0,0.395
2016-09-01,26.3,29.1,23.7,0.00,0.0,0.392
2016-09-02,26.4,28.9,24.3,0.20,1.0,0.388
2016-09-03,26.0,28.8,24.8,0.60,1.0,0.384
2016-09-04,26.2,28.7,24.5,0.00,0.0,0.380
2016-09-05,25.6,28.6,23.8,6.30,6.0,0.377
2016-09-06,25.5,27.5,23.8,3.80,6.0,0.380
2016-09-07,24.8,27.5,23.0,39.40,17.0,0.385
2016-09-08,23.8,25.1,23.0,44.00,24.0,0.422
2016-09-09,24.0,25.7,22.6,21.60,24.0,0.445
2016-09-10,24.6,27.0,23.1,12.10,12.0,0.451
2016-09-11,24.8,26.6,23.7,4.10,5.0,0.456
2016-09-12,24.8,27.1,23.7,12.20,11.0,0.458
2016-09-13,24.9,26.9,23.9,6.90,11.0,0.461
2016-09-14,24.9,26.6,23.5,2.50,8.0,0.462
2016-09-15,25.2,27.5,24.0,3.80,4.0,0.460
2016-09-16,25.3,27.0,23.7,0.90,2.0,0.456
2016-09-17,25.6,27.7,24.4,8.90,2.0,0.454
2016-09-18,25.8,28.4,23.9,2.50,4.0,0.453
2016-09-19,24.9,26.6,23.3,9.80,14.0,0.457
2016-09-20,24.3,25.7,23.0,24.20,19.0,0.467
2016-09-21,25.3,27.1,23.5,6.50,12.0,0.468
2016-09-22,25.0,27.9,22.8,18.70,14.0,0.470
2016-09-23,24.7,26.4,23.4,15.70,15.0,0.475
2016-09-24,24.4,26.4,23.0,10.50,10.0,0.475
2016-09-25,24.8,27.1,23.6,9.10,11.0,0.475
2016-09-26,24.6,25.5,23.9,8.40,9.0,0.473
2016-09-27,25.1,27.6,23.8,5.00,5.0,0.470
2016-09-28,25.1,27.3,23.8,0.00,0.0,0.466
2016-09-29,24.6,26.3,23.5,4.20,9.0,0.462
2016-09-30,25.1,28.1,23.3,8.30,5.0,0.462
2016-10-01,25.2,27.8,23.7,3.40,3.0,0.460
2016-10-02,25.2,27.6,23.8,3.60,4.0,0.459
2016-10-03,25.0,27.5,23.8,10.60,9.0,0.459
2016-10-04,24.4,26.1,23.5,13.10,18.0,0.464
2016-10-05,24.0,25.2,23.2,13.20,24.0,0.471
2016-10-06,24.9,27.2,23.2,3.50,7.0,0.471
2016-10-07,25.4,28.0,23.5,1.70,2.0,0.468
2016-10-08,25.3,28.1,23.3,10.20,9.0,0.467
2016-10-09,25.5,27.8,23.6,1.60,7.0,0.467
2016-10-10,24.9,27.6,23.2,4.70,12.0,0.463
2016-10-11,23.7,24.5,22.7,42.90,19.0,0.470
2016-10-12,23.4,24.1,22.9,50.70,24.0,0.476
2016-10-13,23.7,24.8,22.8,35.40,21.0,0.477
2016-10-14,24.2,26.0,23.3,14.90,13.0,0.472
2016-10-15,24.7,26.7,23.5,0.30,2.0,0.463
2016-10-16,24.9,26.0,23.8,1.20,9.0,0.454
2016-10-17,25.3,27.3,23.5,5.80,10.0,0.448
2016-10-18,25.2,27.2,23.8,5.80,9.0,0.446
2016-10-19,25.2,27.3,23.8,1.50,3.0,0.442
2016-10-20,25.4,27.2,24.2,1.10,5.0,0.437
2016-10-21,25.1,27.8,23.5,4.30,1.0,0.432
2016-10-22,25.3,27.4,23.2,2.00,6.0,0.430
2016-10-23,25.3,27.3,23.6,4.70,9.0,0.426
2016-10-24,25.1,27.2,23.2,12.50,15.0,0.432
2016-10-25,25.0,27.4,23.6,8.30,10.0,0.432
2016-10-26,24.8,27.3,22.8,12.20,16.0,0.435
2016-10-27,25.0,26.6,23.7,9.70,18.0,0.437
2016-10-28,24.4,26.4,23.3,13.00,15.0,0.444
2016-10-29,24.4,26.1,23.5,14.60,21.0,0.451
2016-10-30,24.8,26.9,23.1,10.20,12.0,0.458
2016-10-31,24.0,25.4,23.0,41.70,23.0,0.464
2016-11-01,23.9,25.3,23.1,23.70,24.0,0.476
2016-11-02,24.7,26.8,23.1,8.60,21.0,0.473
2016-11-03,23.8,24.7,22.9,32.60,24.0,0.475
2016-11-04,23.6,24.6,22.9,31.20,19.0,0.469
2016-11-05,24.2,25.6,23.2,9.00,18.0,0.457
2016-11-06,24.6,26.3,23.1,1.40,6.0,0.451
2016-11-07,24.5,25.7,23.5,4.00,17.0,0.444
2016-11-08,24.6,25.9,23.3,1.10,4.0,0.438
2016-11-09,24.5,26.1,23.3,0.00,0.0,0.430
2016-11-10,24.2,26.1,22.7,1.50,9.0,0.424
2016-11-11,24.5,26.2,23.2,0.40,4.0,0.419
2016-11-12,24.4,26.1,22.8,4.40,8.0,0.415
2016-11-13,25.1,26.7,23.8,0.50,3.0,0.413
2016-11-14,24.6,26.6,23.3,8.60,15.0,0.411
2016-11-15,24.7,27.0,23.3,3.50,10.0,0.413
2016-11-16,25.0,26.7,23.4,4.00,7.0,0.411
2016-11-17,24.0,25.7,22.7,20.40,16.0,0.418
2016-11-18,24.5,25.9,23.4,22.50,20.0,0.430
2016-11-19,24.3,26.4,23.4,22.60,21.0,0.446
2016-11-20,25.0,26.8,23.8,3.90,8.0,0.452
2016-11-21,25.2,26.7,23.8,0.90,6.0,0.448
2016-11-22,25.2,27.1,23.9,2.10,8.0,0.444
2016-11-23,24.9,26.2,23.2,9.40,9.0,0.447
2016-11-24,24.1,25.5,23.1,58.60,17.0,0.453
2016-11-25,24.7,26.7,23.2,24.60,12.0,0.471
2016-11-26,24.4,27.1,22.7,21.80,16.0,0.473
2016-11-27,25.1,27.2,23.2,0.80,2.0,0.473
2016-11-28,25.5,27.3,23.8,1.00,5.0,0.467
2016-11-29,24.9,26.2,24.2,1.30,6.0,0.462
2016-11-30,24.6,25.9,23.8,9.10,12.0,0.460
2016-12-01,24.7,26.1,23.8,4.50,11.0,0.461
2016-12-02,24.7,25.9,23.7,3.30,10.0,0.458
2016-12-03,24.4,25.8,23.1,15.00,18.0,0.460
2016-12-04,24.8,26.3,23.4,4.70,15.0,0.461
2016-12-05,24.9,26.8,23.6,2.80,11.0,0.459
2016-12-06,24.3,25.8,23.3,8.60,16.0,0.457
2016-12-07,24.5,26.2,23.2,9.50,19.0,0.460
2016-12-08,24.2,26.5,22.7,14.70,16.0,0.466
2016-12-09,24.8,27.2,22.8,0.30,2.0,0.466
2016-12-10,24.7,26.4,23.1,7.80,8.0,0.464
2016-12-11,25.1,27.3,23.6,5.80,2.0,0.464
2016-12-12,24.9,27.2,23.2,8.10,6.0,0.464
2016-12-13,24.5,26.8,22.9,4.30,8.0,0.464
2016-12-14,24.3,26.3,23.2,11.40,12.0,0.464
2016-12-15,24.2,25.9,22.9,9.20,17.0,0.465
2016-12-16,23.8,25.9,22.9,4.50,9.0,0.468
2016-12-17,23.6,25.0,22.7,25.00,21.0,0.473
2016-12-18,24.2,25.5,23.3,5.70,15.0,0.469
2016-12-19,24.3,25.5,23.3,3.00,8.0,0.466
2016-12-20,24.8,26.7,23.7,2.50,9.0,0.461
2016-12-21,24.6,26.4,23.3,7.30,12.0,0.460
2016-12-22,24.8,26.7,23.6,2.50,6.0,0.456
2016-12-23,24.3,26.1,23.1,7.50,13.0,0.455
2016-12-24,24.6,26.1,23.6,2.50,12.0,0.452
2016-12-25,24.9,26.6,23.6,0.50,3.0,0.448
2016-12-26,25.3,27.6,23.8,0.60,3.0,0.442
2016-12-27,24.8,26.6,23.3,9.40,16.0,0.439
2016-12-28,25.1,27.2,23.0,1.50,7.0,0.439
2016-12-29,25.1,27.0,23.2,0.70,4.0,0.435
2016-12-30,25.0,26.7,23.4,1.60,6.0,0.431
2016-12-31,25.1,26.8,24.0,1.60,6.0,0.427
2017-01-01,23.9,26.2,22.2,3.50,15.0,0.446
2017-01-02,23.6,26.8,21.6,4.20,18.0,0.458
2017-01-03,23.9,26.6,22.0,2.20,13.0,0.458
2017-01-04,24.2,27.4,22.2,0.40,4.0,0.455
2017-01-05,23.5,26.4,22.1,2.40,12.0,0.452
2017-01-06,23.1,26.3,20.3,0.00,0.0,0.450
2017-01-07,23.2,25.4,20.9,0.10,1.0,0.447
2017-01-08,21.7,22.5,19.5,29.70,20.0,0.452
2017-01-09,22.2,23.5,20.0,63.10,23.0,0.498
2017-01-10,23.1,24.2,21.9,8.30,22.0,0.510
2017-01-11,22.9,25.0,21.8,28.90,18.0,0.514
2017-01-12,22.7,24.5,21.5,4.90,17.0,0.510
2017-01-13,22.7,25.6,20.8,4.60,6.0,0.504
2017-01-14,22.5,24.1,21.9,7.80,12.0,0.499
2017-01-15,23.1,25.2,21.8,8.20,13.0,0.502
2017-01-16,21.6,22.2,20.6,128.50,21.0,0.508
2017-01-17,21.9,23.7,20.5,6.90,14.0,0.495
2017-01-18,22.8,25.3,21.3,2.30,8.0,0.479
2017-01-19,22.7,24.9,21.3,7.80,13.0,0.472
2017-01-20,23.7,27.6,20.8,0.80,6.0,0.471
2017-01-21,23.5,27.0,21.9,11.90,12.0,0.467
2017-01-22,23.5,25.7,21.7,1.90,7.0,0.465
2017-01-23,23.3,25.9,21.6,0.40,4.0,0.461
2017-01-24,23.2,25.9,21.2,0.60,4.0,0.457
2017-01-25,22.8,25.0,21.1,0.00,0.0,0.451
2017-01-26,22.6,25.2,20.1,0.00,0.0,0.445
2017-01-27,23.0,26.8,20.2,0.00,0.0,0.439
2017-01-28,22.3,24.3,20.8,3.50,9.0,0.436
2017-01-29,23.6,26.4,21.6,22.30,14.0,0.464
2017-01-30,23.8,27.1,21.9,8.00,11.0,0.470
2017-01-31,23.9,27.2,21.8,7.00,16.0,0.473
2017-02-01,23.1,26.0,21.7,25.50,11.0,0.474
2017-02-02,23.4,26.6,20.5,1.30,2.0,0.480
2017-02-03,22.7,25.2,21.1,5.50,11.0,0.477
2017-02-04,22.7,25.6,20.5,1.00,6.0,0.475
2017-02-05,22.5,24.6,20.7,1.10,5.0,0.471
2017-02-06,22.9,25.6,21.2,0.00,0.0,0.466
2017-02-07,22.6,24.7,20.3,0.10,1.0,0.461
2017-02-08,22.9,25.0,21.0,0.80,6.0,0.456
2017-02-09,22.9,25.4,21.0,2.10,5.0,0.453
2017-02-10,22.7,25.5,20.6,0.20,2.0,0.448
2017-02-11,22.1,25.5,19.8,0.90,5.0,0.444
2017-02-12,21.9,24.9,19.5,0.10,1.0,0.439
2017-02-13,21.2,24.8,18.7,0.00,0.0,0.434
2017-02-14,21.5,24.7,19.0,0.10,1.0,0.429
2017-02-15,22.4,25.6,20.1,0.10,1.0,0.424
2017-02-16,21.6,23.3,20.7,19.80,15.0,0.427
2017-02-17,23.1,26.2,20.7,1.80,4.0,0.457
2017-02-18,23.4,26.7,21.6,9.90,10.0,0.461
2017-02-19,23.0,25.3,21.3,1.90,6.0,0.457
2017-02-20,22.2,24.1,21.2,10.00,13.0,0.460
2017-02-21,23.5,26.4,21.2,1.50,3.0,0.459
2017-02-22,23.3,26.2,20.4,1.80,9.0,0.455
2017-02-23,22.7,24.3,21.7,14.60,17.0,0.457
2017-02-24,23.9,27.1,21.7,4.20,10.0,0.465
2017-02-25,23.2,26.8,19.1,0.00,0.0,0.460
2017-02-26,23.7,27.1,20.8,0.80,5.0,0.455
2017-02-27,23.5,26.2,21.2,2.50,9.0,0.450
2017-02-28,23.8,27.1,21.5,0.00,0.0,0.445
2017-03-01,23.4,27.0,20.7,1.90,8.0,0.441
2017-03-02,23.8,27.7,20.8,0.50,4.0,0.437
2017-03-03,23.7,27.5,20.7,0.20,2.0,0.432
2017-03-04,23.1,26.7,20.0,0.20,2.0,0.427
2017-03-05,23.6,28.0,20.3,0.00,0.0,0.422
2017-03-06,22.9,26.8,20.6,15.40,11.0,0.423
2017-03-07,22.3,24.0,21.4,40.40,22.0,0.443
2017-03-08,22.2,24.8,21.3,6.40,17.0,0.451
2017-03-09,21.8,22.6,20.8,12.40,17.0,0.458
2017-03-10,23.0,26.6,20.2,1.50,9.0,0.465
2017-03-11,22.8,25.1,21.6,14.00,20.0,0.471
2017-03-12,23.5,26.2,21.3,17.50,15.0,0.480
2017-03-13,23.4,26.6,21.5,17.70,19.0,0.481
2017-03-14,24.0,27.9,20.4,2.20,8.0,0.477
2017-03-15,23.4,26.1,21.7,10.70,14.0,0.477
2017-03-16,23.2,25.9,21.1,2.20,8.0,0.474
2017-03-17,23.5,27.4,20.4,0.00,0.0,0.469
2017-03-18,22.9,25.8,19.9,0.70,3.0,0.465
2017-03-19,23.1,26.7,20.2,0.40,3.0,0.460
2017-03-20,21.8,23.6,19.7,8.00,7.0,0.459
2017-03-21,23.6,27.2,20.2,1.30,4.0,0.460
2017-03-22,24.0,26.8,21.3,2.00,8.0,0.455
2017-03-23,24.1,27.6,21.2,0.50,3.0,0.450
2017-03-24,23.9,27.5,20.9,0.30,3.0,0.446
2017-03-25,24.6,28.0,21.9,0.00,0.0,0.441
2017-03-26,24.0,27.6,21.9,4.30,5.0,0.437
2017-03-27,24.2,27.2,21.9,1.40,6.0,0.435
2017-03-28,23.0,25.9,21.7,43.00,16.0,0.442
2017-03-29,23.7,26.7,21.5,1.60,11.0,0.432
2017-03-30,23.7,25.8,22.1,16.10,8.0,0.436
2017-03-31,23.1,24.7,22.0,7.50,15.0,0.447
2017-04-01,23.6,26.4,21.8,5.40,11.0,0.460
2017-04-02,23.6,26.1,21.8,7.70,9.0,0.459
2017-04-03,22.9,25.9,21.6,24.10,14.0,0.465
2017-04-04,22.6,24.8,21.6,12.80,15.0,0.469
2017-04-05,23.2,26.3,21.1,4.50,15.0,0.476
2017-04-06,23.3,26.3,21.4,8.00,15.0,0.476
2017-04-07,24.3,27.7,21.4,1.10,7.0,0.477
2017-04-08,24.7,27.6,22.2,0.80,4.0,0.473
2017-04-09,24.6,28.0,22.0,0.00,0.0,0.468
2017-04-10,24.2,27.6,21.5,0.50,4.0,0.463
2017-04-11,24.4,28.4,20.4,0.50,5.0,0.458
2017-04-12,24.3,26.9,21.2,1.80,9.0,0.454
2017-04-13,24.9,29.0,22.3,1.90,9.0,0.449
2017-04-14,24.5,28.1,21.5,1.40,5.0,0.445
2017-04-15,24.2,27.5,22.5,10.60,16.0,0.443
2017-04-16,23.5,25.5,22.2,6.40,17.0,0.450
2017-04-17,25.0,28.0,22.6,0.80,7.0,0.456
2017-04-18,25.0,28.2,22.4,1.40,6.0,0.452
2017-04-19,25.2,28.9,21.8,0.00,0.0,0.447
2017-04-20,24.9,27.7,22.6,0.90,6.0,0.443
2017-04-21,24.8,27.8,22.3,2.10,5.0,0.438
2017-04-22,25.0,28.2,22.2,2.50,8.0,0.433
2017-04-23,24.7,27.4,22.6,2.40,5.0,0.429
2017-04-24,24.9,28.1,22.3,2.10,8.0,0.427
2017-04-25,24.9,28.4,21.8,1.00,5.0,0.422
2017-04-26,24.9,27.3,22.4,0.90,7.0,0.418
2017-04-27,24.9,28.0,22.6,15.80,9.0,0.419
2017-04-28,25.0,29.0,21.0,0.00,0.0,0.415
2017-04-29,25.2,29.0,21.1,1.10,4.0,0.410
2017-04-30,25.3,28.6,22.7,1.10,5.0,0.406
2017-05-01,25.6,28.6,23.3,2.10,7.0,0.402
2017-05-02,25.6,28.8,22.7,0.90,6.0,0.398
2017-05-03,24.7,28.1,22.9,13.90,14.0,0.398
2017-05-04,25.1,28.2,22.6,0.10,1.0,0.402
2017-05-05,24.8,28.1,22.5,2.00,6.0,0.400
2017-05-06,24.7,27.7,22.1,7.90,13.0,0.402
2017-05-07,24.2,26.3,22.0,17.20,15.0,0.402
2017-05-08,24.4,27.7,22.5,17.60,12.0,0.398
2017-05-09,24.8,28.2,22.4,1.90,9.0,0.397
2017-05-10,24.9,27.7,22.7,0.10,1.0,0.391
2017-05-11,24.6,26.8,22.8,3.00,9.0,0.389
2017-05-12,24.5,27.1,22.6,4.60,12.0,0.390
2017-05-13,24.2,25.5,22.6,18.80,13.0,0.398
2017-05-14,25.4,28.6,23.0,2.70,9.0,0.393
2017-05-15,24.6,27.7,22.7,11.80,15.0,0.393
2017-05-16,24.7,27.9,22.8,13.40,12.0,0.393
2017-05-17,25.2,27.9,22.8,4.30,10.0,0.403
2017-05-18,25.8,28.7,23.2,2.60,9.0,0.401
2017-05-19,25.8,28.6,23.2,4.90,7.0,0.396
2017-05-20,24.8,27.4,23.0,26.10,14.0,0.400
2017-05-21,24.8,27.4,23.0,18.00,14.0,0.402
2017-05-22,24.8,27.2,22.9,16.20,12.0,0.410
2017-05-23,25.3,28.3,23.4,15.70,8.0,0.409
2017-05-24,24.9,28.1,22.8,16.80,15.0,0.413
2017-05-25,24.8,27.8,23.0,14.60,16.0,0.416
2017-05-26,25.3,28.1,22.9,4.60,9.0,0.416
2017-05-27,25.7,28.4,23.1,4.00,9.0,0.416
2017-05-28,25.3,28.1,22.9,8.60,14.0,0.416
2017-05-29,25.6,27.9,23.4,2.20,9.0,0.413
2017-05-30,25.0,28.1,23.3,12.40,17.0,0.416
2017-05-31,25.0,27.8,22.8,16.70,18.0,0.423
2017-06-01,25.1,27.7,22.9,6.00,8.0,0.423
2017-06-02,25.3,28.1,23.2,1.00,7.0,0.419
2017-06-03,24.9,27.9,22.7,4.40,6.0,0.417
2017-06-04,25.0,28.5,22.2,9.80,11.0,0.412
2017-06-05,24.8,28.4,22.8,20.50,12.0,0.415
2017-06-06,24.3,27.4,22.4,5.80,14.0,0.416
2017-06-07,24.2,27.6,22.1,18.40,15.0,0.431
2017-06-08,23.8,26.0,22.5,24.30,18.0,0.445
2017-06-09,23.6,25.5,22.1,14.60,23.0,0.455
2017-06-10,24.8,27.8,22.4,5.10,11.0,0.456
2017-06-11,25.5,28.9,22.9,0.20,2.0,0.451
2017-06-12,25.0,27.6,22.8,7.80,13.0,0.451
2017-06-13,25.2,27.9,23.0,4.50,7.0,0.451
2017-06-14,25.5,28.5,23.0,2.70,12.0,0.448
2017-06-15,24.9,28.1,22.2,2.90,6.0,0.445
2017-06-16,25.4,28.6,21.9,0.90,4.0,0.441
2017-06-17,25.2,28.1,23.0,3.40,7.0,0.436
2017-06-18,24.5,27.8,22.1,6.40,14.0,0.435
2017-06-19,24.7,27.7,22.6,2.90,12.0,0.436
2017-06-20,24.4,27.6,22.3,11.90,12.0,0.439
2017-06-21,23.8,27.6,22.2,16.30,13.0,0.444
2017-06-22,24.4,27.1,22.2,4.70,11.0,0.453
2017-06-23,24.6,27.1,22.6,5.40,10.0,0.457
2017-06-24,24.6,27.5,22.3,5.40,5.0,0.460
2017-06-25,25.3,28.4,22.7,1.80,10.0,0.455
2017-06-26,24.3,27.1,22.0,18.80,11.0,0.460
2017-06-27,24.2,26.9,22.3,11.80,15.0,0.470
2017-06-28,24.2,27.2,22.3,15.70,12.0,0.474
2017-06-29,24.1,27.4,21.7,10.90,15.0,0.477
2017-06-30,24.3,27.3,22.0,4.50,9.0,0.484
2017-07-01,24.3,27.3,22.3,43.30,16.0,0.500
2017-07-02,23.2,26.0,21.5,15.40,18.0,0.498
2017-07-03,24.5,27.2,22.4,2.10,10.0,0.496
2017-07-04,24.1,26.2,22.5,12.40,12.0,0.499
2017-07-05,24.7,27.5,22.4,0.80,6.0,0.494
2017-07-06,24.1,26.8,22.8,17.30,12.0,0.501
2017-07-07,23.8,25.6,22.0,3.30,11.0,0.500
2017-07-08,23.6,26.3,22.0,20.20,20.0,0.507
2017-07-09,24.1,27.9,22.2,7.40,7.0,0.507
2017-07-10,23.7,26.7,21.6,14.00,15.0,0.512
2017-07-11,23.4,25.8,22.0,27.70,17.0,0.514
2017-07-12,23.3,26.1,21.5,21.80,17.0,0.513
2017-07-13,24.0,27.2,21.8,15.70,17.0,0.510
2017-07-14,23.8,26.7,21.5,22.40,23.0,0.510
2017-07-15,23.6,26.1,21.8,7.30,19.0,0.506
2017-07-16,23.9,26.5,22.3,15.50,17.0,0.512
2017-07-17,23.8,27.6,21.5,17.10,20.0,0.512
2017-07-18,23.4,26.7,21.7,16.60,20.0,0.511
2017-07-19,23.5,26.0,22.0,18.00,21.0,0.514
2017-07-20,23.9,26.0,22.2,0.40,2.0,0.506
2017-07-21,23.9,26.4,22.4,4.00,9.0,0.502
2017-07-22,23.7,27.1,22.4,12.20,14.0,0.506
2017-07-23,22.6,23.7,22.0,28.80,24.0,0.515
2017-07-24,23.2,25.5,22.2,8.70,8.0,0.508
2017-07-25,23.8,26.1,22.0,2.30,7.0,0.496
2017-07-26,24.7,27.7,22.6,0.10,1.0,0.486
2017-07-27,25.0,28.4,22.7,2.10,5.0,0.477
2017-07-28,25.2,27.8,22.8,3.80,6.0,0.470
2017-07-29,25.3,27.7,23.1,5.10,9.0,0.464
2017-07-30,25.4,28.4,22.6,0.60,4.0,0.458
2017-07-31,25.5,28.9,23.0,1.00,5.0,0.455
2017-08-01,25.1,28.0,23.4,0.90,4.0,0.451
2017-08-02,24.4,26.8,22.7,5.00,8.0,0.454
2017-08-03,23.6,26.1,22.6,11.60,16.0,0.460
2017-08-04,24.0,26.9,21.9,12.30,8.0,0.467
2017-08-05,24.5,28.2,21.5,4.90,7.0,0.466
2017-08-06,24.7,28.0,22.3,8.80,5.0,0.464
2017-08-07,24.8,28.3,22.4,3.30,11.0,0.460
2017-08-08,24.6,27.7,21.9,4.70,10.0,0.457
2017-08-09,24.5,27.8,22.1,5.20,13.0,0.457
2017-08-10,24.3,27.8,22.2,16.10,19.0,0.460
2017-08-11,24.6,27.5,21.7,3.00,12.0,0.463
2017-08-12,24.4,27.1,22.7,12.50,14.0,0.464
2017-08-13,24.1,27.2,22.0,7.90,10.0,0.470
2017-08-14,24.3,27.3,22.2,6.40,14.0,0.472
2017-08-15,24.3,27.4,22.1,10.60,12.0,0.471
2017-08-16,23.9,26.3,22.3,20.50,17.0,0.479
2017-08-17,24.4,27.2,21.8,4.40,15.0,0.481
2017-08-18,24.1,27.2,21.8,9.50,17.0,0.480
2017-08-19,23.7,27.3,21.8,22.50,17.0,0.487
2017-08-20,24.4,27.5,22.3,1.00,7.0,0.492
2017-08-21,24.3,27.2,22.1,7.40,7.0,0.492
2017-08-22,24.7,27.0,22.6,1.40,6.0,0.487
2017-08-23,24.3,26.9,22.4,9.60,9.0,0.488
2017-08-24,23.8,26.3,22.5,7.60,19.0,0.493
2017-08-25,23.7,27.0,21.8,4.00,14.0,0.497
2017-08-26,24.6,28.0,21.9,0.10,1.0,0.494
2017-08-27,24.3,26.9,21.8,5.50,8.0,0.489
2017-08-28,24.2,27.5,21.8,1.70,10.0,0.484
2017-08-29,24.3,28.0,21.8,6.60,12.0,0.482
2017-08-30,24.8,28.0,22.5,0.80,7.0,0.482
2017-08-31,24.8,27.6,22.7,3.40,7.0,0.478
2017-09-01,25.1,28.6,22.3,0.40,4.0,0.476
2017-09-02,25.2,28.4,22.7,1.30,4.0,0.471
2017-09-03,24.9,27.9,22.6,6.50,8.0,0.468
2017-09-04,24.5,27.5,22.3,2.30,8.0,0.464
2017-09-05,24.4,28.3,22.1,6.80,10.0,0.466
2017-09-06,25.0,28.3,22.6,9.90,10.0,0.467
2017-09-07,24.9,28.5,22.0,1.10,8.0,0.466
2017-09-08,24.8,27.4,22.7,4.80,12.0,0.462
2017-09-09,24.3,27.5,22.4,10.40,11.0,0.462
2017-09-10,24.2,26.9,22.4,12.70,12.0,0.463
2017-09-11,24.0,26.2,22.5,15.50,9.0,0.468
2017-09-12,24.6,26.7,22.9,0.60,5.0,0.470
2017-09-13,24.9,27.2,23.1,3.60,4.0,0.466
2017-09-14,24.4,26.8,22.8,2.30,8.0,0.464
2017-09-15,24.3,28.0,22.1,12.80,12.0,0.462
2017-09-16,24.5,27.2,21.8,2.70,7.0,0.458
2017-09-17,24.5,27.6,22.4,8.70,8.0,0.456
2017-09-18,24.0,27.2,22.0,8.30,9.0,0.461
2017-09-19,23.5,26.8,22.3,26.70,15.0,0.467
2017-09-20,23.7,26.1,22.1,5.10,11.0,0.474
2017-09-21,23.7,26.3,22.4,13.90,15.0,0.479
2017-09-22,23.0,25.6,22.0,23.20,23.0,0.485
2017-09-23,23.9,27.1,21.8,6.10,7.0,0.496
2017-09-24,24.5,28.1,21.0,2.50,5.0,0.492
2017-09-25,23.2,25.5,21.8,16.90,20.0,0.494
2017-09-26,24.1,27.0,21.7,9.50,12.0,0.500
2017-09-27,25.2,28.2,22.9,5.30,5.0,0.496
2017-09-28,24.3,27.6,22.1,6.20,14.0,0.495
2017-09-29,23.8,25.9,21.8,13.10,14.0,0.497
2017-09-30,23.5,26.4,21.8,15.90,14.0,0.500
2017-10-01,24.3,27.4,22.1,7.00,10.0,0.500
2017-10-02,24.0,27.2,21.8,11.60,14.0,0.502
2017-10-03,23.7,26.4,21.7,8.40,13.0,0.501
2017-10-04,24.0,26.8,21.5,10.70,8.0,0.499
2017-10-05,24.3,27.1,22.4,8.50,11.0,0.500
2017-10-06,23.6,25.8,21.9,2.30,7.0,0.499
2017-10-07,24.4,27.1,22.0,2.30,6.0,0.497
2017-10-08,24.3,27.4,22.2,6.10,10.0,0.493
2017-10-09,24.2,26.8,22.6,5.30,10.0,0.492
2017-10-10,24.5,27.3,21.8,3.70,6.0,0.491
2017-10-11,24.9,28.2,22.5,1.30,8.0,0.487
2017-10-12,24.8,27.7,23.0,0.90,4.0,0.484
2017-10-13,24.6,26.1,23.3,9.70,7.0,0.485
2017-10-14,23.6,24.3,23.0,8.40,15.0,0.486
2017-10-15,24.1,26.8,22.5,7.90,20.0,0.489
2017-10-16,23.5,26.4,21.5,22.40,12.0,0.494
2017-10-17,23.2,24.9,22.2,16.60,19.0,0.501
2017-10-18,23.3,25.7,21.8,17.30,19.0,0.508
2017-10-19,23.0,24.2,22.3,69.60,24.0,0.515
2017-10-20,23.9,25.6,22.7,12.30,20.0,0.508
2017-10-21,24.2,26.4,22.7,3.30,10.0,0.498
2017-10-22,24.2,26.1,22.4,0.30,2.0,0.489
2017-10-23,24.1,27.3,22.2,10.20,11.0,0.481
2017-10-24,23.4,25.6,21.9,11.50,10.0,0.476
2017-10-25,23.3,26.1,21.2,9.70,9.0,0.476
2017-10-26,23.9,26.9,21.4,0.20,2.0,0.466
2017-10-27,23.7,26.7,21.6,11.60,9.0,0.461
2017-10-28,23.3,26.0,21.3,10.50,8.0,0.460
2017-10-29,23.8,26.5,21.6,3.40,11.0,0.460
2017-10-30,24.5,28.4,21.4,2.20,4.0,0.455
2017-10-31,22.5,22.9,21.8,45.10,22.0,0.474
2017-11-01,24.1,26.7,22.1,9.70,8.0,0.487
2017-11-02,23.8,27.0,21.8,10.50,13.0,0.489
2017-11-03,24.1,27.5,21.8,3.90,8.0,0.493
2017-11-04,23.9,27.3,21.8,6.00,12.0,0.489
2017-11-05,24.1,27.3,22.2,9.40,14.0,0.492
2017-11-06,23.9,27.4,22.5,9.00,17.0,0.494
2017-11-07,23.5,26.4,21.9,6.50,19.0,0.494
2017-11-08,24.4,27.6,21.9,1.40,9.0,0.492
2017-11-09,23.5,26.3,22.1,10.20,13.0,0.489
2017-11-10,24.0,26.5,22.4,19.90,13.0,0.493
2017-11-11,23.8,26.4,21.5,13.50,9.0,0.498
2017-11-12,23.8,26.1,21.8,7.20,12.0,0.494
2017-11-13,24.0,26.5,22.0,8.00,13.0,0.495
2017-11-14,24.7,27.8,22.7,1.50,8.0,0.498
2017-11-15,24.7,28.0,22.2,1.70,7.0,0.495
2017-11-16,23.2,25.2,22.2,18.90,16.0,0.499
2017-11-17,23.7,26.6,21.7,24.60,14.0,0.509
2017-11-18,23.9,26.0,22.0,6.40,10.0,0.501
2017-11-19,24.6,28.0,22.7,1.40,8.0,0.494
2017-11-20,24.6,27.7,22.5,1.00,7.0,0.486
2017-11-21,24.2,26.9,22.5,1.50,7.0,0.480
2017-11-22,24.5,27.7,22.1,1.10,7.0,0.474
2017-11-23,24.4,27.1,22.0,2.40,7.0,0.468
2017-11-24,24.2,26.6,22.6,1.80,8.0,0.462
2017-11-25,24.3,27.1,22.4,5.00,6.0,0.459
2017-11-26,24.1,26.8,22.3,2.90,13.0,0.455
2017-11-27,24.1,27.1,22.1,1.90,9.0,0.452
2017-11-28,24.5,27.5,22.3,0.80,5.0,0.448
2017-11-29,24.0,26.6,22.2,4.80,10.0,0.447
2017-11-30,24.3,27.2,22.3,2.50,13.0,0.450
2017-12-01,24.3,26.7,22.4,3.40,10.0,0.447
2017-12-02,24.8,27.7,22.5,0.40,4.0,0.443
2017-12-03,24.4,27.2,22.8,1.10,7.0,0.438
2017-12-04,24.3,27.8,21.3,0.30,3.0,0.435
2017-12-05,24.0,27.1,22.1,1.90,6.0,0.431
2017-12-06,23.9,27.0,21.6,3.80,11.0,0.432
2017-12-07,24.4,27.7,21.8,0.30,3.0,0.431
2017-12-08,24.3,26.7,22.0,1.50,6.0,0.427
2017-12-09,24.3,27.6,21.2,1.30,6.0,0.424
2017-12-10,24.1,27.3,22.1,1.40,6.0,0.426
2017-12-11,24.0,27.5,21.8,1.60,6.0,0.421
2017-12-12,23.5,26.4,21.9,26.70,14.0,0.430
2017-12-13,22.4,23.3,21.7,37.10,22.0,0.452
2017-12-14,21.7,22.5,19.9,51.80,22.0,0.503
2017-12-15,21.0,21.9,19.9,37.20,24.0,0.512
2017-12-16,19.9,21.6,17.8,68.80,24.0,0.509
2017-12-17,22.3,24.4,18.6,12.00,18.0,0.499
2017-12-18,23.3,25.8,21.8,2.10,15.0,0.491
2017-12-19,23.5,26.5,22.1,6.00,9.0,0.484
2017-12-20,24.3,27.9,21.6,0.00,0.0,0.476
2017-12-21,23.3,26.7,21.7,14.00,19.0,0.470
2017-12-22,22.8,24.3,22.1,18.60,22.0,0.475
2017-12-23,23.3,24.6,22.3,7.20,19.0,0.478
2017-12-24,24.1,27.2,22.2,2.80,12.0,0.476
2017-12-25,24.3,27.8,21.4,1.20,5.0,0.471
2017-12-26,24.0,26.6,22.3,1.20,11.0,0.465
2017-12-27,23.8,26.6,22.0,2.10,12.0,0.461
2017-12-28,23.6,25.8,22.0,5.30,8.0,0.458
2017-12-29,23.9,27.1,21.4,0.10,1.0,0.452
2017-12-30,23.3,25.3,21.6,0.30,3.0,0.447
2017-12-31,23.3,26.3,21.6,6.30,10.0,0.445
2018-01-01,22.6,23.8,21.7,23.50,15.0,0.454
2018-01-02,23.0,24.4,22.3,17.30,19.0,0.480
2018-01-03,23.6,26.4,22.0,8.20,17.0,0.486
2018-01-04,23.7,26.3,21.4,2.80,6.0,0.486
2018-01-05,23.6,26.2,22.2,2.60,8.0,0.482
2018-01-06,23.5,25.9,21.9,3.70,10.0,0.478
2018-01-07,23.4,25.3,22.2,3.60,7.0,0.475
2018-01-08,23.5,26.4,21.6,1.00,4.0,0.472
2018-01-09,24.0,27.2,21.7,1.20,7.0,0.467
2018-01-10,23.6,26.3,21.8,0.80,5.0,0.464
2018-01-11,23.6,26.6,21.7,1.10,6.0,0.460
2018-01-12,23.3,25.9,21.4,2.40,8.0,0.456
2018-01-13,22.8,25.8,21.6,15.80,11.0,0.459
2018-01-14,22.7,25.4,21.6,14.00,20.0,0.461
2018-01-15,21.9,22.9,21.2,49.90,21.0,0.478
2018-01-16,22.4,25.3,20.7,9.00,13.0,0.484
2018-01-17,23.4,26.5,21.3,14.50,11.0,0.508
2018-01-18,23.6,26.6,21.8,1.90,5.0,0.502
2018-01-19,23.4,25.7,21.8,1.20,4.0,0.498
2018-01-20,23.6,26.2,21.7,7.20,14.0,0.495
2018-01-21,22.5,24.9,21.3,8.60,15.0,0.496
2018-01-22,22.7,25.0,20.9,10.10,10.0,0.502
2018-01-23,23.5,26.6,21.0,1.00,9.0,0.500
2018-01-24,23.2,26.1,21.1,2.30,6.0,0.497
2018-01-25,23.9,27.3,21.3,1.60,6.0,0.501
2018-01-26,24.1,27.1,22.1,2.10,7.0,0.504
2018-01-27,23.3,26.2,21.6,42.80,14.0,0.504
2018-01-28,22.1,22.9,21.5,32.50,17.0,0.499
2018-01-29,23.1,25.8,21.1,3.50,9.0,0.483
2018-01-30,23.4,27.1,19.9,0.00,0.0,0.470
2018-01-31,23.4,26.9,20.2,0.00,0.0,0.459
2018-02-01,23.5,27.1,20.2,0.40,4.0,0.451
2018-02-02,23.1,26.7,21.6,13.60,9.0,0.447
2018-02-03,22.0,23.4,21.4,23.40,20.0,0.452
2018-02-04,22.9,26.0,21.2,17.70,8.0,0.465
2018-02-05,22.8,25.2,21.6,1.40,6.0,0.463
2018-02-06,22.8,24.7,21.3,1.00,7.0,0.460
2018-02-07,23.0,26.0,20.7,0.90,3.0,0.456
2018-02-08,22.9,26.1,20.3,0.00,0.0,0.451
2018-02-09,22.4,26.3,18.8,0.00,0.0,0.445
2018-02-10,22.5,26.5,19.2,0.00,0.0,0.439
2018-02-11,23.3,26.8,20.1,2.40,10.0,0.434
2018-02-12,23.0,26.0,21.5,22.20,16.0,0.436
2018-02-13,22.6,23.3,21.7,47.10,24.0,0.461
2018-02-14,23.1,24.9,21.8,11.60,17.0,0.478
2018-02-15,23.9,26.5,22.0,4.50,17.0,0.476
2018-02-16,24.1,27.6,21.8,0.00,0.0,0.472
2018-02-17,23.2,26.3,19.9,1.30,4.0,0.467
2018-02-18,23.5,27.1,20.4,0.80,3.0,0.464
2018-02-19,23.7,27.1,21.4,1.60,9.0,0.459
2018-02-20,23.7,26.5,20.9,1.70,7.0,0.455
2018-02-21,24.1,26.8,22.0,2.50,6.0,0.451
2018-02-22,23.9,27.8,20.9,0.70,4.0,0.446
2018-02-23,24.0,27.8,21.2,0.80,6.0,0.441
2018-02-24,22.9,24.9,21.5,21.80,15.0,0.443
2018-02-25,23.1,26.1,21.7,12.50,14.0,0.469
2018-02-26,23.8,26.9,21.7,4.00,11.0,0.471
2018-02-27,23.9,27.4,21.4,3.50,11.0,0.471
2018-02-28,24.2,27.7,21.7,0.70,4.0,0.466
2018-03-01,24.1,27.2,21.4,0.50,3.0,0.461
2018-03-02,24.3,28.1,21.2,0.20,2.0,0.456
2018-03-03,24.2,27.2,21.8,0.10,1.0,0.451
2018-03-04,24.2,28.4,21.5,1.40,8.0,0.446
2018-03-05,24.1,27.5,21.1,0.10,1.0,0.443
2018-03-06,24.5,28.3,21.6,0.00,0.0,0.438
2018-03-07,24.3,28.0,21.4,0.20,2.0,0.432
2018-03-08,24.0,28.1,20.1,0.00,0.0,0.427
2018-03-09,23.7,27.6,19.6,0.30,3.0,0.421
2018-03-10,23.7,27.5,20.1,0.30,3.0,0.416
2018-03-11,22.8,25.4,21.2,7.40,11.0,0.414
2018-03-12,22.3,24.4,21.1,10.00,18.0,0.419
2018-03-13,23.2,26.2,21.4,18.80,10.0,0.426
2018-03-14,23.8,27.8,20.4,0.10,1.0,0.418
2018-03-15,23.6,26.7,21.2,3.40,7.0,0.415
2018-03-16,24.4,28.4,20.6,2.30,4.0,0.412
2018-03-17,24.6,28.5,21.1,2.50,7.0,0.409
2018-03-18,24.2,27.2,21.6,2.30,6.0,0.405
2018-03-19,24.3,27.8,21.2,0.10,1.0,0.402
2018-03-20,24.1,27.0,21.5,2.00,8.0,0.398
2018-03-21,24.2,27.2,21.3,1.90,7.0,0.396
2018-03-22,24.3,28.2,20.8,0.10,1.0,0.393
2018-03-23,24.1,27.6,21.2,0.60,6.0,0.388
2018-03-24,23.4,26.4,21.4,2.80,10.0,0.384
2018-03-25,23.2,26.6,21.7,9.20,12.0,0.387
2018-03-26,23.6,26.7,21.3,0.50,4.0,0.393
2018-03-27,22.5,25.4,20.4,0.00,0.0,0.389
2018-03-28,23.0,25.7,20.7,0.70,2.0,0.386
2018-03-29,23.3,26.6,21.1,1.40,5.0,0.384
2018-03-30,23.4,27.0,20.9,0.40,4.0,0.381
2018-03-31,22.5,25.1,21.3,11.80,13.0,0.382
2018-04-01,23.4,27.2,21.5,0.80,3.0,0.383
2018-04-02,23.5,26.5,20.7,3.40,9.0,0.383
2018-04-03,23.9,27.3,20.9,3.10,9.0,0.384
2018-04-04,23.9,26.5,21.1,1.70,8.0,0.382
2018-04-05,23.8,26.8,21.1,1.80,8.0,0.378
2018-04-06,23.9,28.0,20.7,1.10,2.0,0.375
2018-04-07,23.7,27.6,21.1,3.30,13.0,0.373
2018-04-08,24.1,27.8,21.8,1.10,8.0,0.375
2018-04-09,24.6,27.9,22.3,2.20,12.0,0.373
2018-04-10,24.7,28.0,22.2,1.30,7.0,0.370
2018-04-11,24.6,27.8,22.3,8.30,11.0,0.369
2018-04-12,25.1,28.5,22.3,0.60,4.0,0.364
2018-04-13,25.1,28.2,22.7,0.80,4.0,0.362
2018-04-14,24.8,28.4,22.4,2.10,9.0,0.360
2018-04-15,25.3,28.9,22.3,0.00,0.0,0.356
2018-04-16,24.9,28.2,21.7,0.10,1.0,0.352
2018-04-17,25.5,29.5,22.2,0.00,0.0,0.349
2018-04-18,24.6,28.1,22.3,7.10,7.0,0.346
2018-04-19,24.8,28.4,22.7,3.40,13.0,0.345
2018-04-20,24.0,26.8,22.0,6.60,13.0,0.352
2018-04-21,24.8,27.9,22.3,1.90,10.0,0.357
2018-04-22,25.1,28.8,22.0,0.60,5.0,0.353
2018-04-23,25.4,28.8,22.7,1.30,7.0,0.349
2018-04-24,25.4,29.2,22.0,0.50,5.0,0.344
2018-04-25,25.2,28.4,22.5,2.00,8.0,0.340
2018-04-26,25.3,28.9,22.3,1.10,5.0,0.338
2018-04-27,25.4,29.0,22.2,1.80,8.0,0.335
2018-04-28,25.7,29.2,22.7,0.50,4.0,0.331
2018-04-29,25.5,29.6,22.0,1.80,8.0,0.326
2018-04-30,24.7,28.5,22.2,7.40,12.0,0.325
2018-05-01,25.3,28.7,22.8,3.90,10.0,0.325
2018-05-02,25.1,28.7,22.6,5.30,12.0,0.324
2018-05-03,23.4,25.7,21.7,33.10,19.0,0.338
2018-05-04,24.6,27.8,22.0,8.20,10.0,0.348
2018-05-05,24.6,28.4,22.2,8.70,13.0,0.351
2018-05-06,25.1,28.4,22.6,1.60,8.0,0.350
2018-05-07,24.9,27.9,22.5,1.70,7.0,0.344
2018-05-08,24.5,27.6,22.3,7.80,10.0,0.344
2018-05-09,24.6,27.6,22.2,4.30,14.0,0.345
2018-05-10,24.7,28.1,21.6,2.40,7.0,0.349
2018-05-11,25.0,28.4,21.9,1.30,5.0,0.345
2018-05-12,25.6,29.4,22.1,0.30,3.0,0.341
2018-05-13,25.2,28.3,22.5,3.10,7.0,0.339
2018-05-14,25.2,28.3,22.7,3.30,10.0,0.337
2018-05-15,25.1,28.8,22.7,3.60,11.0,0.337
2018-05-16,25.1,28.5,22.9,1.10,9.0,0.334
2018-05-17,25.3,28.3,22.5,1.20,6.0,0.331
2018-05-18,25.4,28.6,22.4,1.30,8.0,0.326
2018-05-19,25.6,29.1,22.7,1.20,8.0,0.324
2018-05-20,25.5,28.8,22.9,1.50,8.0,0.320
2018-05-21,25.2,28.6,22.7,4.90,5.0,0.319
2018-05-22,25.6,29.0,23.1,1.30,6.0,0.320
2018-05-23,25.8,29.0,23.0,1.40,7.0,0.314
2018-05-24,26.3,29.3,23.4,0.60,4.0,0.311
2018-05-25,25.1,28.3,23.5,7.00,8.0,0.310
2018-05-26,26.2,30.0,22.7,0.20,1.0,0.308
2018-05-27,26.1,29.7,23.4,4.60,11.0,0.305
2018-05-28,25.7,29.2,22.9,2.30,10.0,0.308
2018-05-29,25.1,28.8,22.8,9.90,17.0,0.308
2018-05-30,24.2,26.8,22.6,7.60,18.0,0.308
2018-05-31,24.8,28.2,22.7,9.20,14.0,0.315
2018-06-01,24.6,27.9,22.5,9.00,14.0,0.317
2018-06-02,23.1,24.6,22.3,46.30,12.0,0.334
2018-06-03,24.2,27.7,21.8,1.50,4.0,0.331
2018-06-04,25.7,28.7,22.8,0.30,3.0,0.328
2018-06-05,23.9,26.3,22.4,12.90,18.0,0.321
2018-06-06,23.6,25.4,22.0,17.40,20.0,0.302
2018-06-07,25.1,28.1,23.1,1.30,7.0,0.311
2018-06-08,25.2,27.9,23.4,0.90,4.0,0.309
2018-06-09,25.9,28.7,23.6,4.20,7.0,0.307
2018-06-10,25.6,27.9,23.2,1.80,3.0,0.304
2018-06-11,25.6,27.9,23.3,1.60,7.0,0.301
2018-06-12,25.7,29.2,22.4,0.00,0.0,0.298
2018-06-13,25.6,29.0,22.3,1.20,7.0,0.295
2018-06-14,25.6,28.7,23.0,1.20,5.0,0.293
2018-06-15,25.5,28.7,22.5,1.20,4.0,0.291
2018-06-16,25.6,29.4,22.7,1.30,3.0,0.289
2018-06-17,25.5,28.7,22.6,0.30,3.0,0.286
2018-06-18,25.7,30.2,23.4,0.00,0.0,0.284
2018-06-19,24.9,28.3,23.1,8.20,8.0,0.285
2018-06-20,24.3,28.2,22.2,7.40,10.0,0.287
2018-06-21,23.8,27.3,22.1,22.70,11.0,0.295
2018-06-22,24.2,28.0,21.5,8.00,14.0,0.302
2018-06-23,24.4,27.8,21.8,4.10,8.0,0.312
2018-06-24,24.8,28.2,22.4,3.00,10.0,0.310
2018-06-25,23.8,26.5,21.9,13.70,12.0,0.316
2018-06-26,23.8,26.6,21.9,15.00,10.0,0.329
2018-06-27,24.1,26.8,21.6,3.60,9.0,0.329
2018-06-28,24.3,27.6,21.7,1.60,12.0,0.327
2018-06-29,25.0,28.0,22.4,1.80,11.0,0.324
2018-06-30,24.8,28.0,22.0,1.70,11.0,0.322
2018-07-01,24.5,28.5,21.9,2.00,7.0,0.321
2018-07-02,24.4,28.1,21.9,9.10,8.0,0.320
2018-07-03,24.2,27.3,21.7,3.10,11.0,0.323
2018-07-04,24.1,26.6,22.1,6.50,10.0,0.330
2018-07-05,23.8,26.7,21.9,7.90,11.0,0.333
2018-07-06,23.9,26.9,21.8,8.60,11.0,0.339
2018-07-07,24.3,27.8,21.9,3.10,8.0,0.339
2018-07-08,24.4,27.9,22.4,10.30,8.0,0.338
2018-07-09,24.9,28.2,22.6,0.30,3.0,0.338
2018-07-10,24.7,27.2,22.7,2.40,8.0,0.338
2018-07-11,24.7,27.9,22.4,2.10,7.0,0.337
2018-07-12,23.3,24.3,22.6,9.00,12.0,0.341
2018-07-13,23.6,26.2,22.4,3.90,6.0,0.342
2018-07-14,23.9,25.9,22.3,5.30,18.0,0.347
2018-07-15,24.2,27.0,22.6,4.10,13.0,0.346
2018-07-16,23.7,26.1,22.2,10.00,19.0,0.348
2018-07-17,24.3,27.3,22.3,8.60,15.0,0.364
2018-07-18,25.5,28.4,23.0,1.70,6.0,0.364
2018-07-19,25.5,28.7,23.0,0.50,3.0,0.360
2018-07-20,25.3,28.3,22.7,1.30,4.0,0.357
2018-07-21,25.5,28.7,23.2,0.60,6.0,0.353
2018-07-22,24.7,27.6,22.9,6.50,12.0,0.351
2018-07-23,23.6,25.2,22.6,8.80,21.0,0.355
2018-07-24,24.2,27.6,22.6,9.20,9.0,0.355
2018-07-25,24.4,27.0,22.5,0.70,4.0,0.356
2018-07-26,24.8,27.5,22.6,0.90,9.0,0.353
2018-07-27,24.5,27.2,22.6,2.50,7.0,0.351
2018-07-28,25.1,28.4,22.3,1.40,6.0,0.349
2018-07-29,25.0,28.5,22.8,1.80,4.0,0.346
2018-07-30,25.1,28.1,22.5,0.40,2.0,0.343
2018-07-31,24.7,28.0,22.4,5.50,11.0,0.342
2018-08-01,24.3,27.3,22.3,4.20,12.0,0.341
2018-08-02,23.9,26.2,22.3,7.80,14.0,0.340
2018-08-03,23.7,26.7,22.1,2.60,16.0,0.339
2018-08-04,22.5,24.1,21.1,20.20,24.0,0.351
2018-08-05,23.9,27.1,22.0,5.70,16.0,0.356
2018-08-06,24.3,27.5,22.2,3.30,8.0,0.355
2018-08-07,24.3,26.4,22.6,0.10,1.0,0.355
2018-08-08,24.7,26.8,23.3,2.60,4.0,0.352
2018-08-09,24.9,27.8,22.8,0.10,1.0,0.349
2018-08-10,24.9,28.0,22.8,1.00,8.0,0.346
2018-08-11,25.1,27.9,22.8,0.00,0.0,0.342
2018-08-12,25.3,28.2,23.0,0.70,7.0,0.339
2018-08-13,25.7,29.1,23.2,0.00,0.0,0.336
2018-08-14,25.9,29.1,23.3,0.20,2.0,0.331
2018-08-15,25.6,29.2,22.6,0.00,0.0,0.326
2018-08-16,25.5,28.6,23.4,0.30,3.0,0.323
2018-08-17,24.8,27.4,23.1,0.50,5.0,0.321
2018-08-18,25.0,28.2,22.6,0.60,6.0,0.318
2018-08-19,24.9,27.6,22.6,1.70,7.0,0.316
2018-08-20,25.6,29.2,22.8,0.70,5.0,0.316
2018-08-21,25.8,29.7,22.7,1.90,5.0,0.312
2018-08-22,25.7,29.5,22.7,2.30,5.0,0.308
2018-08-23,25.7,29.3,22.7,0.70,4.0,0.306
2018-08-24,25.4,29.2,22.4,0.20,2.0,0.302
2018-08-25,24.9,28.4,21.7,10.80,7.0,0.300
2018-08-26,24.4,28.5,21.8,5.50,9.0,0.299
2018-08-27,25.0,28.9,22.1,1.50,6.0,0.296
2018-08-28,24.9,28.8,21.8,3.30,12.0,0.293
2018-08-29,24.9,28.9,21.6,2.00,11.0,0.290
2018-08-30,24.2,27.0,21.9,4.70,13.0,0.288
2018-08-31,22.1,22.8,21.2,22.90,21.0,0.299
2018-09-01,23.5,26.7,21.2,5.10,12.0,0.300
2018-09-02,24.2,27.2,21.9,2.20,9.0,0.299
2018-09-03,24.1,26.8,22.2,8.10,8.0,0.298
2018-09-04,23.3,25.9,22.0,6.90,17.0,0.300
2018-09-05,23.8,27.1,22.0,6.10,19.0,0.302
2018-09-06,24.1,26.8,22.1,4.70,16.0,0.302
2018-09-07,24.9,28.3,22.1,1.50,8.0,0.300
2018-09-08,24.9,29.2,21.9,2.60,5.0,0.299
2018-09-09,24.7,28.8,22.5,11.20,8.0,0.300
2018-09-10,24.2,27.7,21.4,5.00,10.0,0.308
2018-09-11,24.2,27.8,21.7,8.00,14.0,0.308
2018-09-12,23.6,25.7,22.3,9.00,14.0,0.310
2018-09-13,23.7,25.8,22.3,1.60,8.0,0.313
2018-09-14,23.8,26.3,22.7,3.20,15.0,0.314
2018-09-15,24.4,26.9,22.8,6.00,18.0,0.317
2018-09-16,25.2,28.0,23.2,0.20,1.0,0.322
2018-09-17,24.1,27.4,22.0,7.40,15.0,0.332
2018-09-18,23.9,26.6,22.0,7.20,20.0,0.338
2018-09-19,24.5,28.2,21.9,7.60,16.0,0.336
2018-09-20,23.5,25.8,21.6,19.40,12.0,0.343
2018-09-21,23.7,27.3,21.3,4.10,12.0,0.344
2018-09-22,23.4,26.2,21.3,10.60,17.0,0.350
2018-09-23,23.3,25.9,21.0,7.00,15.0,0.359
2018-09-24,24.4,28.0,21.6,2.10,7.0,0.356
2018-09-25,24.5,27.2,22.4,0.30,3.0,0.353
2018-09-26,24.7,28.0,22.6,0.60,5.0,0.348
2018-09-27,24.8,28.4,22.2,1.10,5.0,0.345
2018-09-28,24.9,28.2,22.4,1.60,7.0,0.343
2018-09-29,24.9,28.1,22.3,1.60,7.0,0.342
2018-09-30,24.8,28.4,22.5,6.40,8.0,0.340
2018-10-01,24.5,27.4,22.4,11.10,10.0,0.341
2018-10-02,24.7,27.8,22.4,6.70,12.0,0.347
2018-10-03,23.8,26.6,22.1,9.80,13.0,0.351
2018-10-04,24.1,27.5,21.1,2.90,8.0,0.353
2018-10-05,24.4,27.5,22.2,2.80,10.0,0.352
2018-10-06,23.8,27.2,21.8,16.40,11.0,0.357
2018-10-07,24.7,28.3,21.9,1.90,11.0,0.363
2018-10-08,24.7,27.5,22.3,2.40,11.0,0.361
2018-10-09,24.7,28.2,22.4,4.60,11.0,0.362
2018-10-10,24.7,27.8,22.4,2.10,8.0,0.360
2018-10-11,25.3,28.8,22.7,0.30,3.0,0.357
2018-10-12,25.2,28.3,22.5,2.70,10.0,0.354
2018-10-13,24.3,27.7,21.6,6.90,11.0,0.353
2018-10-14,23.9,27.2,21.8,8.80,19.0,0.356
2018-10-15,23.6,26.6,21.9,7.20,13.0,0.354
2018-10-16,23.9,27.0,21.9,1.70,11.0,0.358
2018-10-17,23.8,26.3,21.7,6.20,13.0,0.359
2018-10-18,23.8,27.0,22.0,3.20,8.0,0.361
2018-10-19,23.9,27.4,21.1,4.70,10.0,0.363
2018-10-20,23.7,26.1,22.1,11.10,13.0,0.363
2018-10-21,24.2,27.3,21.5,4.40,18.0,0.364
2018-10-22,23.9,27.2,21.3,3.90,14.0,0.362
2018-10-23,23.7,26.3,21.7,6.00,13.0,0.363
2018-10-24,24.2,28.0,21.7,0.90,5.0,0.363
2018-10-25,24.2,27.4,21.4,2.10,6.0,0.359
2018-10-26,24.4,28.7,20.8,1.10,3.0,0.357
2018-10-27,24.1,27.2,21.9,0.40,4.0,0.354
2018-10-28,24.0,27.2,21.7,1.30,10.0,0.351
2018-10-29,23.9,27.1,21.2,2.00,10.0,0.349
2018-10-30,24.3,27.2,22.1,1.80,7.0,0.347
2018-10-31,24.9,27.9,22.9,0.80,4.0,0.346
2018-11-01,25.0,28.3,22.0,1.70,8.0,0.343
2018-11-02,25.2,28.5,22.6,0.60,6.0,0.339
2018-11-03,24.5,27.5,22.8,6.30,20.0,0.337
2018-11-04,24.0,27.7,22.1,8.90,16.0,0.342
2018-11-05,23.2,25.0,22.0,16.70,17.0,0.361
2018-11-06,23.9,25.9,22.3,5.30,18.0,0.366
2018-11-07,24.5,27.2,22.3,1.20,9.0,0.365
2018-11-08,24.5,27.7,21.9,1.20,8.0,0.362
2018-11-09,24.3,27.9,21.7,2.80,8.0,0.361
2018-11-10,24.1,27.2,22.1,3.50,19.0,0.360
2018-11-11,24.0,27.5,22.1,5.60,18.0,0.361
2018-11-12,24.0,27.6,22.1,11.30,13.0,0.363
2018-11-13,23.6,26.6,21.7,8.80,18.0,0.374
2018-11-14,23.2,24.9,22.2,21.00,22.0,0.386
2018-11-15,23.3,25.2,22.0,16.90,21.0,0.408
2018-11-16,24.0,26.9,21.9,1.10,7.0,0.416
2018-11-17,23.9,27.1,21.3,1.00,7.0,0.415
2018-11-18,23.8,27.0,21.3,1.50,9.0,0.415
2018-11-19,22.9,25.6,20.7,11.40,7.0,0.417
2018-11-20,22.1,23.2,20.9,97.60,24.0,0.454
2018-11-21,23.1,24.3,22.1,14.00,22.0,0.488
2018-11-22,23.9,27.6,21.7,1.90,11.0,0.490
2018-11-23,23.4,26.4,21.3,15.10,11.0,0.491
2018-11-24,23.7,27.5,21.0,0.90,7.0,0.494
2018-11-25,23.9,27.5,21.5,1.50,7.0,0.488
2018-11-26,23.8,27.8,20.7,0.00,0.0,0.483
2018-11-27,23.8,27.8,20.9,1.50,5.0,0.478
2018-11-28,24.0,27.6,21.4,1.20,4.0,0.475
2018-11-29,23.8,26.6,22.0,1.20,9.0,0.471
2018-11-30,23.4,26.2,21.6,3.70,14.0,0.469
2018-12-01,23.7,26.3,21.8,5.40,13.0,0.469
2018-12-02,23.8,26.8,21.3,1.80,9.0,0.469
2018-12-03,23.6,27.3,21.0,7.60,14.0,0.469
2018-12-04,24.4,27.4,22.3,0.20,2.0,0.468
2018-12-05,24.0,26.6,22.4,4.60,18.0,0.465
2018-12-06,24.2,27.0,22.2,3.20,16.0,0.465
2018-12-07,23.9,26.7,22.3,6.40,21.0,0.465
2018-12-08,24.2,27.2,22.0,1.40,9.0,0.463
2018-12-09,24.3,27.4,22.0,1.20,9.0,0.461
2018-12-10,24.0,26.8,21.8,0.90,5.0,0.459
2018-12-11,24.1,27.3,21.6,0.60,6.0,0.456
2018-12-12,23.5,27.4,21.2,6.80,7.0,0.455
2018-12-13,23.3,26.0,21.6,9.30,11.0,0.459
2018-12-14,24.1,27.5,22.0,1.30,9.0,0.459
2018-12-15,23.8,26.6,22.3,4.80,19.0,0.458
2018-12-16,23.9,27.0,21.3,0.30,2.0,0.457
2018-12-17,23.5,27.3,20.3,2.90,7.0,0.455
2018-12-18,23.2,26.5,21.9,4.30,13.0,0.453
2018-12-19,23.6,26.9,20.8,0.00,0.0,0.451
2018-12-20,22.2,22.8,21.7,102.30,16.0,0.472
2018-12-21,23.4,25.8,22.0,11.50,15.0,0.502
2018-12-22,23.1,25.6,21.3,13.40,18.0,0.509
2018-12-23,23.3,25.3,21.9,11.00,19.0,0.513
2018-12-24,23.8,27.3,21.6,4.30,13.0,0.507
2018-12-25,23.7,26.6,21.4,1.10,7.0,0.499
2018-12-26,23.4,26.9,21.1,2.80,9.0,0.493
2018-12-27,22.7,24.5,21.5,0.10,1.0,0.488
2018-12-28,21.7,22.2,21.0,54.70,23.0,0.501
2018-12-29,23.3,25.4,21.5,22.10,19.0,0.511
2018-12-30,23.5,25.8,21.8,8.30,19.0,0.510
2018-12-31,23.5,26.6,21.6,2.50,9.0,0.506
2019-01-01,23.8,26.8,21.8,0.50,5.0,0.499
2019-01-02,23.4,25.3,21.9,4.00,13.0,0.494
2019-01-03,23.2,26.0,21.0,0.50,4.0,0.489
2019-01-04,22.9,25.7,21.5,22.00,20.0,0.490
2019-01-05,23.2,26.0,21.2,0.40,4.0,0.499
2019-01-06,22.9,25.9,20.5,0.20,2.0,0.494
2019-01-07,22.0,25.2,19.0,0.00,0.0,0.488
2019-01-08,22.8,25.7,20.6,0.20,2.0,0.483
2019-01-09,22.8,25.8,20.4,0.30,3.0,0.478
2019-01-10,22.1,24.2,20.8,8.90,15.0,0.478
2019-01-11,22.9,25.9,20.7,1.60,4.0,0.483
2019-01-12,22.8,26.6,19.4,1.20,5.0,0.480
2019-01-13,23.2,26.3,21.2,0.60,6.0,0.476
2019-01-14,22.9,25.7,20.8,0.10,1.0,0.472
2019-01-15,22.6,25.7,20.5,1.20,5.0,0.469
2019-01-16,22.4,25.6,19.6,0.40,4.0,0.465
2019-01-17,22.9,26.2,20.5,0.00,0.0,0.461
2019-01-18,22.3,25.6,20.2,0.80,6.0,0.458
2019-01-19,22.2,26.1,19.3,1.30,5.0,0.455
2019-01-20,22.2,23.9,20.6,13.60,20.0,0.460
2019-01-21,22.6,24.0,21.9,15.80,24.0,0.479
2019-01-22,22.8,25.1,21.4,3.20,18.0,0.482
2019-01-23,22.9,24.8,22.0,11.40,18.0,0.484
2019-01-24,23.5,26.3,21.9,4.10,12.0,0.485
2019-01-25,23.1,25.7,21.4,7.60,16.0,0.487
2019-01-26,22.4,25.4,20.6,3.00,6.0,0.487
2019-01-27,21.5,23.9,19.4,0.70,5.0,0.483
2019-01-28,22.0,25.4,19.5,0.20,2.0,0.479
2019-01-29,21.7,24.7,18.8,0.00,0.0,0.475
2019-01-30,22.1,25.3,19.2,0.10,1.0,0.471
2019-01-31,23.0,26.1,20.2,0.00,0.0,0.468
2019-02-01,22.4,25.2,20.0,0.10,1.0,0.464
2019-02-02,21.9,24.7,19.4,3.20,8.0,0.460
2019-02-03,22.6,26.5,18.6,0.10,1.0,0.458
2019-02-04,23.1,26.8,19.5,0.10,1.0,0.455
2019-02-05,23.6,27.0,21.0,0.80,6.0,0.451
2019-02-06,22.9,26.1,20.9,0.00,0.0,0.448
2019-02-07,22.6,26.2,18.7,0.00,0.0,0.444
2019-02-08,23.2,26.4,20.5,0.60,6.0,0.440
2019-02-09,23.1,27.2,19.1,0.90,7.0,0.437
2019-02-10,23.1,25.8,20.8,1.90,11.0,0.436
2019-02-11,22.8,25.6,20.3,0.30,3.0,0.433
2019-02-12,22.2,24.9,19.1,1.50,6.0,0.430
2019-02-13,22.4,26.0,18.8,0.60,3.0,0.426
2019-02-14,22.3,25.5,20.4,14.20,21.0,0.428
2019-02-15,21.9,23.7,20.8,9.20,19.0,0.437
2019-02-16,22.9,26.4,20.0,0.30,3.0,0.435
2019-02-17,22.7,25.4,20.5,0.30,2.0,0.431
2019-02-18,22.7,25.9,19.9,0.00,0.0,0.427
2019-02-19,22.6,25.7,20.2,1.50,7.0,0.423
2019-02-20,22.7,25.9,20.4,0.00,0.0,0.420
2019-02-21,22.2,26.2,19.0,0.00,0.0,0.416
2019-02-22,22.4,26.4,19.1,0.60,4.0,0.411
2019-02-23,22.5,26.1,19.0,1.70,7.0,0.408
2019-02-24,22.6,25.9,19.3,2.10,6.0,0.405
2019-02-25,22.5,26.4,19.2,0.20,2.0,0.403
2019-02-26,21.9,26.0,18.5,0.00,0.0,0.401
2019-02-27,21.7,25.7,16.7,0.00,0.0,0.399
2019-02-28,22.5,27.0,17.5,0.50,4.0,0.396
2019-03-01,23.5,27.3,20.7,0.90,5.0,0.394
2019-03-02,23.1,27.2,18.9,1.40,4.0,0.392
2019-03-03,23.9,28.0,20.2,0.00,0.0,0.389
2019-03-04,23.3,26.7,21.5,10.50,5.0,0.390
2019-03-05,22.9,26.7,20.8,10.00,8.0,0.386
2019-03-06,23.8,27.4,21.3,0.60,6.0,0.383
2019-03-07,23.7,27.8,19.6,1.00,5.0,0.380
2019-03-08,23.3,27.4,19.9,0.50,3.0,0.378
2019-03-09,23.5,27.8,19.9,0.00,0.0,0.374
2019-03-10,24.1,28.3,20.3,0.10,1.0,0.369
2019-03-11,23.6,27.8,19.0,0.00,0.0,0.366
2019-03-12,23.3,27.2,20.7,1.00,5.0,0.364
2019-03-13,23.8,28.2,20.4,0.00,0.0,0.361
2019-03-14,23.3,28.1,19.0,0.00,0.0,0.358
2019-03-15,23.9,28.9,19.0,0.00,0.0,0.357
2019-03-16,24.4,28.8,20.5,0.00,0.0,0.354
2019-03-17,23.9,27.5,21.1,4.70,10.0,0.351
2019-03-18,24.2,28.4,20.1,0.70,5.0,0.351
2019-03-19,23.7,26.4,22.0,6.10,10.0,0.352
2019-03-20,24.1,27.8,21.4,0.30,2.0,0.356
2019-03-21,24.2,28.2,21.1,0.10,1.0,0.352
2019-03-22,24.0,28.3,20.5,0.00,0.0,0.347
2019-03-23,23.9,27.7,20.3,1.00,6.0,0.341
2019-03-24,23.6,26.6,20.6,0.30,3.0,0.338
2019-03-25,23.5,27.1,20.1,1.40,6.0,0.335
2019-03-26,24.2,27.8,20.9,5.90,12.0,0.333
2019-03-27,23.2,25.5,22.2,19.40,21.0,0.336
2019-03-28,24.7,29.4,21.4,0.10,1.0,0.332
2019-03-29,24.1,28.1,20.6,0.00,0.0,0.328
2019-03-30,23.6,28.1,19.9,0.00,0.0,0.327
2019-03-31,23.3,28.0,18.4,0.00,0.0,0.326
2019-04-01,24.1,29.3,19.2,0.90,2.0,0.324
2019-04-02,24.3,28.2,21.4,1.10,7.0,0.322
2019-04-03,24.4,28.7,20.5,0.00,0.0,0.320
2019-04-04,24.6,28.9,20.5,0.00,0.0,0.319
2019-04-05,24.8,29.5,20.1,0.90,6.0,0.317
2019-04-06,25.0,28.0,22.6,4.50,8.0,0.317
2019-04-07,25.6,29.8,22.5,1.10,6.0,0.315
2019-04-08,24.5,27.9,21.7,14.80,12.0,0.316
2019-04-09,24.6,27.8,22.4,12.80,10.0,0.321
2019-04-10,25.0,28.3,22.7,10.30,12.0,0.322
2019-04-11,25.3,29.1,22.5,6.70,12.0,0.321
2019-04-12,25.8,29.6,22.9,0.90,7.0,0.316
2019-04-13,25.3,28.8,22.7,0.30,3.0,0.310
2019-04-14,25.2,30.1,21.5,0.50,2.0,0.307
2019-04-15,25.5,30.2,22.0,0.20,2.0,0.303
2019-04-16,25.5,30.0,22.2,0.10,1.0,0.297
2019-04-17,25.8,30.5,21.7,0.00,0.0,0.293
2019-04-18,26.2,31.3,22.3,0.00,0.0,0.289
2019-04-19,26.0,30.1,22.3,0.70,5.0,0.286
2019-04-20,26.5,32.2,22.2,0.00,0.0,0.283
2019-04-21,26.1,31.5,21.9,0.00,0.0,0.278
2019-04-22,25.6,30.4,21.2,0.00,0.0,0.275
2019-04-23,25.7,30.8,21.9,0.00,0.0,0.272
2019-04-24,25.7,30.4,22.0,0.00,0.0,0.270
2019-04-25,25.9,31.2,21.9,0.00,0.0,0.269
2019-04-26,26.4,31.1,22.4,0.30,3.0,0.268
2019-04-27,26.2,32.2,21.4,0.10,1.0,0.268
2019-04-28,25.7,30.7,22.3,6.80,7.0,0.270
2019-04-29,26.4,31.4,22.1,0.00,0.0,0.272
2019-04-30,26.3,31.1,22.1,1.50,6.0,0.271
2019-05-01,25.5,29.1,22.9,5.20,14.0,0.270
2019-05-02,25.7,29.7,22.2,2.20,7.0,0.269
2019-05-03,26.4,30.4,22.8,1.60,3.0,0.267
2019-05-04,26.3,29.9,22.6,2.80,10.0,0.266
2019-05-05,26.2,29.9,23.7,3.30,8.0,0.265
2019-05-06,27.3,32.4,22.6,0.00,0.0,0.264
2019-05-07,27.1,31.1,23.7,0.70,3.0,0.264
2019-05-08,26.9,31.1,23.7,3.50,13.0,0.265
2019-05-09,25.6,29.0,23.1,8.20,15.0,0.268
2019-05-10,26.0,29.8,23.4,7.70,11.0,0.273
2019-05-11,25.3,28.9,23.2,17.40,11.0,0.284
2019-05-12,25.9,29.4,22.8,2.70,12.0,0.285
2019-05-13,26.2,29.5,23.4,2.80,11.0,0.283
2019-05-14,26.0,30.7,22.8,1.40,9.0,0.281
2019-05-15,25.8,29.5,23.2,6.40,8.0,0.278
2019-05-16,26.6,30.4,23.7,1.40,9.0,0.277
2019-05-17,24.9,28.8,22.7,15.40,18.0,0.280
2019-05-18,25.8,29.6,22.9,7.80,9.0,0.279
2019-05-19,25.9,29.6,23.5,5.00,8.0,0.279
2019-05-20,25.8,28.6,23.1,2.80,10.0,0.279
2019-05-21,25.8,30.0,23.1,2.30,10.0,0.278
2019-05-22,25.7,29.2,23.5,1.90,10.0,0.277
2019-05-23,25.3,29.2,23.3,4.00,10.0,0.277
2019-05-24,24.7,27.7,22.5,6.40,15.0,0.282
2019-05-25,24.9,27.8,22.3,2.20,8.0,0.288
2019-05-26,25.0,28.5,22.7,6.80,19.0,0.289
2019-05-27,25.5,29.1,22.3,2.10,10.0,0.284
2019-05-28,25.7,29.1,23.3,2.30,8.0,0.282
2019-05-29,26.7,30.4,23.7,0.00,0.0,0.278
2019-05-30,25.7,28.5,23.4,7.50,10.0,0.276
2019-05-31,25.9,30.2,23.0,2.00,9.0,0.273
2019-06-01,25.7,28.3,22.9,8.90,14.0,0.274
2019-06-02,25.2,28.0,23.2,4.50,17.0,0.275
2019-06-03,25.3,29.2,22.7,10.40,17.0,0.282
2019-06-04,25.5,29.7,22.9,2.80,6.0,0.280
2019-06-05,24.7,28.6,22.7,2.70,16.0,0.281
2019-06-06,24.9,28.1,22.9,3.10,12.0,0.287
2019-06-07,26.0,29.6,23.0,0.20,2.0,0.285
2019-06-08,25.8,29.5,23.3,2.50,9.0,0.282
2019-06-09,25.1,27.9,22.9,12.60,19.0,0.285
2019-06-10,25.0,28.1,22.6,11.70,19.0,0.291
2019-06-11,26.0,29.4,23.3,0.00,0.0,0.294
2019-06-12,26.0,29.3,23.5,1.20,6.0,0.290
2019-06-13,26.1,29.8,23.3,11.60,16.0,0.286
2019-06-14,25.4,28.2,23.2,2.40,12.0,0.289
2019-06-15,25.7,29.5,23.0,2.90,6.0,0.291
2019-06-16,25.3,28.2,22.7,11.80,14.0,0.290
2019-06-17,25.3,28.1,22.7,5.80,12.0,0.291
2019-06-18,25.3,28.0,22.7,1.10,8.0,0.287
2019-06-19,25.5,28.7,23.0,1.80,14.0,0.285
2019-06-20,25.4,28.9,23.1,3.80,15.0,0.284
2019-06-21,25.1,29.0,23.0,5.20,20.0,0.284
2019-06-22,25.0,29.0,22.0,7.20,11.0,0.283
2019-06-23,24.7,27.8,22.8,6.10,11.0,0.284
2019-06-24,24.4,26.6,23.2,9.20,11.0,0.284
2019-06-25,24.9,28.4,22.9,3.00,12.0,0.284
2019-06-26,25.2,28.5,22.4,2.90,7.0,0.284
2019-06-27,24.6,26.6,23.1,2.80,10.0,0.285
2019-06-28,24.7,26.1,23.1,0.50,5.0,0.283
2019-06-29,25.5,28.7,23.7,1.60,5.0,0.280
2019-06-30,24.8,27.6,23.6,1.40,7.0,0.278
2019-07-01,25.1,28.0,23.3,1.20,7.0,0.281
2019-07-02,24.7,28.5,22.6,0.90,4.0,0.280
2019-07-03,25.1,29.1,22.1,2.20,9.0,0.278
2019-07-04,24.4,27.8,22.0,3.60,17.0,0.277
2019-07-05,24.0,27.0,22.1,9.60,15.0,0.282
2019-07-06,24.1,27.4,22.1,7.20,12.0,0.284
2019-07-07,25.2,28.9,22.2,3.70,13.0,0.286
2019-07-08,24.9,28.9,22.2,6.90,9.0,0.283
2019-07-09,24.1,27.2,21.6,14.50,19.0,0.289
2019-07-10,24.0,26.2,21.9,5.10,13.0,0.295
2019-07-11,24.6,27.9,22.0,3.60,10.0,0.294
2019-07-12,24.4,27.9,22.2,5.50,18.0,0.294
2019-07-13,23.3,26.6,21.8,36.90,24.0,0.306
2019-07-14,23.3,26.7,21.5,8.00,17.0,0.309
2019-07-15,22.7,24.2,21.9,18.00,21.0,0.316
2019-07-16,22.8,23.7,22.2,23.20,24.0,0.333
2019-07-17,24.6,27.4,22.4,4.50,12.0,0.333
2019-07-18,25.0,27.8,22.4,0.00,0.0,0.331
2019-07-19,25.5,28.9,22.2,0.00,0.0,0.326
2019-07-20,24.8,28.3,22.2,5.90,17.0,0.322
2019-07-21,24.5,28.0,22.6,18.10,15.0,0.326
2019-07-22,24.2,27.3,22.3,8.30,16.0,0.335
2019-07-23,24.4,27.6,22.2,14.80,18.0,0.340
2019-07-24,23.7,25.6,22.2,12.70,18.0,0.345
2019-07-25,24.3,27.6,21.7,1.40,8.0,0.344
2019-07-26,24.7,28.1,22.0,3.60,11.0,0.341
2019-07-27,24.4,27.1,22.4,3.00,7.0,0.339
2019-07-28,23.1,24.5,21.8,26.20,24.0,0.349
2019-07-29,23.4,25.4,21.9,5.30,13.0,0.366
2019-07-30,24.7,28.1,22.1,1.50,3.0,0.365
2019-07-31,24.2,26.6,22.1,1.20,5.0,0.361
2019-08-01,24.8,27.9,23.0,0.70,4.0,0.357
2019-08-02,24.5,27.5,22.9,4.80,14.0,0.354
2019-08-03,23.6,25.7,22.5,12.10,23.0,0.355
2019-08-04,24.5,27.8,22.5,4.40,17.0,0.357
2019-08-05,24.5,27.6,22.8,2.80,10.0,0.356
2019-08-06,24.4,26.8,23.2,2.90,15.0,0.356
2019-08-07,24.9,27.6,23.1,0.80,6.0,0.355
2019-08-08,25.2,28.0,23.3,3.40,8.0,0.353
2019-08-09,25.3,27.8,23.3,2.70,8.0,0.349
2019-08-10,25.3,28.6,22.2,1.90,5.0,0.347
2019-08-11,25.9,29.5,22.8,0.50,3.0,0.342
2019-08-12,25.9,29.6,22.8,0.20,2.0,0.337
2019-08-13,25.8,28.9,22.9,1.60,4.0,0.333
2019-08-14,25.8,29.2,23.0,2.70,7.0,0.329
2019-08-15,25.6,28.9,22.4,1.60,6.0,0.326
2019-08-16,25.7,28.9,22.2,0.70,6.0,0.322
2019-08-17,25.4,29.6,22.8,4.70,6.0,0.320
2019-08-18,24.9,27.9,22.5,4.80,8.0,0.315
2019-08-19,25.4,28.9,22.0,1.20,9.0,0.312
2019-08-20,24.9,29.1,22.4,4.70,12.0,0.310
2019-08-21,23.4,25.3,22.4,7.70,12.0,0.315
2019-08-22,23.8,26.1,22.4,1.80,12.0,0.318
2019-08-23,24.6,28.0,22.5,0.50,5.0,0.318
2019-08-24,25.3,28.2,22.5,1.00,7.0,0.315
2019-08-25,25.2,28.9,21.9,3.80,9.0,0.312
2019-08-26,24.4,28.9,22.7,14.30,17.0,0.314
2019-08-27,23.4,25.1,22.5,19.10,19.0,0.330
2019-08-28,24.1,26.6,22.4,9.70,18.0,0.335
2019-08-29,24.2,26.9,22.4,6.30,12.0,0.333
2019-08-30,24.5,27.3,21.7,0.20,2.0,0.329
2019-08-31,24.1,27.6,22.1,1.90,10.0,0.326
2019-09-01,23.5,27.1,21.9,10.80,16.0,0.328
2019-09-02,23.9,27.1,22.3,3.40,16.0,0.337
2019-09-03,24.8,28.6,21.7,0.00,0.0,0.337
2019-09-04,25.2,28.0,22.7,0.00,0.0,0.334
2019-09-05,25.3,28.7,22.6,0.00,0.0,0.331
2019-09-06,25.6,28.8,22.9,0.90,5.0,0.327
2019-09-07,25.8,29.4,22.8,0.00,0.0,0.322
2019-09-08,25.8,29.6,22.7,0.30,2.0,0.319
2019-09-09,25.4,28.6,22.4,0.00,0.0,0.315
2019-09-10,25.3,28.0,23.2,0.00,0.0,0.312
2019-09-11,25.3,28.3,23.3,0.20,2.0,0.309
2019-09-12,23.9,26.5,22.5,9.60,18.0,0.314
2019-09-13,24.1,27.4,22.5,7.30,20.0,0.325
2019-09-14,24.3,26.9,22.7,2.40,10.0,0.334
2019-09-15,24.7,27.8,22.7,1.40,9.0,0.333
2019-09-16,25.2,28.5,22.9,0.20,2.0,0.330
2019-09-17,25.1,27.9,22.6,1.10,5.0,0.326
2019-09-18,24.9,27.2,22.1,3.00,6.0,0.324
2019-09-19,24.9,28.0,22.4,1.10,6.0,0.322
2019-09-20,25.4,28.8,22.6,0.60,5.0,0.320
2019-09-21,25.4,29.0,22.4,0.70,3.0,0.315
2019-09-22,25.7,29.5,22.5,1.40,7.0,0.310
2019-09-23,25.0,27.9,22.6,4.60,14.0,0.307
2019-09-24,25.6,29.6,22.3,0.50,4.0,0.305
2019-09-25,25.7,29.3,22.7,1.30,6.0,0.301
2019-09-26,25.2,28.3,22.7,5.60,18.0,0.300
2019-09-27,25.4,29.1,22.7,3.40,11.0,0.299
2019-09-28,25.2,28.9,22.7,3.10,9.0,0.294
2019-09-29,25.6,29.6,22.5,1.20,7.0,0.292
2019-09-30,25.6,29.1,23.2,0.70,3.0,0.289
2019-10-01,25.0,29.6,22.4,8.50,13.0,0.289
2019-10-02,24.7,28.6,21.8,6.40,19.0,0.289
2019-10-03,24.7,28.3,21.8,9.70,13.0,0.289
2019-10-04,24.8,28.6,22.1,9.20,13.0,0.287
2019-10-05,24.4,27.8,21.1,4.70,11.0,0.294
2019-10-06,25.1,28.9,21.7,2.70,7.0,0.291
2019-10-07,25.1,28.8,21.7,2.30,12.0,0.288
2019-10-08,24.0,27.2,22.3,19.90,14.0,0.291
2019-10-09,24.8,28.3,22.3,2.50,7.0,0.290
2019-10-10,24.0,26.9,22.6,4.10,9.0,0.290
2019-10-11,24.4,27.9,21.8,2.80,10.0,0.290
2019-10-12,24.3,27.5,21.5,3.40,10.0,0.290
2019-10-13,23.8,26.9,21.8,14.90,13.0,0.291
2019-10-14,23.5,27.2,21.7,26.50,9.0,0.303
2019-10-15,24.0,27.1,21.5,3.70,11.0,0.311
2019-10-16,24.4,28.1,21.7,4.30,11.0,0.310
2019-10-17,24.1,27.2,22.0,3.10,9.0,0.309
2019-10-18,24.5,27.9,21.8,3.00,11.0,0.311
2019-10-19,25.1,28.5,22.3,1.30,8.0,0.308
2019-10-20,24.9,27.9,22.3,4.10,15.0,0.305
2019-10-21,24.8,27.9,21.9,5.10,13.0,0.303
2019-10-22,24.9,28.2,22.5,1.50,9.0,0.301
2019-10-23,24.8,27.9,22.5,3.00,8.0,0.299
2019-10-24,25.3,29.2,22.1,0.40,2.0,0.297
2019-10-25,25.4,28.8,22.3,1.70,8.0,0.294
2019-10-26,24.9,28.8,22.3,5.70,15.0,0.292
2019-10-27,23.7,27.2,22.0,17.80,24.0,0.298
2019-10-28,23.9,27.3,21.9,7.00,14.0,0.309
2019-10-29,24.6,28.2,21.9,4.20,15.0,0.307
2019-10-30,23.8,27.2,21.6,11.00,13.0,0.311
2019-10-31,23.8,26.4,21.9,6.40,20.0,0.316
2019-11-01,23.8,26.4,21.9,9.50,21.0,0.323
2019-11-02,23.8,26.9,21.8,1.70,9.0,0.326
2019-11-03,24.1,27.5,22.2,5.90,12.0,0.326
2019-11-04,24.6,27.5,22.3,0.90,6.0,0.326
2019-11-05,24.8,28.3,22.5,3.60,6.0,0.321
2019-11-06,24.4,27.3,22.4,0.20,2.0,0.317
2019-11-07,23.8,25.0,22.9,3.70,8.0,0.322
2019-11-08,24.8,27.6,22.4,1.70,6.0,0.318
2019-11-09,25.0,28.6,23.0,2.50,4.0,0.315
2019-11-10,24.7,28.2,22.4,1.00,7.0,0.312
2019-11-11,23.6,26.4,21.8,3.40,11.0,0.310
2019-11-12,23.5,25.8,21.6,3.40,16.0,0.311
2019-11-13,23.7,26.5,22.0,0.40,4.0,0.309
2019-11-14,24.6,28.3,21.5,1.80,7.0,0.307
2019-11-15,24.8,28.1,22.2,0.90,6.0,0.304
2019-11-16,24.3,27.6,22.4,2.80,11.0,0.306
2019-11-17,24.3,27.3,22.3,2.10,8.0,0.305
2019-11-18,24.6,27.9,22.2,1.50,8.0,0.303
2019-11-19,24.2,27.8,21.9,14.10,14.0,0.307
2019-11-20,24.2,27.6,21.3,8.90,8.0,0.313
2019-11-21,24.5,28.0,22.2,2.90,8.0,0.312
2019-11-22,24.4,27.6,22.3,3.30,15.0,0.313
2019-11-23,24.6,28.3,22.4,3.10,11.0,0.311
2019-11-24,24.6,27.9,22.2,1.90,11.0,0.308
2019-11-25,24.3,27.4,21.7,1.50,8.0,0.307
2019-11-26,23.5,26.0,22.1,10.60,17.0,0.313
2019-11-27,23.9,27.4,21.9,6.30,9.0,0.312
2019-11-28,24.7,28.6,21.3,0.10,1.0,0.310
2019-11-29,24.1,27.2,22.5,4.50,14.0,0.309
2019-11-30,23.4,26.0,21.3,3.30,7.0,0.310
2019-12-01,23.4,26.6,20.6,0.00,0.0,0.305
2019-12-02,23.0,24.7,21.9,9.70,20.0,0.308
2019-12-03,23.9,26.5,22.8,14.60,16.0,0.318
2019-12-04,24.5,27.7,22.7,0.60,6.0,0.324
2019-12-05,24.3,27.6,21.8,3.00,10.0,0.321
2019-12-06,24.1,27.5,21.9,5.30,8.0,0.322
2019-12-07,24.2,27.1,21.9,1.70,6.0,0.319
2019-12-08,23.8,26.4,22.4,7.50,9.0,0.319
2019-12-09,23.7,27.0,21.9,6.30,10.0,0.319
2019-12-10,23.9,27.2,21.5,2.30,8.0,0.318
2019-12-11,23.7,27.6,21.7,2.00,8.0,0.315
2019-12-12,24.1,28.0,20.7,3.70,9.0,0.313
2019-12-13,23.6,26.4,21.8,13.20,13.0,0.318
2019-12-14,24.2,26.8,22.2,3.50,17.0,0.318
2019-12-15,24.5,27.6,22.3,0.10,1.0,0.316
2019-12-16,24.0,27.4,22.0,3.70,16.0,0.313
2019-12-17,23.8,25.8,22.2,1.80,13.0,0.315
2019-12-18,24.0,27.3,21.8,3.10,14.0,0.318
2019-12-19,23.3,26.5,21.2,2.50,12.0,0.315
2019-12-20,23.4,26.6,21.5,3.20,17.0,0.316
2019-12-21,23.2,26.1,21.7,6.20,20.0,0.322
2019-12-22,23.9,27.7,21.3,0.00,0.0,0.331
2019-12-23,23.9,27.8,20.7,0.40,3.0,0.328
2019-12-24,22.5,25.2,20.8,39.30,13.0,0.332
2019-12-25,23.6,26.2,21.9,18.50,14.0,0.372
2019-12-26,24.2,27.7,22.6,12.80,12.0,0.375
2019-12-27,23.9,26.7,21.7,7.30,16.0,0.380
2019-12-28,23.6,26.4,22.0,2.00,10.0,0.377
2019-12-29,23.1,25.7,21.2,0.90,4.0,0.374
2019-12-30,23.3,26.2,21.0,1.60,7.0,0.373
2019-12-31,23.6,26.9,21.7,0.90,7.0,0.370
2020-01-01,23.6,26.8,21.4,1.60,12.0,0.366
2020-01-02,24.0,26.9,21.6,0.80,7.0,0.363
2020-01-03,23.4,25.9,21.7,2.20,9.0,0.361
2020-01-04,23.2,25.8,21.2,2.50,11.0,0.360
2020-01-05,23.6,26.4,21.4,1.50,8.0,0.357
2020-01-06,23.6,26.7,21.6,1.90,11.0,0.355
2020-01-07,23.9,27.1,21.1,0.20,2.0,0.351
2020-01-08,23.8,26.9,21.3,2.30,4.0,0.348
2020-01-09,23.4,26.3,22.0,7.60,15.0,0.349
2020-01-10,24.2,27.3,21.5,0.40,3.0,0.344
2020-01-11,23.9,27.6,21.4,1.20,8.0,0.339
2020-01-12,22.7,25.5,20.8,11.40,9.0,0.341
2020-01-13,23.3,26.8,20.4,1.60,6.0,0.343
2020-01-14,23.6,27.3,20.4,1.30,5.0,0.341
2020-01-15,24.3,27.3,22.0,3.80,10.0,0.340
2020-01-16,24.2,27.1,22.0,2.90,10.0,0.340
2020-01-17,24.5,27.9,22.1,0.40,4.0,0.339
2020-01-18,23.8,26.8,21.6,3.00,14.0,0.337
2020-01-19,23.7,27.1,21.2,3.50,13.0,0.337
2020-01-20,22.6,23.9,21.7,7.30,20.0,0.341
2020-01-21,22.5,25.8,19.8,0.00,0.0,0.341
2020-01-22,22.7,25.8,20.2,1.80,12.0,0.337
2020-01-23,23.9,27.3,21.2,0.40,4.0,0.333
2020-01-24,24.0,27.3,22.0,3.40,19.0,0.329
2020-01-25,24.0,26.9,22.1,1.90,16.0,0.330
2020-01-26,24.6,27.8,22.0,2.70,8.0,0.327
2020-01-27,24.4,28.0,22.1,2.50,16.0,0.325
2020-01-28,24.5,27.8,21.8,2.20,12.0,0.322
2020-01-29,24.1,27.1,21.4,3.80,12.0,0.317
2020-01-30,23.8,27.2,21.2,1.90,6.0,0.314
2020-01-31,23.2,26.6,20.6,2.40,8.0,0.313
2020-02-01,22.8,26.1,20.2,0.70,5.0,0.310
2020-02-02,22.7,26.2,19.7,0.20,2.0,0.307
2020-02-03,22.5,26.5,18.9,0.00,0.0,0.304
2020-02-04,22.8,27.0,18.7,0.20,2.0,0.302
2020-02-05,23.2,27.5,19.8,2.10,9.0,0.300
2020-02-06,23.3,26.9,21.8,45.80,19.0,0.332
2020-02-07,23.5,26.0,22.4,11.80,17.0,0.357
2020-02-08,23.9,27.1,22.0,3.20,10.0,0.363
2020-02-09,23.8,27.3,21.2,2.20,9.0,0.360
2020-02-10,22.8,25.7,21.1,6.40,20.0,0.362
2020-02-11,22.5,25.9,20.0,0.20,2.0,0.369
2020-02-12,22.7,26.1,19.8,1.00,6.0,0.366
2020-02-13,23.1,25.6,20.9,1.60,13.0,0.364
2020-02-14,23.6,26.4,21.5,1.10,8.0,0.362
2020-02-15,23.7,26.9,21.4,0.10,1.0,0.358
2020-02-16,23.6,27.3,20.3,0.90,7.0,0.354
2020-02-17,23.4,26.4,21.2,4.00,13.0,0.352
2020-02-18,22.9,26.3,20.5,1.60,8.0,0.351
2020-02-19,22.8,26.1,20.3,2.90,15.0,0.348
2020-02-20,22.7,25.8,20.7,4.30,22.0,0.348
2020-02-21,22.5,25.8,20.4,3.80,19.0,0.345
2020-02-22,22.8,26.2,20.6,1.70,8.0,0.344
2020-02-23,23.1,26.8,19.7,0.70,4.0,0.339
2020-02-24,23.4,26.7,21.2,1.80,9.0,0.335
2020-02-25,23.5,26.8,21.3,2.00,16.0,0.332
2020-02-26,23.6,27.0,21.1,0.30,3.0,0.328
2020-02-27,23.6,27.5,20.4,1.20,8.0,0.324
2020-02-28,23.4,26.3,21.5,3.20,22.0,0.324
2020-02-29,23.8,27.1,21.5,0.00,0.0,0.321
2020-03-01,23.6,27.3,20.4,0.00,0.0,0.318
2020-03-02,24.0,28.0,20.2,0.10,1.0,0.315
2020-03-03,23.9,27.9,20.4,0.00,0.0,0.312
2020-03-04,24.4,29.1,19.5,0.00,0.0,0.308
2020-03-05,24.2,27.1,22.3,7.70,14.0,0.308
2020-03-06,24.2,27.1,22.5,17.20,19.0,0.316
2020-03-07,24.4,27.5,22.4,6.90,14.0,0.322
2020-03-08,24.7,28.1,22.6,5.10,15.0,0.319
2020-03-09,24.5,28.0,22.0,0.00,0.0,0.316
2020-03-10,24.5,28.6,21.3,0.00,0.0,0.312
2020-03-11,24.5,28.9,20.9,0.00,0.0,0.309
2020-03-12,24.3,27.7,21.3,0.00,0.0,0.305
2020-03-13,24.7,29.1,21.5,0.10,1.0,0.302
2020-03-14,24.9,29.7,20.8,0.10,1.0,0.298
2020-03-15,24.6,29.1,20.6,1.60,6.0,0.296
2020-03-16,24.6,30.0,19.4,0.00,0.0,0.293
2020-03-17,24.5,29.0,20.8,1.20,7.0,0.289
2020-03-18,24.7,28.9,21.1,0.20,2.0,0.288
2020-03-19,24.9,29.4,21.3,0.10,1.0,0.287
2020-03-20,25.8,30.8,21.4,0.00,0.0,0.282
2020-03-21,25.4,29.9,22.1,4.00,11.0,0.279
2020-03-22,25.4,29.8,21.9,1.60,9.0,0.279
2020-03-23,25.4,30.5,21.1,0.10,1.0,0.278
2020-03-24,25.6,31.1,21.3,0.00,0.0,0.275
2020-03-25,25.0,29.3,21.2,0.40,3.0,0.273
2020-03-26,24.5,28.7,22.0,6.20,20.0,0.274
2020-03-27,25.2,29.6,22.1,1.60,9.0,0.276
2020-03-28,24.9,28.6,22.1,1.10,7.0,0.275
2020-03-29,25.3,30.4,21.7,0.00,0.0,0.275
2020-03-30,25.6,30.2,22.0,0.00,0.0,0.272
2020-03-31,26.0,31.3,21.5,0.00,0.0,0.271
2020-04-01,25.4,30.9,21.7,0.80,3.0,0.269
2020-04-02,25.9,31.0,22.3,0.00,0.0,0.266
2020-04-03,25.2,28.6,22.3,3.10,13.0,0.265
2020-04-04,25.9,31.2,22.0,0.10,1.0,0.265
2020-04-05,25.7,30.7,21.6,0.00,0.0,0.264
2020-04-06,25.8,31.1,21.4,0.00,0.0,0.262
2020-04-07,26.2,31.9,21.3,0.00,0.0,0.260
2020-04-08,26.6,31.5,22.3,0.00,0.0,0.261
2020-04-09,25.7,29.3,22.0,3.40,9.0,0.260
2020-04-10,25.9,30.5,22.7,2.00,8.0,0.258
2020-04-11,26.0,31.1,22.0,0.00,0.0,0.255
2020-04-12,26.2,31.4,21.2,0.00,0.0,0.253
2020-04-13,26.5,31.6,21.2,1.10,4.0,0.253
2020-04-14,26.5,31.4,22.6,0.40,4.0,0.252
2020-04-15,27.0,32.1,22.5,0.00,0.0,0.251
2020-04-16,27.4,32.7,23.5,0.00,0.0,0.251
2020-04-17,26.7,31.6,23.1,0.70,5.0,0.249
2020-04-18,26.2,30.9,23.2,0.40,4.0,0.249
2020-04-19,26.3,31.1,22.8,1.20,7.0,0.248
2020-04-20,26.4,31.7,23.1,1.80,14.0,0.248
2020-04-21,26.3,31.0,23.0,2.90,12.0,0.246
2020-04-22,26.9,32.0,22.7,0.30,2.0,0.244
2020-04-23,27.0,32.2,22.3,0.00,0.0,0.242
2020-04-24,26.4,30.5,23.4,1.90,13.0,0.241
2020-04-25,26.5,31.5,22.9,1.00,7.0,0.239
2020-04-26,26.3,31.2,22.7,0.80,7.0,0.238
2020-04-27,25.8,28.8,23.0,3.30,8.0,0.238
2020-04-28,25.9,30.3,21.9,3.30,8.0,0.238
2020-04-29,26.0,30.6,22.5,0.40,4.0,0.239
2020-04-30,26.0,29.6,23.2,1.20,5.0,0.238
2020-05-01,26.5,31.7,21.9,0.00,0.0,0.234
2020-05-02,25.8,29.5,22.1,4.30,12.0,0.233
2020-05-03,25.1,28.2,22.9,28.20,21.0,0.246
2020-05-04,24.6,27.1,23.2,8.00,17.0,0.251
2020-05-05,26.3,30.0,22.9,0.60,5.0,0.249
2020-05-06,27.2,31.8,23.1,2.80,10.0,0.243
2020-05-07,27.0,30.9,23.6,3.30,12.0,0.239
2020-05-08,27.1,31.1,23.7,1.10,9.0,0.235
2020-05-09,27.4,31.8,23.8,0.00,0.0,0.232
2020-05-10,26.6,31.3,23.4,7.50,15.0,0.229
2020-05-11,25.8,29.0,23.1,5.50,12.0,0.229
2020-05-12,25.4,28.9,23.3,10.70,14.0,0.229
2020-05-13,25.4,28.4,23.1,3.00,13.0,0.235
2020-05-14,25.2,28.7,23.5,12.60,13.0,0.235
2020-05-15,25.4,28.0,23.6,3.00,12.0,0.230
2020-05-16,25.2,28.1,23.1,14.40,18.0,0.230
2020-05-17,26.0,29.4,23.1,4.20,15.0,0.229
2020-05-18,26.8,30.5,23.8,0.70,5.0,0.225
2020-05-19,26.9,31.1,23.6,0.20,2.0,0.220
2020-05-20,26.9,31.3,23.5,1.90,11.0,0.216
2020-05-21,26.8,31.2,23.7,3.60,13.0,0.214
2020-05-22,25.7,30.6,23.3,16.40,17.0,0.216
2020-05-23,26.0,29.5,23.0,6.00,10.0,0.213
2020-05-24,27.3,31.7,23.6,3.40,4.0,0.207
2020-05-25,26.6,30.2,23.5,1.70,6.0,0.206
2020-05-26,26.9,31.4,23.4,0.60,4.0,0.201
2020-05-27,26.9,30.8,23.7,1.60,5.0,0.196
2020-05-28,25.6,29.3,23.3,9.90,17.0,0.197
2020-05-29,26.3,30.3,23.0,3.60,7.0,0.196
2020-05-30,25.9,29.7,22.7,6.50,11.0,0.195
2020-05-31,25.7,29.4,22.9,4.00,12.0,0.195
2020-06-01,25.7,29.0,23.2,1.50,13.0,0.193
2020-06-02,25.9,29.7,22.3,1.50,10.0,0.191
2020-06-03,26.4,30.3,23.1,3.60,11.0,0.186
2020-06-04,26.9,31.8,22.5,0.80,3.0,0.184
2020-06-05,26.3,30.1,23.5,2.50,10.0,0.182
2020-06-06,26.5,30.5,23.1,2.30,11.0,0.181
2020-06-07,25.2,28.0,23.1,9.10,14.0,0.181
2020-06-08,25.6,29.5,22.6,2.70,11.0,0.176
2020-06-09,25.2,29.1,22.5,6.50,17.0,0.175
2020-06-10,23.3,24.4,22.6,55.60,23.0,0.191
2020-06-11,23.2,24.9,22.3,30.90,15.0,0.197
2020-06-12,23.8,25.8,22.3,4.30,11.0,0.209
2020-06-13,24.7,27.8,22.8,4.10,7.0,0.210
2020-06-14,24.7,28.1,22.5,4.40,9.0,0.209
2020-06-15,24.6,27.7,22.8,6.10,12.0,0.207
2020-06-16,25.1,28.3,22.0,0.80,2.0,0.207
2020-06-17,25.1,28.7,22.4,4.50,14.0,0.204
2020-06-18,24.0,26.5,22.5,23.80,18.0,0.213
2020-06-19,24.6,27.2,22.8,2.20,9.0,0.222
2020-06-20,25.1,28.5,22.3,4.20,6.0,0.220
2020-06-21,24.9,28.2,23.0,9.90,11.0,0.218
2020-06-22,25.4,28.4,22.6,2.20,10.0,0.214
2020-06-23,25.4,28.9,22.8,3.70,10.0,0.211
2020-06-24,25.3,28.4,22.6,3.30,12.0,0.209
2020-06-25,24.9,28.8,22.7,13.30,13.0,0.212
2020-06-26,24.2,27.2,22.6,18.50,21.0,0.216
2020-06-27,23.8,26.2,22.3,5.10,19.0,0.219
2020-06-28,23.9,26.7,22.5,12.00,18.0,0.222
2020-06-29,23.2,24.8,21.7,15.10,22.0,0.239
2020-06-30,24.3,28.1,22.1,4.50,7.0,0.253
2020-07-01,24.8,28.1,22.2,12.50,13.0,0.293
2020-07-02,24.8,28.2,21.8,8.50,17.0,0.292
2020-07-03,24.0,27.3,22.0,12.90,20.0,0.296
2020-07-04,24.0,27.5,21.9,5.70,19.0,0.307
2020-07-05,24.2,28.1,22.0,3.60,8.0,0.313
2020-07-06,24.7,27.6,21.8,1.10,6.0,0.309
2020-07-07,25.2,28.1,22.9,1.60,12.0,0.305
2020-07-08,25.0,27.9,22.8,3.30,12.0,0.304
2020-07-09,24.5,28.2,22.4,7.90,10.0,0.307
2020-07-10,24.9,28.5,22.3,5.90,15.0,0.305
2020-07-11,24.6,27.7,22.4,6.10,15.0,0.307
2020-07-12,24.7,28.2,22.2,7.40,17.0,0.309
2020-07-13,25.2,28.7,22.6,2.80,12.0,0.310
2020-07-14,25.3,29.2,21.6,3.10,7.0,0.307
2020-07-15,24.8,28.3,22.8,12.90,22.0,0.307
2020-07-16,24.4,27.9,22.3,11.20,14.0,0.310
2020-07-17,24.5,27.0,22.7,11.00,11.0,0.314
2020-07-18,23.9,25.9,22.1,7.30,11.0,0.316
2020-07-19,23.6,25.8,21.8,6.50,21.0,0.315
2020-07-20,24.4,28.1,21.6,4.40,10.0,0.316
2020-07-21,23.9,26.4,22.4,20.20,13.0,0.320
2020-07-22,25.0,28.6,21.6,3.50,8.0,0.335
2020-07-23,24.9,28.0,22.8,4.60,11.0,0.333
2020-07-24,23.9,26.8,22.4,42.00,22.0,0.339
2020-07-25,24.3,27.3,21.8,11.10,14.0,0.342
2020-07-26,24.4,27.5,21.8,9.00,13.0,0.342
2020-07-27,24.1,27.0,22.1,25.90,22.0,0.347
2020-07-28,23.6,26.1,22.3,16.00,16.0,0.359
2020-07-29,24.3,27.7,22.4,4.10,13.0,0.363
2020-07-30,24.6,27.5,22.5,11.00,9.0,0.361
2020-07-31,24.6,27.5,22.7,3.60,16.0,0.358
2020-08-01,23.8,26.0,22.3,8.60,22.0,0.362
2020-08-02,24.5,28.4,21.5,6.10,5.0,0.365
2020-08-03,24.6,26.5,23.2,1.70,9.0,0.359
2020-08-04,24.6,28.3,22.3,5.10,13.0,0.355
2020-08-05,23.9,25.9,22.4,33.20,21.0,0.368
2020-08-06,24.2,26.9,22.5,25.00,23.0,0.378
2020-08-07,24.3,27.6,21.7,1.40,8.0,0.374
2020-08-08,25.0,27.9,22.5,0.70,5.0,0.371
2020-08-09,25.1,27.2,23.3,0.10,1.0,0.368
2020-08-10,25.2,27.6,23.4,0.20,2.0,0.365
2020-08-11,25.7,28.6,23.1,0.60,5.0,0.360
2020-08-12,24.0,27.2,22.1,21.90,22.0,0.361
2020-08-13,23.4,25.7,22.0,23.90,24.0,0.380
2020-08-14,24.2,28.0,22.2,3.20,16.0,0.382
2020-08-15,24.6,28.0,21.3,1.10,7.0,0.380
2020-08-16,24.4,28.0,22.3,6.20,9.0,0.380
2020-08-17,24.2,27.2,22.4,9.90,12.0,0.379
2020-08-18,23.9,26.9,22.2,6.10,12.0,0.387
2020-08-19,23.5,26.6,21.8,16.40,24.0,0.398
2020-08-20,24.3,27.1,22.2,4.90,16.0,0.401
2020-08-21,25.2,28.5,23.0,5.20,7.0,0.397
2020-08-22,25.1,28.3,22.7,6.40,11.0,0.396
2020-08-23,24.8,28.5,22.0,3.20,11.0,0.392
2020-08-24,25.1,28.8,21.3,2.40,11.0,0.386
2020-08-25,25.8,29.0,22.4,0.70,6.0,0.382
2020-08-26,25.4,28.8,22.5,7.50,10.0,0.379
2020-08-27,24.5,27.6,22.6,7.70,11.0,0.380
2020-08-28,24.9,28.3,22.7,2.90,6.0,0.378
2020-08-29,25.3,28.2,23.0,0.90,3.0,0.376
2020-08-30,25.3,28.4,23.3,0.90,6.0,0.372
2020-08-31,25.6,28.8,22.7,0.00,0.0,0.365
2020-09-01,25.9,29.7,23.1,3.80,13.0,0.360
2020-09-02,25.0,28.8,22.0,2.30,6.0,0.359
2020-09-03,25.8,29.3,22.6,1.20,6.0,0.356
2020-09-04,25.2,28.7,23.1,15.40,15.0,0.352
2020-09-05,25.1,28.7,21.8,4.80,11.0,0.352
2020-09-06,25.3,28.9,23.1,3.80,10.0,0.347
2020-09-07,25.1,28.8,22.7,10.00,11.0,0.349
2020-09-08,25.3,28.4,22.6,4.00,12.0,0.348
2020-09-09,24.5,28.0,22.8,15.90,14.0,0.345
2020-09-10,23.7,26.2,22.2,14.50,12.0,0.347
2020-09-11,24.6,28.0,21.8,6.10,12.0,0.346
2020-09-12,24.6,28.2,22.5,15.20,11.0,0.346
2020-09-13,25.3,28.2,22.1,3.00,8.0,0.341
2020-09-14,24.1,27.1,22.3,24.90,20.0,0.348
2020-09-15,23.5,25.9,22.3,18.40,23.0,0.359
2020-09-16,23.2,24.4,22.2,20.60,24.0,0.386
2020-09-17,22.9,23.6,21.8,18.50,23.0,0.417
2020-09-18,24.0,27.9,21.2,4.60,7.0,0.425
2020-09-19,24.9,28.5,21.3,1.40,10.0,0.424
2020-09-20,25.0,28.3,22.4,8.50,18.0,0.421
2020-09-21,23.9,26.9,22.4,11.80,17.0,0.422
2020-09-22,24.1,27.1,22.2,16.80,11.0,0.425
2020-09-23,24.7,27.6,22.7,12.90,8.0,0.427
2020-09-24,24.7,27.9,22.4,3.00,8.0,0.422
2020-09-25,24.5,27.8,21.7,3.80,8.0,0.417
2020-09-26,24.8,27.6,22.2,4.20,6.0,0.416
2020-09-27,25.1,28.6,22.8,1.40,8.0,0.415
2020-09-28,24.7,27.8,22.6,6.20,15.0,0.414
2020-09-29,24.0,27.5,22.1,19.70,14.0,0.420
2020-09-30,24.8,28.3,22.1,3.70,8.0,0.412
2020-10-01,25.2,28.9,22.4,3.90,12.0,0.410
2020-10-02,24.3,27.5,22.0,16.00,12.0,0.413
2020-10-03,24.8,28.6,22.2,7.10,12.0,0.406
2020-10-04,24.4,28.0,22.0,11.40,16.0,0.409
2020-10-05,24.5,27.5,22.4,9.60,18.0,0.406
2020-10-06,24.0,26.8,22.1,21.60,16.0,0.413
2020-10-07,23.8,26.6,22.5,22.50,21.0,0.421
2020-10-08,23.5,25.3,22.6,7.80,21.0,0.432
2020-10-09,23.8,26.3,22.2,11.10,13.0,0.438
2020-10-10,24.2,27.3,22.0,14.20,19.0,0.440
2020-10-11,24.1,27.3,22.4,4.30,17.0,0.441
2020-10-12,24.4,26.6,22.6,4.50,14.0,0.448
2020-10-13,24.0,26.8,22.1,18.30,21.0,0.448
2020-10-14,23.4,26.4,22.2,8.40,18.0,0.450
2020-10-15,23.5,25.4,21.9,6.50,16.0,0.453
2020-10-16,23.9,26.2,22.4,14.00,16.0,0.457
2020-10-17,23.8,26.9,22.0,24.90,19.0,0.468
2020-10-18,23.8,26.7,22.2,6.80,12.0,0.470
2020-10-19,23.8,26.0,22.3,5.60,15.0,0.470
2020-10-20,23.9,27.3,22.3,16.60,17.0,0.475
2020-10-21,24.3,26.4,23.0,9.50,11.0,0.473
2020-10-22,24.9,27.2,22.5,0.40,4.0,0.469
2020-10-23,24.5,28.0,22.4,30.80,15.0,0.472
2020-10-24,23.9,26.3,22.6,8.50,13.0,0.480
2020-10-25,22.9,24.1,22.3,23.70,18.0,0.477
2020-10-26,22.9,24.2,22.2,22.50,24.0,0.493
2020-10-27,23.9,26.9,22.0,5.30,7.0,0.494
2020-10-28,24.5,28.2,22.7,3.20,6.0,0.491
2020-10-29,24.5,27.2,22.2,2.00,9.0,0.486
2020-10-30,23.4,25.3,22.1,14.40,22.0,0.489
2020-10-31,24.4,28.1,22.3,18.00,7.0,0.490
2020-11-01,24.1,27.0,22.0,25.10,9.0,0.495
2020-11-02,24.2,26.8,22.7,10.30,12.0,0.485
2020-11-03,24.7,28.0,21.7,1.50,8.0,0.481
2020-11-04,24.3,27.6,21.9,3.80,12.0,0.477
2020-11-05,23.3,24.7,22.2,9.30,19.0,0.477
2020-11-06,24.0,27.2,22.0,1.50,8.0,0.474
2020-11-07,22.7,23.8,21.9,13.80,15.0,0.476
2020-11-08,23.5,25.8,21.9,3.00,10.0,0.481
2020-11-09,24.0,27.4,21.1,2.80,10.0,0.479
2020-11-10,24.0,26.9,22.1,8.00,11.0,0.480
2020-11-11,23.5,24.9,22.6,11.40,12.0,0.489
2020-11-12,24.2,27.3,22.5,1.20,7.0,0.490
2020-11-13,25.0,28.3,22.9,0.80,6.0,0.484
2020-11-14,24.9,27.7,22.7,1.70,8.0,0.479
2020-11-15,24.8,28.3,22.2,1.70,8.0,0.475
2020-11-16,24.7,27.7,22.7,0.70,5.0,0.468
2020-11-17,23.9,26.4,22.3,9.70,9.0,0.465
2020-11-18,24.7,28.1,22.3,1.10,5.0,0.461
2020-11-19,24.4,27.3,22.3,3.60,9.0,0.457
2020-11-20,24.7,27.8,21.8,2.10,7.0,0.454
2020-11-21,24.5,27.5,22.2,4.40,13.0,0.448
2020-11-22,24.2,27.6,22.1,4.60,18.0,0.445
2020-11-23,23.4,26.2,22.2,14.60,13.0,0.447
2020-11-24,23.8,27.0,21.8,5.90,13.0,0.453
2020-11-25,23.7,27.1,22.0,7.30,15.0,0.452
2020-11-26,24.3,28.2,21.7,1.40,9.0,0.454
2020-11-27,23.7,26.5,21.6,5.30,11.0,0.455
2020-11-28,24.3,27.5,22.3,1.40,12.0,0.458
2020-11-29,24.2,27.9,21.9,2.40,8.0,0.456
2020-11-30,23.5,26.8,21.9,4.50,14.0,0.453
2020-12-01,23.3,26.0,21.7,5.00,22.0,0.452
2020-12-02,23.6,26.2,22.2,15.80,20.0,0.455
2020-12-03,24.2,27.9,22.0,1.60,8.0,0.457
2020-12-04,24.2,27.8,22.1,5.40,13.0,0.454
2020-12-05,24.2,27.7,22.2,4.30,16.0,0.454
2020-12-06,23.6,27.0,21.9,19.90,16.0,0.457
2020-12-07,24.2,26.9,22.0,2.30,13.0,0.460
2020-12-08,24.0,27.0,22.3,9.90,18.0,0.462
2020-12-09,23.8,26.9,21.6,2.00,9.0,0.463
2020-12-10,24.3,27.4,21.7,1.60,7.0,0.460
2020-12-11,24.5,27.8,22.3,0.60,6.0,0.455
2020-12-12,24.2,27.3,21.9,2.30,10.0,0.449
2020-12-13,24.4,27.7,21.7,4.70,11.0,0.448
2020-12-14,23.9,27.7,21.9,10.40,10.0,0.447
2020-12-15,23.6,26.7,21.9,9.70,13.0,0.452
2020-12-16,23.1,24.6,21.8,7.10,9.0,0.455
2020-12-17,24.0,27.2,21.4,0.50,4.0,0.451
2020-12-18,22.7,23.8,21.9,49.30,24.0,0.463
2020-12-19,23.7,25.4,22.4,19.30,24.0,0.498
2020-12-20,23.7,26.3,22.5,18.60,21.0,0.502
2020-12-21,23.9,26.4,22.2,0.80,6.0,0.501
2020-12-22,24.3,27.7,22.2,1.30,5.0,0.492
2020-12-23,24.2,27.0,22.2,1.30,8.0,0.487
2020-12-24,24.3,28.1,21.9,0.00,0.0,0.482
2020-12-25,23.5,25.5,21.9,8.50,14.0,0.480
2020-12-26,23.8,26.2,22.3,13.00,22.0,0.495
2020-12-27,23.4,25.5,22.1,6.90,14.0,0.509
2020-12-28,23.3,25.1,22.0,3.00,9.0,0.502
2020-12-29,24.6,27.6,22.5,2.00,9.0,0.495
2020-12-30,24.2,27.0,21.9,4.20,16.0,0.493
2020-12-31,23.6,26.2,22.2,10.50,17.0,0.494
2021-01-01,23.8,27.2,21.6,0.60,6.0,0.492
2021-01-02,23.5,26.1,21.8,2.80,13.0,0.489
2021-01-03,23.1,25.1,21.8,14.80,21.0,0.498
2021-01-04,23.0,25.3,21.7,11.00,11.0,0.501
2021-01-05,23.9,26.8,21.7,1.60,8.0,0.494
2021-01-06,23.8,27.2,21.4,1.90,10.0,0.488
2021-01-07,23.3,25.5,21.8,14.60,13.0,0.485
2021-01-08,23.3,25.6,21.8,50.40,24.0,0.508
2021-01-09,23.1,25.5,21.7,16.20,21.0,0.508
2021-01-10,22.8,25.7,21.5,11.30,16.0,0.507
2021-01-11,22.3,23.4,21.6,9.60,22.0,0.508
2021-01-12,21.8,22.9,20.9,29.00,24.0,0.512
2021-01-13,22.3,24.2,20.7,5.10,22.0,0.512
2021-01-14,23.5,26.2,21.8,6.70,11.0,0.503
2021-01-15,23.9,27.5,21.6,0.70,2.0,0.495
2021-01-16,22.7,23.9,21.9,53.20,14.0,0.503
2021-01-17,23.5,26.2,21.8,3.70,16.0,0.506
2021-01-18,22.4,23.5,21.5,25.20,22.0,0.510
2021-01-19,23.1,25.6,21.7,8.80,18.0,0.512
2021-01-20,23.9,27.2,21.7,2.10,7.0,0.504
2021-01-21,23.4,26.2,21.6,11.00,14.0,0.500
2021-01-22,23.7,27.4,21.4,5.10,8.0,0.499
2021-01-23,23.8,26.5,21.9,2.90,11.0,0.495
2021-01-24,23.5,27.1,20.5,1.70,5.0,0.491
2021-01-25,23.8,27.1,21.9,2.20,8.0,0.488
2021-01-26,23.5,27.2,19.1,0.60,4.0,0.481
2021-01-27,23.6,26.5,21.7,1.40,11.0,0.477
2021-01-28,23.0,25.7,21.3,35.20,18.0,0.481
2021-01-29,22.9,26.5,20.7,3.60,10.0,0.490
2021-01-30,21.9,23.5,21.0,6.00,16.0,0.490
2021-01-31,22.7,25.9,20.5,0.90,5.0,0.488
2021-02-01,22.3,24.1,20.7,7.10,18.0,0.487
2021-02-02,22.8,24.7,21.2,9.90,19.0,0.494
2021-02-03,23.3,26.8,21.2,3.10,14.0,0.499
2021-02-04,23.5,26.9,21.3,1.60,12.0,0.495
2021-02-05,23.7,26.5,21.4,1.30,9.0,0.489
2021-02-06,24.0,27.5,21.8,1.10,6.0,0.483
2021-02-07,23.4,27.3,21.5,17.10,19.0,0.481
2021-02-08,22.3,23.3,21.9,34.20,24.0,0.504
2021-02-09,23.1,26.1,21.5,16.80,19.0,0.511
2021-02-10,23.6,26.6,21.9,5.80,18.0,0.509
2021-02-11,24.1,27.2,22.0,3.70,16.0,0.501
2021-02-12,24.2,27.0,21.3,2.60,9.0,0.496
2021-02-13,23.7,26.4,22.0,15.30,16.0,0.495
2021-02-14,22.8,24.7,21.4,34.20,21.0,0.502
2021-02-15,22.8,25.2,21.5,58.30,21.0,0.516
2021-02-16,22.9,26.3,21.2,9.00,11.0,0.508
2021-02-17,22.6,26.0,21.0,16.50,15.0,0.504
2021-02-18,23.0,25.8,20.9,1.40,7.0,0.507
2021-02-19,22.1,24.5,20.4,0.40,4.0,0.497
2021-02-20,21.1,23.1,20.0,2.10,9.0,0.489
2021-02-21,21.9,22.9,20.3,18.20,20.0,0.489
2021-02-22,23.5,26.5,21.9,13.00,22.0,0.496
2021-02-23,24.0,27.3,21.1,5.10,11.0,0.495
2021-02-24,23.8,26.8,22.0,2.60,7.0,0.490
2021-02-25,23.6,27.3,21.0,0.00,0.0,0.480
2021-02-26,23.8,27.1,20.6,2.10,8.0,0.472
2021-02-27,24.2,27.2,22.0,5.00,17.0,0.467
2021-02-28,23.9,27.0,22.3,13.90,10.0,0.466
2021-03-01,23.8,27.1,19.9,0.80,4.0,0.472
2021-03-02,24.2,27.6,21.3,1.90,6.0,0.465
2021-03-03,23.9,27.1,21.1,0.00,0.0,0.459
2021-03-04,23.5,26.7,19.9,2.10,6.0,0.451
2021-03-05,23.7,26.8,21.4,0.80,7.0,0.445
2021-03-06,23.6,26.5,21.0,0.90,4.0,0.441
2021-03-07,23.5,27.0,20.7,0.90,6.0,0.436
2021-03-08,23.3,26.7,21.0,4.00,16.0,0.433
2021-03-09,23.3,26.2,21.2,3.30,11.0,0.429
2021-03-10,23.5,27.1,20.6,3.60,10.0,0.427
2021-03-11,22.2,22.7,21.3,32.40,21.0,0.438
2021-03-12,22.8,25.4,21.6,29.40,24.0,0.457
2021-03-13,23.2,25.8,21.5,13.10,23.0,0.467
2021-03-14,23.6,26.7,21.4,5.60,15.0,0.468
2021-03-15,24.1,27.6,21.2,2.70,13.0,0.463
2021-03-16,24.5,28.2,21.4,1.70,9.0,0.457
2021-03-17,24.8,28.0,21.7,1.50,7.0,0.450
2021-03-18,25.0,28.0,22.5,2.10,10.0,0.442
2021-03-19,24.7,27.7,22.3,1.60,6.0,0.437
2021-03-20,24.2,26.8,22.1,5.20,10.0,0.432
2021-03-21,23.8,26.1,22.3,12.40,14.0,0.435
2021-03-22,24.7,27.6,22.4,0.20,2.0,0.435
2021-03-23,24.6,27.9,22.0,0.60,5.0,0.430
2021-03-24,23.8,27.1,22.0,7.30,23.0,0.425
2021-03-25,24.1,26.9,22.0,5.60,17.0,0.425
2021-03-26,24.4,27.5,21.8,1.80,11.0,0.421
2021-03-27,24.0,27.1,20.4,3.20,10.0,0.417
2021-03-28,24.8,28.7,21.9,1.00,8.0,0.412
2021-03-29,24.9,28.5,21.7,0.50,5.0,0.407
2021-03-30,24.2,28.0,20.8,7.20,11.0,0.405
2021-03-31,23.8,25.6,22.4,23.90,18.0,0.426
2021-04-01,24.5,27.8,22.4,2.90,16.0,0.428
2021-04-02,24.6,28.7,21.5,0.20,1.0,0.423
2021-04-03,24.5,27.7,22.0,2.70,10.0,0.418
2021-04-04,24.6,28.2,21.0,0.70,6.0,0.414
2021-04-05,24.6,28.4,21.3,0.90,5.0,0.409
2021-04-06,24.3,27.9,21.1,3.40,10.0,0.403
2021-04-07,24.0,26.8,21.5,2.10,9.0,0.398
2021-04-08,24.2,27.7,21.1,1.80,6.0,0.395
2021-04-09,23.8,26.8,21.3,10.10,8.0,0.393
2021-04-10,24.3,27.2,21.6,4.80,12.0,0.392
2021-04-11,24.6,28.4,21.6,1.90,10.0,0.393
2021-04-12,24.3,27.4,21.5,1.40,7.0,0.387
2021-04-13,24.1,27.3,22.2,4.60,12.0,0.382
2021-04-14,24.1,27.3,21.8,10.00,13.0,0.381
2021-04-15,24.1,27.7,21.7,11.80,15.0,0.382
2021-04-16,24.3,27.4,22.0,4.40,9.0,0.386
2021-04-17,23.8,26.2,22.2,2.00,11.0,0.386
2021-04-18,23.7,25.7,22.4,4.30,6.0,0.385
2021-04-19,23.6,24.8,22.6,7.50,12.0,0.390
2021-04-20,24.2,26.8,23.0,2.10,11.0,0.390
2021-04-21,24.7,28.1,22.4,1.20,9.0,0.389
2021-04-22,24.4,27.7,21.8,6.30,6.0,0.387
2021-04-23,24.8,28.0,22.2,2.00,8.0,0.383
2021-04-24,24.8,28.0,22.4,0.90,7.0,0.378
2021-04-25,24.6,28.1,22.2,4.50,13.0,0.375
2021-04-26,23.9,26.8,21.4,8.90,18.0,0.375
2021-04-27,24.0,27.4,21.1,0.70,7.0,0.374
2021-04-28,24.0,27.1,21.4,6.50,10.0,0.372
2021-04-29,24.5,28.3,21.4,1.50,7.0,0.367
2021-04-30,24.9,28.5,21.8,2.80,13.0,0.362
2021-05-01,25.4,29.1,22.2,0.50,4.0,0.360
2021-05-02,24.7,27.3,22.7,3.50,13.0,0.355
2021-05-03,25.1,28.3,22.7,0.90,8.0,0.352
2021-05-04,24.9,28.2,22.4,2.70,16.0,0.352
2021-05-05,25.1,27.6,22.9,5.90,11.0,0.350
2021-05-06,25.1,28.5,22.8,4.40,15.0,0.348
2021-05-07,25.6,29.6,22.6,1.10,7.0,0.343
2021-05-08,24.7,28.0,22.8,9.00,14.0,0.343
2021-05-09,25.3,29.1,22.8,3.20,13.0,0.348
2021-05-10,24.0,26.3,22.5,33.50,20.0,0.353
2021-05-11,24.9,27.9,23.1,8.60,16.0,0.350
2021-05-12,24.5,26.8,22.7,11.90,11.0,0.340
2021-05-13,25.0,28.3,22.6,1.20,9.0,0.338
2021-05-14,24.2,27.5,22.8,21.20,17.0,0.341
2021-05-15,24.4,27.0,22.7,8.80,16.0,0.344
2021-05-16,25.2,28.4,22.9,2.80,12.0,0.350
2021-05-17,25.4,29.5,22.5,8.30,10.0,0.347
2021-05-18,24.3,27.5,22.6,21.00,20.0,0.353
2021-05-19,24.4,27.0,22.6,20.10,23.0,0.362
2021-05-20,24.2,26.7,22.6,23.70,16.0,0.373
2021-05-21,24.4,27.3,22.0,9.30,15.0,0.383
2021-05-22,24.7,28.0,22.5,2.70,11.0,0.377
2021-05-23,24.7,27.9,22.3,6.00,11.0,0.375
2021-05-24,24.8,28.1,22.0,3.50,11.0,0.375
2021-05-25,24.7,27.6,22.0,5.30,9.0,0.372
2021-05-26,24.8,27.6,22.6,5.30,13.0,0.371
2021-05-27,24.7,27.9,22.6,14.30,15.0,0.376
2021-05-28,25.3,28.4,23.0,8.70,18.0,0.375
2021-05-29,25.0,28.6,22.6,17.90,16.0,0.381
2021-05-30,24.7,27.4,22.7,10.50,10.0,0.384
2021-05-31,24.4,26.7,22.9,10.70,14.0,0.401
2021-06-01,23.5,25.1,22.4,69.00,19.0,0.415
2021-06-02,23.9,25.9,22.6,30.30,18.0,0.464
2021-06-03,25.2,28.2,22.3,1.90,9.0,0.461
2021-06-04,25.3,29.0,22.7,3.60,7.0,0.456
2021-06-05,24.7,28.2,22.7,2.60,8.0,0.453
2021-06-06,23.8,26.2,22.1,39.50,12.0,0.463
2021-06-07,24.1,26.3,22.3,4.70,11.0,0.464
2021-06-08,23.8,26.3,22.1,19.30,20.0,0.468
2021-06-09,24.2,27.0,22.3,14.50,19.0,0.465
2021-06-10,24.0,27.0,22.4,12.20,19.0,0.466
2021-06-11,23.7,26.1,22.1,14.10,17.0,0.474
2021-06-12,23.7,26.4,22.3,21.20,15.0,0.482
2021-06-13,23.9,27.0,22.1,6.00,15.0,0.490
2021-06-14,24.8,27.9,22.0,0.70,4.0,0.489
2021-06-15,25.0,28.4,21.7,3.70,5.0,0.483
2021-06-16,25.0,28.8,22.3,2.00,7.0,0.477
2021-06-17,25.1,28.3,22.1,1.10,6.0,0.469
2021-06-18,25.2,28.6,22.7,3.60,7.0,0.464
2021-06-19,24.4,27.3,21.8,9.20,10.0,0.469
2021-06-20,25.0,28.3,22.2,0.30,2.0,0.469
2021-06-21,24.8,27.7,22.6,1.60,3.0,0.463
2021-06-22,24.7,27.8,22.1,8.10,12.0,0.458
2021-06-23,24.7,27.7,22.0,5.00,5.0,0.460
2021-06-24,24.7,27.1,23.2,4.80,9.0,0.456
2021-06-25,24.3,27.6,22.3,8.10,9.0,0.461
2021-06-26,24.5,27.9,22.2,7.00,10.0,0.464
2021-06-27,24.1,27.1,22.1,25.00,17.0,0.469
2021-06-28,24.8,27.4,22.6,1.10,7.0,0.462
2021-06-29,24.6,27.8,22.1,5.30,15.0,0.460
2021-06-30,24.8,28.1,22.4,4.10,10.0,0.461
2021-07-01,24.4,27.6,22.0,19.90,11.0,0.467
2021-07-02,24.1,26.3,22.3,8.50,14.0,0.472
2021-07-03,23.2,25.0,22.4,17.00,23.0,0.476
2021-07-04,23.6,26.1,21.9,8.70,10.0,0.484
2021-07-05,24.0,26.6,22.2,6.20,13.0,0.486
2021-07-06,23.8,26.8,22.5,13.50,10.0,0.491
2021-07-07,24.2,27.5,21.3,4.20,11.0,0.495
2021-07-08,24.6,27.7,21.9,1.70,10.0,0.491
2021-07-09,24.1,26.7,22.1,14.00,19.0,0.489
2021-07-10,23.7,27.1,22.1,19.10,20.0,0.494
2021-07-11,25.0,28.2,22.3,2.30,9.0,0.495
2021-07-12,25.2,28.4,22.5,4.40,13.0,0.488
2021-07-13,24.4,27.3,22.7,12.40,10.0,0.490
2021-07-14,24.2,26.7,22.5,18.70,14.0,0.497
2021-07-15,24.5,27.6,22.0,14.20,16.0,0.504
2021-07-16,24.4,27.2,22.1,3.30,11.0,0.504
2021-07-17,24.3,26.8,22.4,8.60,7.0,0.501
2021-07-18,24.7,27.6,22.8,5.70,10.0,0.494
2021-07-19,24.9,27.6,23.0,3.20,6.0,0.492
2021-07-20,25.3,28.5,22.8,0.10,1.0,0.486
2021-07-21,25.3,28.1,23.2,0.30,3.0,0.479
2021-07-22,25.5,28.2,23.6,0.30,3.0,0.473
2021-07-23,25.4,27.6,23.5,1.30,6.0,0.468
2021-07-24,25.8,28.7,23.7,0.40,4.0,0.462
2021-07-25,25.9,29.1,23.7,0.00,0.0,0.456
2021-07-26,25.8,29.1,23.5,0.10,1.0,0.449
2021-07-27,25.8,28.7,23.4,0.60,5.0,0.444
2021-07-28,26.0,28.7,23.9,0.60,4.0,0.439
2021-07-29,25.9,28.9,23.1,5.00,6.0,0.435
2021-07-30,25.9,29.3,22.6,0.10,1.0,0.428
2021-07-31,25.8,28.9,23.1,2.00,5.0,0.421
2021-08-01,26.0,29.1,23.2,0.70,5.0,0.412
2021-08-02,25.9,29.5,23.3,1.10,6.0,0.407
2021-08-03,25.9,29.4,23.7,0.60,5.0,0.402
2021-08-04,25.9,29.0,23.5,0.20,1.0,0.397
2021-08-05,26.1,29.1,23.4,0.80,5.0,0.393
2021-08-06,25.9,29.3,23.1,4.30,5.0,0.390
2021-08-07,26.1,29.6,22.7,0.00,0.0,0.383
2021-08-08,25.1,29.3,22.9,3.30,10.0,0.380
2021-08-09,23.3,24.7,22.3,15.40,22.0,0.383
2021-08-10,23.6,26.5,22.0,11.40,16.0,0.397
2021-08-11,25.1,29.0,22.1,0.20,2.0,0.393
2021-08-12,25.5,28.9,22.1,1.50,11.0,0.390
2021-08-13,24.9,28.0,22.5,4.00,12.0,0.389
2021-08-14,24.1,27.1,21.9,7.30,13.0,0.395
2021-08-15,24.4,27.7,21.9,7.60,8.0,0.395
2021-08-16,24.9,28.0,22.2,1.60,9.0,0.391
2021-08-17,24.1,26.0,22.6,13.20,14.0,0.393
2021-08-18,24.2,27.1,22.2,7.60,11.0,0.403
2021-08-19,24.6,27.6,22.1,11.70,17.0,0.402
2021-08-20,24.0,27.4,21.9,14.80,12.0,0.407
2021-08-21,24.1,27.8,22.3,7.00,10.0,0.406
2021-08-22,23.9,26.7,22.1,26.70,21.0,0.411
2021-08-23,24.0,27.9,21.6,24.00,19.0,0.422
2021-08-24,23.6,26.9,21.9,3.50,13.0,0.431
2021-08-25,23.4,25.6,21.4,8.20,13.0,0.427
2021-08-26,23.1,25.4,21.6,15.90,23.0,0.436
2021-08-27,24.0,27.3,21.8,3.10,14.0,0.439
2021-08-28,22.9,23.9,21.9,19.70,15.0,0.445
2021-08-29,23.6,27.0,21.0,10.20,13.0,0.444
2021-08-30,24.1,27.3,21.5,6.90,8.0,0.449
2021-08-31,24.8,28.4,22.2,3.40,13.0,0.444
2021-09-01,23.8,26.1,21.9,8.10,15.0,0.444
2021-09-02,24.3,28.2,21.3,6.80,8.0,0.445
2021-09-03,24.4,27.7,21.5,10.40,14.0,0.447
2021-09-04,24.3,27.6,22.3,9.50,15.0,0.448
2021-09-05,24.3,27.0,21.8,9.60,13.0,0.453
2021-09-06,23.3,25.7,22.2,23.00,23.0,0.462
2021-09-07,23.2,25.3,22.3,15.20,23.0,0.478
2021-09-08,24.0,26.4,22.2,8.60,8.0,0.484
2021-09-09,24.0,26.5,22.3,9.20,12.0,0.483
2021-09-10,24.4,26.7,22.7,0.90,9.0,0.483
2021-09-11,25.1,28.0,22.2,0.80,4.0,0.480
2021-09-12,24.9,27.6,23.0,10.80,8.0,0.477
2021-09-13,24.6,28.1,22.2,7.50,12.0,0.473
2021-09-14,23.6,25.9,21.9,13.10,17.0,0.476
2021-09-15,24.6,28.3,20.9,1.10,7.0,0.471
2021-09-16,23.4,25.8,22.0,13.10,16.0,0.471
2021-09-17,24.1,27.3,21.3,2.30,12.0,0.467
2021-09-18,24.2,28.0,21.7,17.90,11.0,0.465
2021-09-19,23.5,26.3,21.4,11.80,19.0,0.472
2021-09-20,22.7,23.7,21.4,20.40,24.0,0.480
2021-09-21,23.9,26.9,21.7,3.90,16.0,0.487
2021-09-22,24.1,27.0,22.0,3.70,12.0,0.485
2021-09-23,24.4,27.5,22.0,4.70,13.0,0.484
2021-09-24,24.5,27.6,22.4,1.50,7.0,0.483
2021-09-25,24.4,27.5,22.4,4.70,18.0,0.481
2021-09-26,24.2,26.7,22.1,2.00,8.0,0.481
2021-09-27,24.5,27.8,21.9,6.40,7.0,0.480
2021-09-28,24.7,28.3,22.3,6.80,9.0,0.479
2021-09-29,24.8,28.1,22.2,5.60,8.0,0.478
2021-09-30,25.2,29.0,23.0,3.20,7.0,0.475
2021-10-01,24.9,27.9,22.4,10.10,7.0,0.474
2021-10-02,24.2,26.6,22.7,32.20,12.0,0.478
2021-10-03,24.0,27.4,21.9,35.00,17.0,0.486
2021-10-04,23.0,24.8,22.3,64.40,21.0,0.514
2021-10-05,23.5,24.8,22.5,11.50,21.0,0.513
2021-10-06,24.6,28.2,22.3,2.50,9.0,0.507
2021-10-07,25.3,29.0,21.9,0.30,2.0,0.500
2021-10-08,24.0,25.8,22.7,10.30,14.0,0.497
2021-10-09,23.1,24.1,22.2,17.00,21.0,0.507
2021-10-10,23.8,25.6,22.7,8.30,23.0,0.508
2021-10-11,24.1,26.7,22.8,3.10,18.0,0.505
2021-10-12,24.2,26.4,22.7,12.80,16.0,0.497
2021-10-13,25.0,28.0,22.9,5.30,10.0,0.447
2021-10-14,24.9,28.8,22.7,6.10,12.0,0.446
2021-10-15,23.0,26.5,21.6,31.70,20.0,0.456
2021-10-16,24.1,27.5,21.6,1.90,8.0,0.461
2021-10-17,24.8,28.5,22.1,3.50,7.0,0.458
2021-10-18,24.7,28.1,22.2,1.80,9.0,0.456
2021-10-19,24.5,27.7,21.8,6.90,13.0,0.451
2021-10-20,24.1,27.2,21.9,11.20,18.0,0.451
2021-10-21,23.9,27.3,21.6,2.80,8.0,0.459
2021-10-22,23.5,26.2,22.1,20.60,17.0,0.469
2021-10-23,23.6,27.2,21.6,19.20,23.0,0.476
2021-10-24,24.1,27.4,21.8,3.20,15.0,0.477
2021-10-25,24.4,27.7,21.9,1.80,10.0,0.474
2021-10-26,24.3,27.6,22.0,2.60,10.0,0.471
2021-10-27,23.7,27.0,21.4,14.90,12.0,0.476
2021-10-28,23.8,27.1,21.7,9.00,17.0,0.481
2021-10-29,24.2,27.9,21.5,1.50,9.0,0.477
2021-10-30,23.8,27.6,21.7,8.70,16.0,0.474
2021-10-31,23.4,25.9,21.8,10.00,20.0,0.475
2021-11-01,24.4,28.4,21.9,1.60,6.0,0.471
2021-11-02,23.6,26.5,21.8,11.70,14.0,0.472
2021-11-03,23.8,27.6,21.6,10.50,14.0,0.483
2021-11-04,23.6,27.9,21.4,19.40,13.0,0.486
2021-11-05,23.9,26.9,21.6,22.90,17.0,0.491
2021-11-06,24.6,28.4,21.5,2.90,14.0,0.489
2021-11-07,24.0,26.7,22.2,6.60,13.0,0.487
2021-11-08,25.0,28.0,22.7,1.30,9.0,0.484
2021-11-09,23.4,25.5,21.8,5.80,15.0,0.482
2021-11-10,24.1,27.5,22.2,7.00,11.0,0.483
2021-11-11,24.3,27.8,22.2,6.20,21.0,0.482
2021-11-12,24.0,26.7,22.0,8.80,16.0,0.481
2021-11-13,23.6,26.9,21.9,14.40,18.0,0.483
2021-11-14,24.0,27.1,22.2,3.20,11.0,0.484
2021-11-15,23.6,27.6,21.3,16.80,16.0,0.486
2021-11-16,23.8,26.7,22.1,4.10,21.0,0.489
2021-11-17,23.4,26.3,21.7,7.20,17.0,0.489
2021-11-18,23.7,27.2,21.0,1.30,9.0,0.488
2021-11-19,24.1,27.9,20.7,0.20,2.0,0.483
2021-11-20,24.7,28.0,21.6,2.00,9.0,0.479
2021-11-21,24.3,26.9,22.2,1.20,10.0,0.475
2021-11-22,24.4,27.8,21.6,6.00,12.0,0.478
2021-11-23,24.5,27.0,22.3,1.60,5.0,0.476
2021-11-24,23.8,26.3,21.6,3.90,11.0,0.474
2021-11-25,23.5,27.1,21.7,12.70,19.0,0.479
2021-11-26,23.4,26.9,21.5,22.90,17.0,0.485
2021-11-27,23.7,26.6,22.2,7.50,19.0,0.483
2021-11-28,23.9,26.7,21.3,6.20,14.0,0.483
2021-11-29,24.3,27.7,22.2,3.70,12.0,0.478
2021-11-30,23.9,27.7,21.5,4.90,12.0,0.476
2021-12-01,24.1,27.2,21.2,1.10,5.0,0.473
2021-12-02,23.5,26.3,22.0,3.30,9.0,0.472
2021-12-03,23.0,25.3,21.7,2.30,9.0,0.475
2021-12-04,23.1,26.6,20.3,0.90,5.0,0.473
2021-12-05,22.7,25.7,20.4,0.80,6.0,0.469
2021-12-06,22.8,25.5,20.5,1.20,4.0,0.466
2021-12-07,22.8,25.1,21.6,20.90,19.0,0.466
2021-12-08,23.2,26.3,21.6,24.10,22.0,0.479
2021-12-09,23.0,25.3,21.4,12.80,24.0,0.482
2021-12-10,23.3,25.6,21.9,11.00,21.0,0.482
2021-12-11,23.5,26.4,21.7,16.80,14.0,0.485
2021-12-12,23.8,27.6,22.0,10.60,18.0,0.482
2021-12-13,23.4,26.3,21.2,9.30,13.0,0.486
2021-12-14,23.6,26.5,21.6,0.80,4.0,0.492
2021-12-15,23.2,26.6,20.9,10.90,12.0,0.489
2021-12-16,22.4,22.8,22.1,107.40,19.0,0.499
2021-12-17,24.0,26.3,22.3,62.10,17.0,0.514
2021-12-18,24.7,28.3,22.0,0.80,7.0,0.504
2021-12-19,24.4,28.0,22.1,1.60,8.0,0.496
2021-12-20,24.2,27.7,21.3,1.60,5.0,0.491
2021-12-21,23.8,27.8,21.0,0.00,0.0,0.486
2021-12-22,24.0,27.6,21.1,0.30,3.0,0.481
2021-12-23,23.8,27.5,21.4,0.70,4.0,0.476
2021-12-24,23.9,27.0,21.0,0.70,4.0,0.471
2021-12-25,23.6,26.9,21.2,3.00,7.0,0.468
2021-12-26,23.2,26.7,21.2,15.20,11.0,0.467
2021-12-27,23.1,26.4,21.5,2.60,9.0,0.465
2021-12-28,22.3,24.9,21.3,11.50,15.0,0.467
2021-12-29,22.1,23.2,21.1,5.80,24.0,0.473
2021-12-30,22.4,25.4,21.3,18.00,15.0,0.479
2021-12-31,22.3,24.9,21.1,10.80,21.0,0.488
2022-01-01,22.2,24.7,20.8,7.70,19.0,0.496
2022-01-02,21.6,22.4,20.9,18.60,19.0,0.502
2022-01-03,22.6,24.9,21.1,0.60,4.0,0.505
2022-01-04,23.0,26.0,20.6,0.40,4.0,0.499
2022-01-05,22.7,25.7,20.2,3.20,15.0,0.494
2022-01-06,23.1,26.4,20.4,0.60,4.0,0.491
2022-01-07,23.1,26.8,20.1,1.30,5.0,0.487
2022-01-08,23.1,26.3,21.0,1.20,8.0,0.483
2022-01-09,23.2,26.4,20.5,0.90,8.0,0.479
2022-01-10,23.6,26.8,20.7,2.40,6.0,0.476
2022-01-11,23.7,26.9,21.1,2.50,7.0,0.472
2022-01-12,23.4,26.7,21.0,1.30,6.0,0.467
2022-01-13,23.1,26.7,20.8,0.10,1.0,0.462
2022-01-14,22.3,25.5,19.8,0.00,0.0,0.457
2022-01-15,22.4,25.9,19.2,0.00,0.0,0.453
2022-01-16,23.1,26.3,20.4,0.10,1.0,0.448
2022-01-17,22.9,26.1,20.2,0.60,4.0,0.444
2022-01-18,22.7,25.7,21.1,12.00,14.0,0.446
2022-01-19,22.9,25.9,20.5,11.70,17.0,0.462
2022-01-20,23.2,26.6,20.2,0.90,5.0,0.461
2022-01-21,23.1,25.7,21.2,1.00,5.0,0.459
2022-01-22,23.4,27.0,20.4,0.70,5.0,0.455
2022-01-23,23.3,26.0,21.3,3.60,12.0,0.449
2022-01-24,23.2,25.6,21.4,17.00,13.0,0.449
2022-01-25,22.7,24.4,21.9,13.90,23.0,0.459
2022-01-26,23.4,26.2,21.8,18.70,23.0,0.473
2022-01-27,23.4,26.2,21.8,19.10,18.0,0.482
2022-01-28,23.8,27.3,20.9,0.90,4.0,0.479
2022-01-29,23.8,26.9,21.3,1.50,8.0,0.474
2022-01-30,24.0,27.1,21.1,2.70,11.0,0.473
2022-01-31,23.6,27.1,20.7,1.70,6.0,0.469
2022-02-01,23.2,26.1,21.3,1.50,8.0,0.466
2022-02-02,23.5,27.4,20.8,0.10,1.0,0.463
2022-02-03,23.0,26.3,21.1,4.80,8.0,0.461
2022-02-04,21.8,24.0,20.7,25.10,18.0,0.463
2022-02-05,23.2,26.2,21.1,3.50,14.0,0.477
2022-02-06,23.4,26.3,21.4,1.50,11.0,0.475
2022-02-07,23.4,27.0,21.3,1.80,8.0,0.469
2022-02-08,22.3,23.7,20.5,6.40,16.0,0.467
2022-02-09,23.4,26.6,20.8,0.90,6.0,0.464
2022-02-10,23.1,25.3,21.3,0.80,7.0,0.460
2022-02-11,23.1,26.0,21.3,17.20,16.0,0.463
2022-02-12,23.0,26.3,21.3,38.90,11.0,0.470
2022-02-13,23.5,26.5,21.6,1.30,7.0,0.472
2022-02-14,23.7,27.2,21.2,2.00,7.0,0.469
2022-02-15,23.7,27.2,21.2,0.70,6.0,0.464
2022-02-16,23.6,27.5,19.8,0.00,0.0,0.459
2022-02-17,23.4,27.3,20.6,0.10,1.0,0.454
2022-02-18,23.4,26.6,20.6,0.00,0.0,0.449
2022-02-19,23.6,27.0,21.1,2.30,7.0,0.447
2022-02-20,24.0,28.3,21.0,1.00,3.0,0.445
2022-02-21,22.6,26.5,19.5,6.80,16.0,0.442
2022-02-22,22.8,26.6,20.1,3.00,7.0,0.439
2022-02-23,23.0,26.6,20.7,3.20,8.0,0.437
2022-02-24,23.9,28.1,20.7,1.30,7.0,0.433
2022-02-25,23.7,27.0,21.4,0.00,0.0,0.429
2022-02-26,23.7,27.6,20.7,0.60,4.0,0.425
2022-02-27,23.3,27.2,21.0,15.20,21.0,0.425
2022-02-28,22.7,24.3,21.4,10.70,19.0,0.428
2022-03-01,24.0,27.3,21.2,0.10,1.0,0.426
2022-03-02,23.8,26.6,21.4,6.10,16.0,0.424
2022-03-03,23.2,25.7,21.5,13.70,12.0,0.434
2022-03-04,23.9,27.3,20.8,1.50,7.0,0.438
2022-03-05,23.2,26.5,21.2,10.60,17.0,0.437
2022-03-06,22.5,24.7,21.4,34.30,23.0,0.458
2022-03-07,22.7,24.1,21.3,14.80,15.0,0.485
2022-03-08,23.3,25.9,21.4,14.90,18.0,0.489
2022-03-09,23.0,25.5,21.6,39.90,19.0,0.496
2022-03-10,23.3,25.7,21.5,13.40,18.0,0.508
2022-03-11,23.8,26.7,22.1,8.40,18.0,0.504
2022-03-12,24.0,27.2,21.1,7.90,19.0,0.508
2022-03-13,24.2,27.3,21.1,1.10,4.0,0.498
2022-03-14,24.3,27.9,21.7,6.40,9.0,0.491
2022-03-15,24.1,26.7,22.1,13.00,12.0,0.490
2022-03-16,24.3,27.6,22.0,4.60,8.0,0.488
2022-03-17,24.7,28.2,22.3,0.90,7.0,0.490
2022-03-18,24.9,28.1,22.4,0.40,4.0,0.486
2022-03-19,25.2,28.0,22.2,1.10,4.0,0.480
2022-03-20,24.0,27.4,22.2,16.50,10.0,0.482
2022-03-21,24.5,27.6,22.2,2.90,10.0,0.488
2022-03-22,24.7,28.2,21.6,0.40,4.0,0.488
2022-03-23,24.6,28.1,22.2,0.50,5.0,0.483
2022-03-24,24.6,28.0,21.7,1.50,8.0,0.478
2022-03-25,24.6,28.1,22.0,1.80,10.0,0.473
2022-03-26,24.8,28.1,22.4,1.60,7.0,0.469
2022-03-27,23.9,26.7,21.7,2.70,13.0,0.466
2022-03-28,23.2,25.4,22.0,43.50,16.0,0.478
2022-03-29,24.3,27.6,21.4,1.50,7.0,0.479
2022-03-30,24.7,28.0,21.9,2.80,7.0,0.473
2022-03-31,24.2,28.1,21.7,5.80,12.0,0.469
2022-04-01,24.1,27.9,21.9,4.50,12.0,0.466
2022-04-02,23.5,27.6,21.6,15.00,13.0,0.469
2022-04-03,23.7,27.4,21.0,4.70,14.0,0.473
2022-04-04,23.9,27.4,21.3,11.10,11.0,0.472
2022-04-05,23.2,25.4,21.5,8.80,16.0,0.470
2022-04-06,23.6,26.3,21.9,4.40,17.0,0.475
2022-04-07,22.8,25.7,21.5,31.50,23.0,0.489
2022-04-08,22.7,25.4,21.4,28.80,24.0,0.513
2022-04-09,22.0,23.0,21.3,12.50,16.0,0.513
2022-04-10,21.8,22.4,21.0,76.40,24.0,0.505
2022-04-11,22.4,24.8,21.4,110.80,24.0,0.499
2022-04-12,21.9,22.3,21.6,85.20,24.0,0.505
2022-04-13,23.6,27.4,21.3,7.60,8.0,0.484
2022-04-14,23.9,26.8,22.1,8.10,11.0,0.475
2022-04-15,24.2,27.3,21.8,4.40,11.0,0.468
2022-04-16,23.8,27.4,21.3,13.20,10.0,0.461
2022-04-17,24.2,27.4,21.4,2.70,10.0,0.458
2022-04-18,24.3,27.4,21.6,4.20,8.0,0.452
2022-04-19,24.8,28.0,21.8,0.10,1.0,0.444
2022-04-20,24.4,27.3,21.7,4.50,9.0,0.443
2022-04-21,24.6,28.4,22.0,3.40,8.0,0.440
2022-04-22,24.8,27.9,22.0,0.80,7.0,0.436
2022-04-23,24.9,28.1,22.3,3.80,13.0,0.431
2022-04-24,24.4,27.7,22.0,8.60,12.0,0.429
2022-04-25,24.7,28.6,22.4,3.40,12.0,0.424
2022-04-26,24.0,28.2,22.3,15.00,15.0,0.426
2022-04-27,24.1,27.0,22.1,3.20,17.0,0.432
2022-04-28,23.6,26.7,22.3,13.10,18.0,0.441
2022-04-29,24.4,26.7,22.4,2.60,9.0,0.444
2022-04-30,24.7,28.4,21.8,0.60,6.0,0.439
2022-05-01,24.7,28.0,21.9,0.00,0.0,0.432
2022-05-02,24.6,27.9,22.4,1.50,8.0,0.426
2022-05-03,24.2,26.6,22.2,2.10,9.0,0.422
2022-05-04,24.5,27.5,22.3,1.50,9.0,0.416
2022-05-05,24.5,27.0,22.5,8.70,12.0,0.414
2022-05-06,25.3,28.7,22.5,0.70,4.0,0.408
2022-05-07,25.1,28.0,22.4,1.90,9.0,0.403
2022-05-08,25.3,28.1,23.0,1.30,9.0,0.399
2022-05-09,24.4,27.4,22.7,10.90,16.0,0.397
2022-05-10,24.6,28.0,21.6,25.50,17.0,0.413
2022-05-11,25.2,28.2,22.2,1.30,7.0,0.410
2022-05-12,25.7,28.9,22.9,0.20,2.0,0.406
2022-05-13,24.5,27.7,22.5,5.60,11.0,0.403
2022-05-14,24.1,27.1,22.1,11.80,14.0,0.412
2022-05-15,24.3,27.2,21.8,8.10,12.0,0.421
2022-05-16,24.7,28.1,22.3,8.40,16.0,0.419
2022-05-17,24.7,28.2,21.8,10.60,15.0,0.424
2022-05-18,24.6,27.8,21.7,5.10,12.0,0.423
2022-05-19,24.9,28.0,21.9,2.80,5.0,0.421
2022-05-20,25.0,28.1,21.7,3.70,12.0,0.416
2022-05-21,24.7,28.1,22.0,4.80,7.0,0.414
2022-05-22,24.3,27.8,21.6,4.60,12.0,0.410
2022-05-23,24.6,28.3,21.4,5.30,8.0,0.405
2022-05-24,25.2,28.5,21.8,1.50,5.0,0.402
2022-05-25,25.6,28.4,23.1,0.50,2.0,0.396
2022-05-26,25.0,29.0,22.2,10.30,11.0,0.392
2022-05-27,23.2,25.9,21.4,34.20,20.0,0.416
2022-05-28,24.3,27.1,21.9,2.70,3.0,0.423
2022-05-29,24.3,28.0,21.9,14.00,12.0,0.424
2022-05-30,23.5,26.7,21.4,4.90,10.0,0.441
2022-05-31,23.8,27.0,20.9,2.60,13.0,0.440
2022-06-01,25.5,28.7,22.9,0.30,1.0,0.435
2022-06-02,24.7,28.4,22.5,7.50,14.0,0.434
2022-06-03,24.7,28.2,21.5,3.00,4.0,0.434
2022-06-04,25.0,28.4,22.1,2.40,9.0,0.428
2022-06-05,23.5,26.2,22.1,13.40,16.0,0.432
2022-06-06,24.6,27.6,22.0,3.00,8.0,0.436
2022-06-07,24.5,28.2,21.8,8.90,11.0,0.433
2022-06-08,24.0,27.3,22.4,17.60,8.0,0.434
2022-06-09,24.8,27.8,21.7,1.10,10.0,0.436
2022-06-10,24.5,28.3,22.3,7.00,12.0,0.435
2022-06-11,24.1,27.2,21.3,1.80,9.0,0.435
2022-06-12,24.9,28.0,21.9,1.50,9.0,0.430
2022-06-13,24.8,28.3,22.5,4.80,12.0,0.426
2022-06-14,24.0,27.1,21.0,19.60,13.0,0.430
2022-06-15,25.1,28.3,22.1,1.00,7.0,0.424
2022-06-16,25.1,27.7,22.3,4.00,8.0,0.421
2022-06-17,25.2,28.5,22.5,1.60,10.0,0.416
2022-06-18,24.9,28.6,22.6,3.00,13.0,0.411
2022-06-19,24.6,27.8,21.9,6.40,15.0,0.410
2022-06-20,24.0,26.5,21.5,2.90,11.0,0.407
2022-06-21,23.5,26.5,21.3,3.90,13.0,0.408
2022-06-22,23.9,27.4,21.3,7.30,12.0,0.412
2022-06-23,24.8,27.9,22.0,8.80,17.0,0.415
2022-06-24,25.0,28.1,22.3,3.90,8.0,0.414
2022-06-25,24.7,28.2,21.8,4.60,7.0,0.408
2022-06-26,24.4,27.8,21.6,8.30,19.0,0.408
2022-06-27,23.8,26.7,21.9,6.30,16.0,0.410
2022-06-28,23.8,26.5,22.1,8.80,21.0,0.417
2022-06-29,24.5,27.7,21.7,5.60,8.0,0.424
2022-06-30,24.9,27.6,22.4,3.90,10.0,0.421
2022-07-01,24.6,27.9,21.6,8.30,9.0,0.418
2022-07-02,24.8,27.4,21.9,0.20,2.0,0.416
2022-07-03,24.9,28.2,23.0,11.70,11.0,0.415
2022-07-04,24.0,27.2,21.6,12.30,14.0,0.418
2022-07-05,23.6,27.6,21.6,6.50,16.0,0.422
2022-07-06,23.7,27.3,21.3,11.60,11.0,0.425
2022-07-07,24.0,27.7,21.9,15.50,14.0,0.429
2022-07-08,23.5,26.7,21.5,19.30,19.0,0.434
2022-07-09,23.5,26.3,21.4,25.50,12.0,0.436
2022-07-10,24.2,27.6,22.0,12.50,13.0,0.435
2022-07-11,24.4,27.3,21.8,10.60,14.0,0.438
2022-07-12,24.7,28.0,22.6,9.20,11.0,0.441
2022-07-13,24.5,28.2,22.3,12.30,10.0,0.446
2022-07-14,24.7,27.8,22.1,7.90,14.0,0.445
2022-07-15,24.7,28.0,21.8,4.70,18.0,0.442
2022-07-16,24.1,27.8,22.3,35.30,16.0,0.445
2022-07-17,23.9,27.3,21.6,10.30,14.0,0.450
2022-07-18,22.9,24.8,21.7,13.70,20.0,0.459
2022-07-19,24.2,27.5,21.8,4.90,15.0,0.465
2022-07-20,24.4,27.5,22.0,6.90,9.0,0.463
2022-07-21,24.1,26.2,22.2,15.50,16.0,0.466
2022-07-22,24.8,28.0,22.2,3.60,13.0,0.464
2022-07-23,24.2,28.7,21.3,22.40,18.0,0.468
2022-07-24,23.8,27.7,21.4,39.70,15.0,0.479
2022-07-25,23.6,25.9,22.1,16.10,20.0,0.481
2022-07-26,24.2,28.4,21.9,19.90,9.0,0.480
2022-07-27,24.7,27.8,22.1,15.50,14.0,0.478
2022-07-28,25.2,28.4,22.8,4.20,7.0,0.475
2022-07-29,24.9,27.7,23.3,6.70,3.0,0.470
2022-07-30,24.9,27.4,22.9,1.90,4.0,0.463
2022-07-31,24.0,27.6,22.0,8.90,12.0,0.464
2022-08-01,23.8,27.0,21.7,16.00,7.0,0.465
2022-08-02,24.4,27.3,21.5,7.90,12.0,0.467
2022-08-03,24.8,28.3,22.1,8.70,16.0,0.463
2022-08-04,23.2,25.9,21.3,35.20,20.0,0.474
2022-08-05,23.2,26.2,21.0,17.30,16.0,0.485
2022-08-06,23.7,26.4,21.6,7.60,14.0,0.485
2022-08-07,23.1,24.7,22.0,12.10,17.0,0.487
2022-08-08,24.3,28.3,21.2,8.70,9.0,0.485
2022-08-09,23.8,27.1,21.1,6.60,14.0,0.484
2022-08-10,24.2,28.2,20.7,0.20,1.0,0.484
2022-08-11,25.0,28.8,21.2,3.70,5.0,0.485
2022-08-12,24.6,27.8,22.1,2.10,10.0,0.483
2022-08-13,24.0,26.8,22.1,22.20,8.0,0.483
2022-08-14,23.4,26.3,21.8,17.20,13.0,0.485
2022-08-15,24.5,27.7,22.0,0.80,7.0,0.485
2022-08-16,24.9,28.4,21.5,3.00,6.0,0.479
2022-08-17,24.4,28.4,22.2,10.50,8.0,0.477
2022-08-18,24.0,26.9,22.2,2.90,13.0,0.483
2022-08-19,23.5,26.4,21.1,16.20,15.0,0.488
2022-08-20,24.5,27.9,21.7,1.70,7.0,0.487
2022-08-21,24.5,28.0,22.2,4.40,9.0,0.485
2022-08-22,24.4,26.8,22.9,4.70,9.0,0.481
2022-08-23,24.3,27.1,22.4,2.10,10.0,0.480
2022-08-24,24.6,27.6,21.8,8.40,10.0,0.478
2022-08-25,24.3,27.7,21.1,2.50,9.0,0.476
2022-08-26,23.8,26.9,21.8,22.00,14.0,0.476
2022-08-27,24.5,28.1,21.5,7.00,16.0,0.475
2022-08-28,24.9,28.4,21.9,1.40,8.0,0.472
2022-08-29,24.4,28.0,22.0,13.30,12.0,0.468
2022-08-30,24.8,28.3,21.9,3.50,7.0,0.461
2022-08-31,24.6,28.2,22.2,6.40,11.0,0.459
2022-09-01,24.5,27.9,21.9,2.60,7.0,0.458
2022-09-02,25.1,28.2,22.2,3.30,6.0,0.454
2022-09-03,25.4,28.6,22.3,3.00,4.0,0.450
2022-09-04,25.0,28.8,22.9,5.70,9.0,0.446
2022-09-05,24.2,27.3,22.5,10.90,13.0,0.451
2022-09-06,23.5,26.6,21.6,11.70,15.0,0.456
2022-09-07,24.5,28.2,21.4,3.20,7.0,0.463
2022-09-08,24.0,27.7,21.4,15.70,11.0,0.462
2022-09-09,24.2,27.7,21.9,8.90,13.0,0.466
2022-09-10,24.5,28.6,21.9,1.70,6.0,0.467
2022-09-11,25.0,28.7,21.9,0.10,1.0,0.464
2022-09-12,25.3,28.8,22.4,0.80,4.0,0.459
2022-09-13,25.2,28.8,22.3,3.10,9.0,0.454
2022-09-14,24.9,28.6,22.5,7.10,8.0,0.448
2022-09-15,24.5,27.2,22.8,3.20,10.0,0.446
2022-09-16,23.3,25.1,22.2,2.10,6.0,0.446
2022-09-17,24.7,27.8,22.2,1.30,7.0,0.444
2022-09-18,25.2,28.5,22.5,2.20,7.0,0.442
2022-09-19,25.1,27.9,22.6,1.00,7.0,0.437
2022-09-20,25.1,28.5,22.8,1.70,4.0,0.432
2022-09-21,24.5,27.5,22.1,1.00,5.0,0.426
2022-09-22,25.1,29.1,22.2,0.30,3.0,0.423
2022-09-23,24.3,27.3,22.3,9.50,15.0,0.421
2022-09-24,24.0,27.7,22.3,15.00,10.0,0.426
2022-09-25,23.7,26.1,22.4,17.30,14.0,0.434
2022-09-26,24.5,27.4,22.2,4.70,8.0,0.449
2022-09-27,24.5,27.6,22.2,7.30,11.0,0.449
2022-09-28,23.8,26.1,22.0,16.20,13.0,0.446
2022-09-29,23.7,27.6,21.8,18.60,17.0,0.445
2022-09-30,24.0,26.8,22.1,1.60,9.0,0.448
2022-10-01,24.2,27.3,21.9,2.10,8.0,0.445
2022-10-02,24.5,27.3,21.8,4.30,10.0,0.443
2022-10-03,23.9,26.5,22.2,13.80,14.0,0.446
2022-10-04,24.4,27.6,21.6,1.80,9.0,0.444
2022-10-05,23.7,27.7,21.4,22.30,13.0,0.445
2022-10-06,24.5,27.8,22.1,4.90,10.0,0.443
2022-10-07,24.6,28.5,22.3,4.80,10.0,0.440
2022-10-08,23.9,26.5,22.1,12.30,15.0,0.440
2022-10-09,24.3,27.7,21.5,4.70,11.0,0.439
2022-10-10,24.7,28.0,21.6,2.10,7.0,0.435
2022-10-11,25.0,28.9,22.1,1.30,8.0,0.431
2022-10-12,24.9,28.3,22.2,2.90,10.0,0.428
2022-10-13,24.6,28.0,21.6,2.70,9.0,0.422
2022-10-14,24.8,28.9,21.9,7.60,4.0,0.421
2022-10-15,24.8,28.0,22.8,1.30,6.0,0.425
2022-10-16,24.5,28.2,22.6,8.20,7.0,0.424
2022-10-17,23.9,27.0,22.3,5.50,13.0,0.429
2022-10-18,23.9,25.9,21.9,7.10,12.0,0.426
2022-10-19,24.3,27.3,21.9,4.00,17.0,0.387
2022-10-20,23.9,26.8,22.3,8.20,20.0,0.388
2022-10-21,24.8,28.4,21.9,3.30,10.0,0.392
2022-10-22,24.7,27.9,22.1,9.70,13.0,0.388
2022-10-23,23.9,27.3,22.0,8.10,15.0,0.387
2022-10-24,23.8,27.9,21.4,10.30,13.0,0.390
2022-10-25,23.7,28.0,20.9,5.80,14.0,0.393
2022-10-26,22.8,24.5,21.6,16.20,19.0,0.397
2022-10-27,23.9,26.9,22.0,8.80,18.0,0.409
2022-10-28,22.7,24.1,21.9,60.40,24.0,0.423
2022-10-29,23.6,25.7,22.3,22.60,20.0,0.432
2022-10-30,24.8,27.0,22.8,4.60,11.0,0.433
2022-10-31,25.4,27.8,23.8,1.10,6.0,0.429
2022-11-01,24.9,28.1,22.5,1.90,8.0,0.427
2022-11-02,23.8,27.3,22.0,5.40,10.0,0.433
2022-11-03,23.7,26.8,21.9,7.40,9.0,0.434
2022-11-04,24.3,27.9,22.0,2.80,6.0,0.432
2022-11-05,24.5,27.8,22.1,1.90,8.0,0.431
2022-11-06,24.2,27.5,21.6,1.20,7.0,0.429
2022-11-07,24.0,27.5,22.2,7.60,8.0,0.429
2022-11-08,24.2,27.4,21.7,3.80,14.0,0.433
2022-11-09,24.1,27.3,22.2,8.50,16.0,0.438
2022-11-10,23.6,26.8,21.7,9.40,14.0,0.448
2022-11-11,23.6,27.5,22.1,21.30,14.0,0.456
2022-11-12,24.8,28.0,22.4,1.30,10.0,0.456
2022-11-13,24.9,28.1,22.3,1.10,8.0,0.454
2022-11-14,24.8,28.0,22.2,1.80,9.0,0.452
2022-11-15,24.7,28.2,21.5,5.00,14.0,0.451
2022-11-16,23.7,26.7,21.7,8.60,11.0,0.452
2022-11-17,23.7,27.3,22.2,14.80,16.0,0.458
2022-11-18,22.7,23.3,21.8,27.10,22.0,0.482
2022-11-19,22.9,25.3,21.3,21.80,22.0,0.498
2022-11-20,23.9,26.9,22.0,2.80,12.0,0.501
2022-11-21,24.1,27.4,22.0,2.60,13.0,0.496
2022-11-22,23.9,27.3,21.0,3.70,11.0,0.495
2022-11-23,24.1,27.3,21.5,4.80,11.0,0.491
2022-11-24,24.3,26.5,22.4,3.80,16.0,0.488
2022-11-25,23.5,26.5,21.6,8.80,17.0,0.486
2022-11-26,24.2,27.9,21.0,0.30,3.0,0.483
2022-11-27,24.2,27.9,21.5,0.40,3.0,0.478
2022-11-28,24.7,27.9,22.0,3.10,12.0,0.477
2022-11-29,24.7,27.6,22.5,1.20,6.0,0.476
2022-11-30,23.7,26.2,21.8,12.70,17.0,0.477
2022-12-01,23.7,26.9,21.3,3.00,17.0,0.476
2022-12-02,23.4,25.6,21.2,4.60,18.0,0.476
2022-12-03,24.2,27.1,21.5,0.80,6.0,0.474
2022-12-04,23.8,26.9,21.8,8.20,18.0,0.471
2022-12-05,23.7,26.7,21.9,2.20,10.0,0.471
2022-12-06,24.0,27.4,21.9,2.80,10.0,0.469
2022-12-07,23.9,27.9,20.3,0.00,0.0,0.465
2022-12-08,23.4,26.6,21.7,10.50,13.0,0.462
2022-12-09,22.6,24.1,21.5,19.00,23.0,0.476
2022-12-10,23.3,26.6,21.7,20.00,12.0,0.486
2022-12-11,23.8,26.9,21.3,2.60,7.0,0.482
2022-12-12,23.9,27.3,21.2,3.30,10.0,0.479
2022-12-13,24.0,26.9,21.3,3.20,11.0,0.476
2022-12-14,24.2,27.3,21.9,4.40,13.0,0.472
2022-12-15,23.9,27.2,21.6,3.40,11.0,0.471
2022-12-16,24.0,27.0,22.1,1.50,11.0,0.468
2022-12-17,24.4,28.0,22.0,0.60,3.0,0.467
2022-12-18,23.4,26.6,21.9,5.20,13.0,0.465
2022-12-19,22.7,24.2,21.8,22.40,19.0,0.477
2022-12-20,22.6,24.3,21.3,19.00,18.0,0.481
2022-12-21,23.1,26.5,21.4,27.70,18.0,0.500
2022-12-22,23.1,25.4,21.7,9.30,9.0,0.504
2022-12-23,23.3,26.3,21.5,32.50,17.0,0.509
2022-12-24,22.7,25.2,21.6,21.70,17.0,0.510
2022-12-25,22.0,23.2,21.4,7.90,13.0,0.503
2022-12-26,22.1,24.6,20.9,10.30,15.0,0.500
2022-12-27,21.9,23.7,20.7,7.80,21.0,0.500
2022-12-28,22.0,23.6,20.8,17.10,14.0,0.510
2022-12-29,23.4,27.2,20.7,2.30,10.0,0.505
2022-12-30,24.2,27.3,21.5,0.90,5.0,0.499
2022-12-31,23.8,27.4,21.3,2.10,14.0,0.494
2023-01-01,23.8,27.8,21.5,3.80,15.0,0.489
2023-01-02,23.7,27.0,22.0,14.90,20.0,0.490
2023-01-03,22.4,24.0,21.5,20.90,23.0,0.506
2023-01-04,22.0,23.2,21.0,34.50,23.0,0.516
2023-01-05,23.0,26.0,21.4,8.40,17.0,0.511
2023-01-06,23.1,26.4,21.0,4.00,16.0,0.508
2023-01-07,22.7,25.2,21.1,0.90,7.0,0.507
2023-01-08,21.8,22.8,21.2,11.80,15.0,0.506
2023-01-09,22.4,25.3,21.1,14.80,19.0,0.507
2023-01-10,21.9,23.3,21.1,56.30,24.0,0.515
2023-01-11,21.6,23.0,20.7,54.50,24.0,0.489
2023-01-12,22.1,24.1,20.8,15.60,18.0,0.489
2023-01-13,22.4,24.2,21.2,36.00,19.0,0.500
2023-01-14,22.7,25.3,21.1,16.60,14.0,0.501
2023-01-15,23.2,25.9,21.5,7.60,10.0,0.499
2023-01-16,23.3,26.8,20.6,9.60,12.0,0.491
2023-01-17,23.3,26.8,21.3,14.60,10.0,0.487
2023-01-18,23.6,26.9,21.1,10.70,15.0,0.486
2023-01-19,23.3,26.7,21.2,7.20,12.0,0.482
2023-01-20,23.3,26.6,20.8,1.10,5.0,0.479
2023-01-21,23.1,25.4,21.3,4.90,13.0,0.473
2023-01-22,22.4,24.6,20.2,5.20,18.0,0.472
2023-01-23,22.6,25.4,21.1,7.60,14.0,0.469
2023-01-24,23.0,25.4,21.0,26.10,18.0,0.480
2023-01-25,23.0,26.0,20.8,0.20,2.0,0.473
2023-01-26,22.1,23.9,20.6,19.10,18.0,0.476
2023-01-27,23.5,26.2,21.7,6.70,14.0,0.482
2023-01-28,22.9,26.0,20.8,3.50,9.0,0.480
2023-01-29,22.2,25.7,20.4,28.50,13.0,0.481
2023-01-30,22.8,25.8,21.6,23.20,23.0,0.499
2023-01-31,23.3,27.2,21.3,9.00,16.0,0.509
2023-02-01,23.2,26.6,21.5,1.50,10.0,0.509
2023-02-02,24.0,27.4,21.5,1.80,12.0,0.500
2023-02-03,23.5,27.5,21.0,1.50,9.0,0.492
2023-02-04,23.2,26.8,20.9,7.30,11.0,0.485
2023-02-05,23.4,27.1,21.3,2.80,12.0,0.479
2023-02-06,23.3,27.0,20.8,4.00,13.0,0.472
2023-02-07,23.6,26.9,21.3,2.90,8.0,0.466
2023-02-08,23.6,26.9,20.8,0.10,1.0,0.459
2023-02-09,23.2,27.0,21.0,4.30,19.0,0.454
2023-02-10,23.4,27.0,21.0,11.90,16.0,0.455
2023-02-11,23.3,26.5,21.2,1.20,8.0,0.450
2023-02-12,23.6,27.4,21.0,0.00,0.0,0.446
2023-02-13,22.8,26.2,21.4,23.40,13.0,0.445
2023-02-14,22.3,24.9,21.0,49.90,21.0,0.476
2023-02-15,22.6,26.4,20.4,5.10,14.0,0.486
2023-02-16,22.3,24.4,20.7,4.20,6.0,0.482
2023-02-17,22.6,25.8,19.9,2.40,6.0,0.481
2023-02-18,21.9,22.5,21.5,14.60,21.0,0.487
2023-02-19,23.4,26.4,21.3,5.00,16.0,0.494
2023-02-20,23.9,27.5,21.0,0.80,5.0,0.491
2023-02-21,23.8,26.5,21.7,1.10,8.0,0.486
2023-02-22,23.1,25.5,21.6,2.90,13.0,0.482
2023-02-23,23.9,27.9,21.0,0.90,3.0,0.478
2023-02-24,24.3,27.7,21.6,2.70,9.0,0.474
2023-02-25,24.4,28.2,21.6,0.40,3.0,0.472
2023-02-26,24.4,27.5,21.3,0.10,1.0,0.465
2023-02-27,23.1,25.9,21.7,13.40,16.0,0.465
2023-02-28,23.8,27.2,21.2,1.00,7.0,0.467
2023-03-01,23.5,27.1,21.6,17.00,15.0,0.467
2023-03-02,23.1,26.2,21.1,3.10,10.0,0.479
2023-03-03,22.2,25.5,19.6,1.80,7.0,0.475
2023-03-04,22.7,26.4,19.3,1.50,6.0,0.468
2023-03-05,22.5,25.1,20.9,5.00,14.0,0.464
2023-03-06,22.5,25.4,20.8,5.10,15.0,0.463
2023-03-07,23.0,27.2,20.7,3.70,7.0,0.462
2023-03-08,23.3,26.7,20.8,2.90,10.0,0.460
2023-03-09,23.2,26.0,20.7,2.60,8.0,0.456
2023-03-10,22.9,27.0,19.7,0.00,0.0,0.449
2023-03-11,22.8,25.8,20.2,1.00,4.0,0.444
2023-03-12,23.0,26.6,20.2,0.10,1.0,0.438
2023-03-13,22.9,26.8,19.5,1.30,5.0,0.433
2023-03-14,23.1,26.6,20.4,2.80,6.0,0.428
2023-03-15,23.8,27.2,21.4,16.40,7.0,0.429
2023-03-16,23.2,25.9,21.6,14.90,19.0,0.432
2023-03-17,23.4,26.5,21.1,11.60,17.0,0.432
2023-03-18,23.3,26.2,21.0,5.20,10.0,0.433
2023-03-19,23.7,27.5,21.1,4.40,9.0,0.436
2023-03-20,23.7,27.5,21.1,0.00,0.0,0.432
2023-03-21,23.3,27.7,19.8,0.00,0.0,0.426
2023-03-22,23.9,27.8,19.9,2.60,7.0,0.422
2023-03-23,24.5,28.6,21.1,0.10,1.0,0.418
2023-03-24,24.8,27.9,22.2,4.00,11.0,0.414
2023-03-25,24.9,28.4,22.2,0.80,6.0,0.409
2023-03-26,24.9,28.5,22.0,1.00,10.0,0.405
2023-03-27,24.8,28.8,21.4,0.80,4.0,0.399
2023-03-28,24.5,28.9,21.5,2.90,10.0,0.394
2023-03-29,23.5,26.0,21.6,3.80,10.0,0.392
2023-03-30,24.5,28.4,21.3,0.40,4.0,0.389
2023-03-31,24.6,28.4,21.1,1.50,7.0,0.386
2023-04-01,24.6,27.8,22.0,0.90,9.0,0.383
2023-04-02,24.3,28.0,21.1,2.30,8.0,0.380
2023-04-03,24.7,28.6,21.1,1.00,5.0,0.377
2023-04-04,24.1,27.2,21.0,3.80,11.0,0.372
2023-04-05,23.5,27.2,20.0,0.80,4.0,0.368
2023-04-06,24.0,28.8,19.6,0.00,0.0,0.364
2023-04-07,24.0,27.4,21.1,5.00,10.0,0.360
2023-04-08,24.0,27.4,21.5,5.20,9.0,0.359
2023-04-09,24.4,28.1,21.6,3.30,7.0,0.357
2023-04-10,24.4,28.6,20.9,3.50,5.0,0.355
2023-04-11,23.6,26.3,21.7,0.00,0.0,0.351
2023-04-12,24.6,29.2,20.4,0.30,2.0,0.350
2023-04-13,25.1,29.3,21.2,0.10,1.0,0.347
2023-04-14,25.6,30.0,21.6,0.50,3.0,0.343
2023-04-15,26.0,30.1,22.4,0.20,2.0,0.336
2023-04-16,25.7,29.3,22.6,2.70,10.0,0.333
2023-04-17,25.6,29.2,22.8,2.80,10.0,0.331
2023-04-18,26.0,30.3,22.7,0.60,5.0,0.326
2023-04-19,26.4,30.8,22.7,0.50,2.0,0.319
2023-04-20,25.9,29.5,22.7,6.00,11.0,0.318
2023-04-21,25.9,29.5,23.0,2.80,12.0,0.315
2023-04-22,26.3,30.6,22.7,0.80,6.0,0.313
2023-04-23,26.6,30.6,22.8,0.90,5.0,0.308
2023-04-24,26.4,30.4,23.3,1.10,8.0,0.304
2023-04-25,25.5,28.7,22.4,1.70,9.0,0.299
2023-04-26,25.8,29.9,22.3,2.30,10.0,0.295
2023-04-27,26.2,29.9,23.0,3.40,9.0,0.292
2023-04-28,26.6,31.0,22.9,3.70,8.0,0.291
2023-04-29,25.6,29.1,23.1,3.50,12.0,0.292
2023-04-30,25.2,28.8,22.6,0.90,7.0,0.299
2023-05-01,26.3,30.3,22.9,2.80,12.0,0.292
2023-05-02,25.0,30.2,22.6,17.50,12.0,0.297
2023-05-03,23.1,24.3,22.3,63.10,22.0,0.331
2023-05-04,24.5,28.1,22.1,7.40,17.0,0.349
2023-05-05,25.0,28.2,22.8,9.70,17.0,0.354
2023-05-06,25.2,28.2,22.7,2.00,9.0,0.358
2023-05-07,25.3,29.2,22.5,5.80,13.0,0.356
2023-05-08,25.5,29.5,23.2,2.80,8.0,0.354
2023-05-09,25.4,28.9,22.7,1.40,5.0,0.350
2023-05-10,25.6,29.3,22.8,3.10,10.0,0.348
2023-05-11,25.2,29.2,22.6,5.60,9.0,0.346
2023-05-12,25.2,28.9,22.6,1.90,9.0,0.344
2023-05-13,25.2,28.8,22.0,4.20,10.0,0.342
2023-05-14,25.8,29.4,22.5,1.10,8.0,0.338
2023-05-15,25.3,28.6,22.9,2.00,8.0,0.334
2023-05-16,26.0,29.7,22.6,1.50,8.0,0.329
2023-05-17,25.6,29.8,22.7,4.10,9.0,0.327
2023-05-18,25.6,29.6,22.6,1.40,8.0,0.324
2023-05-19,24.8,28.6,22.4,27.40,15.0,0.327
2023-05-20,24.1,28.0,22.1,23.20,12.0,0.333
2023-05-21,24.5,27.6,22.0,4.50,9.0,0.334
2023-05-22,25.2,28.6,22.3,3.00,14.0,0.331
2023-05-23,25.5,29.0,22.5,1.70,7.0,0.329
2023-05-24,25.4,29.1,22.7,10.00,11.0,0.328
2023-05-25,24.9,28.6,22.7,16.30,16.0,0.332
2023-05-26,24.9,28.8,22.4,2.30,7.0,0.331
2023-05-27,24.2,27.4,21.8,8.40,9.0,0.334
2023-05-28,25.0,27.5,23.2,6.90,8.0,0.332
2023-05-29,25.7,29.1,24.1,5.10,8.0,0.331
2023-05-30,25.7,28.3,23.8,2.70,7.0,0.329
2023-05-31,25.4,28.1,23.7,1.00,7.0,0.327
2023-06-01,25.0,28.0,23.2,8.10,6.0,0.328
2023-06-02,25.4,29.0,22.6,3.00,5.0,0.328
2023-06-03,25.7,29.6,23.0,5.40,7.0,0.331
2023-06-04,24.8,27.8,22.4,9.30,18.0,0.332
2023-06-05,24.7,27.9,22.8,7.20,17.0,0.332
2023-06-06,24.5,28.2,21.8,11.20,17.0,0.332
2023-06-07,24.9,28.2,21.8,0.90,6.0,0.333
2023-06-08,25.2,28.6,22.7,6.10,10.0,0.331
2023-06-09,25.3,28.4,22.6,2.60,7.0,0.326
2023-06-10,24.9,27.9,23.0,1.30,6.0,0.326
2023-06-11,25.5,29.1,22.8,3.70,3.0,0.325
2023-06-12,26.3,29.8,23.4,1.00,3.0,0.320
2023-06-13,25.8,30.2,22.5,4.10,4.0,0.319
2023-06-14,24.9,29.3,22.1,18.80,13.0,0.320
2023-06-15,24.2,27.5,22.1,13.50,17.0,0.337
2023-06-16,24.5,27.7,22.3,16.20,17.0,0.353
2023-06-17,24.9,28.6,21.3,1.00,2.0,0.353
2023-06-18,24.7,28.4,21.9,6.20,9.0,0.350
2023-06-19,24.4,27.5,22.4,13.30,17.0,0.348
2023-06-20,24.0,27.5,22.1,13.60,15.0,0.350
2023-06-21,24.1,28.4,21.6,13.10,14.0,0.352
2023-06-22,23.5,26.1,22.1,11.10,13.0,0.365
2023-06-23,24.3,27.6,21.4,7.40,16.0,0.373
2023-06-24,23.9,27.5,21.5,18.40,17.0,0.379
2023-06-25,23.5,26.9,21.8,4.90,11.0,0.379
2023-06-26,24.2,27.3,21.8,12.10,15.0,0.382
2023-06-27,24.5,27.8,22.4,13.20,13.0,0.382
2023-06-28,24.6,28.5,22.2,10.30,13.0,0.353
2023-06-29,23.9,27.4,21.7,9.70,8.0,0.353
2023-06-30,24.0,27.7,21.0,9.00,10.0,0.361
2023-07-01,24.8,28.6,21.6,4.50,8.0,0.363
2023-07-02,24.8,28.7,22.4,4.30,12.0,0.361
2023-07-03,23.6,26.4,21.8,15.30,15.0,0.368
2023-07-04,24.9,28.9,22.1,1.90,10.0,0.370
2023-07-05,23.7,26.2,22.0,4.40,10.0,0.372
2023-07-06,24.7,27.7,22.1,6.20,10.0,0.369
2023-07-07,25.0,28.7,22.0,1.90,6.0,0.364
2023-07-08,25.2,28.5,22.0,1.50,10.0,0.360
2023-07-09,23.9,26.5,21.9,9.80,18.0,0.366
2023-07-10,24.2,27.2,22.1,9.40,11.0,0.368
2023-07-11,24.8,28.3,21.7,1.90,6.0,0.364
2023-07-12,24.6,28.2,22.6,11.50,15.0,0.363
2023-07-13,23.8,25.9,22.5,5.00,13.0,0.366
2023-07-14,24.5,26.9,22.2,1.50,9.0,0.374
2023-07-15,25.0,28.0,22.6,2.60,11.0,0.377
2023-07-16,25.0,28.1,22.6,2.10,7.0,0.377
2023-07-17,25.0,28.4,21.9,1.30,6.0,0.375
2023-07-18,24.5,29.1,22.3,5.00,6.0,0.373
2023-07-19,22.8,24.6,21.4,18.60,17.0,0.378
2023-07-20,23.8,27.1,21.7,12.50,24.0,0.384
2023-07-21,24.2,28.0,21.8,11.60,16.0,0.385
2023-07-22,23.7,26.8,22.1,5.70,10.0,0.392
2023-07-23,23.9,26.3,22.5,3.20,12.0,0.391
2023-07-24,23.5,25.4,22.7,15.60,19.0,0.394
2023-07-25,24.2,27.1,22.3,10.10,19.0,0.409
2023-07-26,24.4,27.2,22.1,7.00,8.0,0.409
2023-07-27,25.1,27.8,23.2,6.00,9.0,0.409
2023-07-28,24.8,28.1,23.1,11.30,8.0,0.410
2023-07-29,24.4,26.7,23.0,2.60,10.0,0.404
2023-07-30,24.8,28.0,22.3,1.70,6.0,0.402
2023-07-31,25.3,28.9,22.4,0.80,5.0,0.399
2023-08-01,25.1,28.1,21.9,1.60,8.0,0.396
2023-08-02,25.4,28.7,22.3,1.70,5.0,0.392
2023-08-03,25.4,28.4,22.5,2.50,8.0,0.388
2023-08-04,25.6,29.6,21.9,0.20,2.0,0.384
2023-08-05,25.8,29.9,22.0,0.00,0.0,0.378
2023-08-06,25.5,29.3,22.4,0.00,0.0,0.373
2023-08-07,25.7,29.5,22.5,0.20,2.0,0.369
2023-08-08,25.6,29.2,22.5,3.60,6.0,0.362
2023-08-09,25.1,28.6,22.5,3.80,8.0,0.354
2023-08-10,24.6,28.9,22.1,8.00,8.0,0.354
2023-08-11,24.7,29.1,22.0,7.80,10.0,0.354
2023-08-12,24.5,28.2,21.7,5.20,9.0,0.348
2023-08-13,24.6,28.8,21.6,1.80,6.0,0.347
2023-08-14,24.2,27.5,22.1,5.00,11.0,0.346
2023-08-15,24.8,29.1,21.8,2.50,9.0,0.343
2023-08-16,24.4,28.8,22.1,11.90,14.0,0.343
2023-08-17,24.3,28.3,21.4,6.20,12.0,0.342
2023-08-18,24.5,28.3,21.2,1.50,7.0,0.342
2023-08-19,24.5,27.9,22.3,3.60,10.0,0.340
2023-08-20,24.6,28.9,21.9,4.70,13.0,0.339
2023-08-21,24.1,28.2,21.6,10.60,14.0,0.337
2023-08-22,24.0,28.2,21.7,10.80,10.0,0.337
2023-08-23,24.4,28.3,21.7,2.20,6.0,0.335
2023-08-24,24.8,28.7,22.3,9.60,10.0,0.334
2023-08-25,25.3,29.4,22.0,2.90,7.0,0.330
2023-08-26,25.3,28.3,22.4,4.00,4.0,0.328
2023-08-27,24.9,28.5,22.7,5.40,10.0,0.329
2023-08-28,24.2,27.7,21.7,4.90,14.0,0.331
2023-08-29,24.7,27.3,22.4,1.80,9.0,0.328
2023-08-30,25.7,29.2,23.2,2.20,6.0,0.326
2023-08-31,26.2,30.2,22.9,0.20,2.0,0.324
2023-09-01,26.3,30.5,23.1,0.20,2.0,0.320
2023-09-02,26.2,30.1,23.1,0.20,2.0,0.317
2023-09-03,26.3,30.3,23.7,1.70,7.0,0.315
2023-09-04,26.5,30.4,23.5,0.30,3.0,0.312
2023-09-05,26.6,31.3,22.6,0.30,2.0,0.310
2023-09-06,25.9,30.1,23.2,2.70,16.0,0.309
2023-09-07,25.4,29.7,21.9,2.00,6.0,0.311
2023-09-08,24.4,28.8,22.2,15.00,11.0,0.316
2023-09-09,24.7,28.9,21.6,9.60,12.0,0.328
2023-09-10,24.4,28.9,21.6,11.50,16.0,0.332
2023-09-11,24.7,28.4,21.6,3.60,8.0,0.333
2023-09-12,24.3,28.5,21.7,6.00,13.0,0.332
2023-09-13,24.2,28.4,21.6,9.80,12.0,0.335
2023-09-14,24.0,27.5,22.2,15.10,11.0,0.338
2023-09-15,24.2,28.4,21.8,15.20,13.0,0.340
2023-09-16,24.0,28.2,21.0,12.90,15.0,0.347
2023-09-17,24.5,28.2,21.1,4.60,12.0,0.349
2023-09-18,25.1,29.1,21.0,1.10,5.0,0.344
2023-09-19,25.0,28.9,22.1,4.40,12.0,0.342
2023-09-20,24.3,28.3,21.9,19.80,15.0,0.342
2023-09-21,23.7,27.1,21.4,24.30,14.0,0.346
2023-09-22,23.6,27.1,21.6,17.50,16.0,0.350
2023-09-23,24.0,26.7,21.9,5.30,6.0,0.353
2023-09-24,24.4,27.6,22.5,8.50,10.0,0.358
2023-09-25,24.6,27.9,22.3,14.20,11.0,0.358
2023-09-26,24.5,28.5,21.7,1.00,7.0,0.361
2023-09-27,24.1,28.3,21.9,8.20,13.0,0.365
2023-09-28,24.3,28.0,21.5,7.10,13.0,0.371
2023-09-29,24.6,28.7,22.2,4.00,7.0,0.371
2023-09-30,24.9,28.6,22.2,3.20,10.0,0.370
2023-10-01,24.9,28.5,22.4,7.20,8.0,0.369
2023-10-02,25.2,28.4,23.1,3.70,9.0,0.366
2023-10-03,25.4,28.7,22.4,1.60,3.0,0.365
2023-10-04,25.3,29.1,22.2,1.50,4.0,0.360
2023-10-05,25.4,29.3,22.6,0.60,1.0,0.357
2023-10-06,24.6,29.1,21.9,5.40,8.0,0.356
2023-10-07,24.8,29.2,21.7,1.80,7.0,0.352
2023-10-08,25.0,28.7,22.3,5.60,11.0,0.348
2023-10-09,24.3,28.0,22.3,14.00,16.0,0.349
2023-10-10,23.4,26.5,21.5,29.00,20.0,0.361
2023-10-11,23.8,26.7,22.0,9.80,19.0,0.377
2023-10-12,24.8,28.6,22.0,6.50,11.0,0.376
2023-10-13,24.7,28.6,22.4,5.60,13.0,0.375
2023-10-14,24.3,27.8,22.0,6.60,12.0,0.372
2023-10-15,24.5,28.2,21.4,1.80,7.0,0.367
2023-10-16,24.1,27.7,21.2,5.50,10.0,0.367
2023-10-17,24.3,28.2,21.9,4.10,11.0,0.364
2023-10-18,24.8,28.9,21.8,1.50,6.0,0.361
2023-10-19,24.7,28.1,21.4,3.20,7.0,0.359
2023-10-20,24.6,28.4,21.9,8.90,14.0,0.358
2023-10-21,24.5,28.5,21.7,8.90,12.0,0.364
2023-10-22,23.9,28.2,21.5,7.90,12.0,0.363
2023-10-23,23.8,27.2,21.4,6.90,8.0,0.365
2023-10-24,24.4,28.2,21.4,18.30,12.0,0.368
2023-10-25,24.2,28.1,21.6,11.10,9.0,0.373
2023-10-26,24.1,28.1,21.7,5.90,11.0,0.366
2023-10-27,24.3,27.6,21.4,3.80,13.0,0.363
2023-10-28,24.7,28.1,21.9,3.10,7.0,0.359
2023-10-29,24.3,28.4,21.4,4.00,12.0,0.357
2023-10-30,23.8,27.6,21.7,6.30,13.0,0.354
2023-10-31,24.2,27.8,21.4,4.10,12.0,0.353
2023-11-01,24.4,29.0,21.4,10.30,10.0,0.353
2023-11-02,24.9,29.0,22.0,1.20,7.0,0.348
2023-11-03,24.9,28.6,22.1,1.60,11.0,0.344
2023-11-04,24.7,29.1,22.4,2.40,10.0,0.340
2023-11-05,24.7,29.0,22.1,3.50,14.0,0.340
2023-11-06,24.9,29.3,21.8,3.80,6.0,0.337
2023-11-07,23.7,26.5,22.0,8.10,12.0,0.336
2023-11-08,23.8,26.3,22.4,3.70,12.0,0.341
2023-11-09,24.8,28.4,21.5,1.90,8.0,0.341
2023-11-10,25.1,29.3,21.8,0.00,0.0,0.339
2023-11-11,25.1,29.1,21.7,0.90,3.0,0.336
2023-11-12,24.9,28.7,21.9,1.30,8.0,0.334
2023-11-13,24.3,28.0,21.9,4.00,8.0,0.332
2023-11-14,24.7,28.8,22.1,4.50,7.0,0.331
2023-11-15,24.4,28.3,21.9,7.20,8.0,0.330
2023-11-16,23.7,27.8,22.0,14.40,12.0,0.332
2023-11-17,24.3,28.9,21.7,3.50,14.0,0.339
2023-11-18,23.4,24.9,22.3,7.20,15.0,0.343
2023-11-19,23.4,26.3,22.0,14.30,22.0,0.346
2023-11-20,23.4,26.7,21.8,29.30,18.0,0.365
2023-11-21,24.0,26.4,22.0,2.90,10.0,0.372
2023-11-22,24.0,26.9,21.9,2.40,10.0,0.370
2023-11-23,24.7,28.2,22.2,1.00,7.0,0.367
2023-11-24,24.2,27.8,22.4,2.70,9.0,0.365
2023-11-25,24.3,28.6,21.3,2.40,7.0,0.363
2023-11-26,24.5,28.3,22.0,0.80,8.0,0.359
2023-11-27,24.4,27.3,21.8,3.60,10.0,0.356
2023-11-28,24.2,27.6,22.0,6.70,18.0,0.355
2023-11-29,24.0,27.7,22.1,13.50,17.0,0.359
2023-11-30,24.4,28.2,22.1,1.90,4.0,0.359
2023-12-01,24.3,27.9,22.0,3.00,11.0,0.356
2023-12-02,24.3,28.2,22.2,3.30,16.0,0.354
2023-12-03,23.9,27.1,21.4,2.00,10.0,0.360
2023-12-04,24.1,27.6,21.4,3.70,10.0,0.357
2023-12-05,24.4,28.0,21.6,5.10,8.0,0.356
2023-12-06,23.4,25.5,22.0,10.20,15.0,0.358
2023-12-07,24.0,27.0,21.8,3.10,6.0,0.361
2023-12-08,23.8,27.9,20.2,2.00,9.0,0.360
2023-12-09,24.1,28.2,20.9,0.80,5.0,0.357
2023-12-10,24.3,28.0,21.2,1.00,5.0,0.354
2023-12-11,24.3,28.0,21.4,1.40,7.0,0.351
2023-12-12,24.6,28.9,21.1,0.20,2.0,0.349
2023-12-13,24.6,28.1,21.5,0.70,7.0,0.347
2023-12-14,24.4,28.1,21.5,1.70,12.0,0.343
2023-12-15,24.2,27.8,21.3,0.90,5.0,0.339
2023-12-16,24.1,27.6,21.2,1.30,6.0,0.336
2023-12-17,24.7,28.4,21.9,1.60,5.0,0.333
2023-12-18,22.9,23.6,22.3,21.30,22.0,0.350
2023-12-19,23.5,26.6,22.0,10.40,21.0,0.361
2023-12-20,24.3,28.0,21.4,0.50,5.0,0.362
2023-12-21,24.2,28.1,20.9,1.10,9.0,0.361
2023-12-22,23.9,27.4,21.2,1.90,9.0,0.359
2023-12-23,23.6,27.0,21.0,3.60,16.0,0.356
2023-12-24,23.9,27.1,21.3,3.20,14.0,0.354
2023-12-25,23.5,26.6,22.0,13.20,11.0,0.356
2023-12-26,23.5,27.1,21.7,14.20,11.0,0.360
2023-12-27,23.8,26.9,21.3,3.50,10.0,0.361
2023-12-28,24.1,27.5,21.3,1.90,9.0,0.359
2023-12-29,23.9,27.9,20.8,4.50,13.0,0.356
2023-12-30,24.1,27.5,21.8,10.80,12.0,0.357
2023-12-31,24.9,28.8,22.1,2.50,9.0,0.357
2024-01-01,24.5,28.0,21.9,1.90,7.0,0.357
2024-01-02,24.4,27.8,21.3,1.50,5.0,0.356
2024-01-03,24.4,28.2,21.4,1.40,8.0,0.354
2024-01-04,24.5,28.5,21.5,0.50,5.0,0.352
2024-01-05,24.2,27.3,21.2,3.60,9.0,0.350
2024-01-06,24.8,28.5,22.0,0.80,4.0,0.348
2024-01-07,24.6,28.8,22.3,1.90,4.0,0.346
2024-01-08,24.7,28.6,21.8,0.90,6.0,0.344
2024-01-09,24.1,27.5,21.9,1.80,7.0,0.342
2024-01-10,24.4,27.9,21.1,3.10,9.0,0.340
2024-01-11,24.8,28.6,21.8,0.90,6.0,0.338
2024-01-12,23.7,27.4,21.5,5.80,11.0,0.338
2024-01-13,23.1,26.4,21.7,6.90,18.0,0.341
2024-01-14,23.4,26.2,21.5,1.90,13.0,0.342
2024-01-15,24.1,27.4,21.6,0.20,2.0,0.342
2024-01-16,23.0,25.3,21.1,0.10,1.0,0.340
2024-01-17,23.1,25.7,20.6,0.00,0.0,0.339
2024-01-18,23.8,27.7,20.6,0.60,5.0,0.338
2024-01-19,23.9,28.2,20.5,0.00,0.0,0.336
2024-01-20,23.5,26.9,20.4,1.40,8.0,0.334
2024-01-21,23.8,27.8,20.7,1.00,6.0,0.334
2024-01-22,23.9,28.1,20.8,3.50,9.0,0.332
2024-01-23,24.0,27.9,21.1,2.10,8.0,0.331
2024-01-24,24.0,28.6,20.0,0.90,2.0,0.328
2024-01-25,23.8,28.1,20.3,0.20,2.0,0.325
2024-01-26,23.2,26.8,21.1,1.50,9.0,0.324
2024-01-27,23.0,27.0,19.5,0.00,0.0,0.323
2024-01-28,22.6,26.0,19.8,1.60,5.0,0.323
2024-01-29,23.1,26.9,20.6,0.70,3.0,0.323
2024-01-30,23.3,27.9,21.0,20.80,11.0,0.327
2024-01-31,23.5,26.2,21.4,2.20,9.0,0.335
2024-02-01,23.6,27.1,21.2,0.40,2.0,0.334
2024-02-02,23.8,27.4,21.2,3.80,9.0,0.334
2024-02-03,23.8,28.3,20.0,0.80,6.0,0.331
2024-02-04,24.5,28.8,21.0,0.70,4.0,0.328
2024-02-05,24.1,28.5,20.4,0.60,4.0,0.325
2024-02-06,23.1,25.7,21.6,10.90,19.0,0.325
2024-02-07,23.6,27.3,21.6,1.40,9.0,0.326
2024-02-08,23.7,27.3,20.9,3.50,8.0,0.327
2024-02-09,23.7,27.1,20.7,3.50,9.0,0.325
2024-02-10,23.6,27.3,20.0,0.50,4.0,0.323
2024-02-11,23.7,27.5,20.9,0.50,4.0,0.319
2024-02-12,23.1,26.7,20.3,3.40,13.0,0.317
2024-02-13,23.1,26.8,19.9,3.10,8.0,0.316
2024-02-14,23.7,28.1,19.7,0.00,0.0,0.316
2024-02-15,24.0,28.7,20.2,1.90,11.0,0.312
2024-02-16,24.3,28.1,21.6,1.20,10.0,0.311
2024-02-17,23.9,28.4,19.4,0.00,0.0,0.311
2024-02-18,24.2,28.1,21.9,3.90,13.0,0.311
2024-02-19,24.4,28.8,20.7,0.10,1.0,0.311
2024-02-20,23.5,27.2,20.8,8.30,14.0,0.311
2024-02-21,24.9,29.0,22.1,0.50,5.0,0.313
2024-02-22,25.0,29.8,20.7,0.00,0.0,0.311
2024-02-23,23.9,26.4,21.6,11.60,11.0,0.312
2024-02-24,24.5,29.1,20.8,0.10,1.0,0.311
2024-02-25,24.0,28.3,20.6,3.20,10.0,0.309
2024-02-26,24.4,29.0,20.1,0.10,1.0,0.308
2024-02-27,24.1,28.2,20.6,0.10,1.0,0.306
2024-02-28,24.2,28.6,20.4,0.00,0.0,0.303
2024-02-29,24.4,28.0,21.3,0.80,5.0,0.303
2024-03-01,25.5,30.2,21.9,0.00,0.0,0.302
2024-03-02,24.9,29.9,20.7,0.00,0.0,0.300
2024-03-03,24.6,29.1,19.7,0.20,2.0,0.299
2024-03-04,24.4,29.1,20.5,0.60,5.0,0.297
2024-03-05,25.0,30.2,20.0,0.00,0.0,0.298
2024-03-06,25.9,30.6,21.5,0.80,7.0,0.295
2024-03-07,25.6,30.4,22.1,0.50,4.0,0.293
2024-03-08,25.5,30.7,20.9,0.00,0.0,0.291
2024-03-09,25.2,29.6,22.1,1.80,8.0,0.290
2024-03-10,25.1,30.8,20.0,0.00,0.0,0.291
2024-03-11,24.8,30.3,19.9,0.30,3.0,0.290
2024-03-12,24.4,28.9,19.8,5.40,12.0,0.290
2024-03-13,25.3,30.6,21.4,0.30,3.0,0.290
2024-03-14,25.4,30.5,20.2,0.00,0.0,0.287
2024-03-15,24.7,29.2,21.5,3.10,13.0,0.286
2024-03-16,25.1,29.9,21.3,1.30,7.0,0.285
2024-03-17,25.1,30.9,19.6,0.60,5.0,0.285
2024-03-18,24.7,29.8,20.0,0.20,2.0,0.285
2024-03-19,25.2,30.2,20.0,0.00,0.0,0.284
2024-03-20,25.0,30.6,20.9,5.30,10.0,0.284
2024-03-21,25.4,30.4,21.1,0.00,0.0,0.284
2024-03-22,25.4,30.3,20.3,0.00,0.0,0.283
2024-03-23,25.2,29.8,21.1,0.40,2.0,0.283
2024-03-24,24.3,28.5,21.7,2.00,9.0,0.285
2024-03-25,24.7,29.4,21.3,18.90,11.0,0.287
2024-03-26,26.4,31.9,22.1,0.30,3.0,0.291
2024-03-27,26.7,31.3,22.8,0.70,5.0,0.283
2024-03-28,26.2,31.1,22.4,3.30,10.0,0.280
2024-03-29,26.1,31.5,22.5,1.20,5.0,0.279
2024-03-30,25.4,29.9,21.4,0.60,5.0,0.279
2024-03-31,26.3,31.5,22.3,0.80,7.0,0.279
2024-04-01,25.9,31.9,20.9,0.00,0.0,0.278
2024-04-02,25.6,30.8,21.4,1.10,7.0,0.278
2024-04-03,26.0,31.8,20.8,0.00,0.0,0.278
2024-04-04,26.4,32.0,22.2,0.10,1.0,0.277
2024-04-05,26.1,31.4,21.8,0.40,4.0,0.276
2024-04-06,26.2,31.6,21.7,0.40,4.0,0.276
2024-04-07,26.0,31.2,21.7,0.30,3.0,0.276
2024-04-08,26.2,32.6,20.3,0.30,1.0,0.276
2024-04-09,26.9,32.7,22.0,0.30,2.0,0.276
2024-04-10,26.5,31.0,22.4,5.10,7.0,0.276
2024-04-11,25.4,29.2,21.1,6.70,14.0,0.279
2024-04-12,25.7,29.8,21.9,4.90,9.0,0.281
2024-04-13,26.2,31.4,21.6,1.00,6.0,0.280
2024-04-14,26.7,32.0,22.2,1.20,5.0,0.278
2024-04-15,26.5,31.0,22.6,5.50,9.0,0.279
2024-04-16,26.8,32.2,21.7,1.10,3.0,0.278
2024-04-17,27.2,32.0,22.5,0.00,0.0,0.278
2024-04-18,27.4,33.0,22.2,0.00,0.0,0.277
2024-04-19,27.2,32.7,22.9,0.10,1.0,0.276
2024-04-20,26.7,32.6,21.6,0.00,0.0,0.276
2024-04-21,26.8,32.2,23.1,1.20,9.0,0.276
2024-04-22,27.1,31.7,23.0,1.60,11.0,0.277
2024-04-23,27.2,32.1,23.8,3.10,8.0,0.278
2024-04-24,27.6,33.1,23.3,0.00,0.0,0.277
2024-04-25,27.7,34.0,22.6,0.00,0.0,0.277
2024-04-26,27.6,32.9,22.4,2.40,7.0,0.277
2024-04-27,27.4,31.8,24.2,2.80,11.0,0.279
2024-04-28,27.1,31.9,23.7,0.30,3.0,0.281
2024-04-29,27.0,32.1,22.3,1.00,5.0,0.280
2024-04-30,26.8,31.7,23.5,2.50,11.0,0.280
2024-05-01,26.7,31.6,22.9,0.00,0.0,0.280
2024-05-02,27.0,33.0,21.6,0.00,0.0,0.279
2024-05-03,26.8,32.7,22.1,0.50,2.0,0.278
2024-05-04,27.0,31.9,22.4,1.20,6.0,0.277
2024-05-05,27.9,33.1,23.5,0.00,0.0,0.277
2024-05-06,27.2,32.3,23.3,4.80,16.0,0.277
2024-05-07,27.7,33.1,22.5,0.00,0.0,0.278
2024-05-08,27.4,32.4,23.6,2.20,13.0,0.277
2024-05-09,27.7,32.7,23.8,3.10,12.0,0.278
2024-05-10,27.1,32.7,22.8,2.70,14.0,0.278
2024-05-11,28.0,32.8,23.7,2.30,7.0,0.277
2024-05-12,27.7,31.7,24.6,1.50,8.0,0.277
2024-05-13,28.1,33.5,24.0,0.30,3.0,0.276
2024-05-14,28.3,33.0,23.8,1.50,8.0,0.277
2024-05-15,28.4,33.8,24.2,0.60,4.0,0.277
2024-05-16,27.9,32.6,23.4,1.40,6.0,0.276
2024-05-17,28.2,33.8,23.6,0.00,0.0,0.276
2024-05-18,28.4,33.7,24.0,1.20,4.0,0.276
2024-05-19,28.6,34.1,23.9,0.80,3.0,0.276
2024-05-20,28.4,33.5,24.0,0.50,5.0,0.276
2024-05-21,28.2,33.2,24.2,0.60,6.0,0.276
2024-05-22,28.3,33.7,24.3,0.00,0.0,0.275
2024-05-23,28.8,34.4,24.4,0.00,0.0,0.274
2024-05-24,25.4,27.0,23.6,19.90,17.0,0.278
2024-05-25,25.4,28.9,22.4,20.10,20.0,0.296
2024-05-26,26.3,29.6,23.0,5.30,5.0,0.296
2024-05-27,26.6,31.3,23.5,2.90,6.0,0.292
2024-05-28,25.9,30.1,24.1,8.30,12.0,0.292
2024-05-29,26.3,30.6,23.3,1.70,7.0,0.295
2024-05-30,26.8,31.1,23.3,1.20,3.0,0.293
2024-05-31,27.4,32.1,23.8,2.80,6.0,0.290
2024-06-01,27.4,31.8,23.6,0.90,8.0,0.288
2024-06-02,27.7,31.9,23.3,0.60,4.0,0.285
2024-06-03,26.8,31.5,23.0,3.00,9.0,0.283
2024-06-04,26.0,31.2,22.6,4.10,15.0,0.282
2024-06-05,25.6,30.0,23.1,8.90,9.0,0.284
2024-06-06,25.1,28.9,22.2,9.50,16.0,0.290
2024-06-07,25.0,29.1,22.2,2.90,10.0,0.288
2024-06-08,25.7,29.9,23.0,10.00,13.0,0.288
2024-06-09,25.3,30.0,21.7,7.20,9.0,0.295
2024-06-10,25.3,29.4,22.7,6.40,10.0,0.301
2024-06-11,24.8,28.6,22.2,13.90,13.0,0.308
2024-06-12,25.3,29.5,22.3,5.30,9.0,0.309
2024-06-13,25.0,28.6,22.4,3.20,15.0,0.308
2024-06-14,24.9,28.2,22.6,2.60,11.0,0.307
2024-06-15,25.5,29.5,22.0,11.70,10.0,0.309
2024-06-16,25.0,28.3,22.0,7.80,6.0,0.312
2024-06-17,24.4,27.5,22.5,13.30,17.0,0.312
2024-06-18,24.6,28.5,21.6,15.10,14.0,0.317
2024-06-19,24.0,27.3,22.2,13.50,12.0,0.332
2024-06-20,23.8,27.1,22.0,26.20,19.0,0.341
2024-06-21,24.7,27.3,22.4,5.90,14.0,0.348
2024-06-22,25.3,29.1,22.3,3.90,7.0,0.343
2024-06-23,23.9,26.8,22.1,10.80,18.0,0.344
2024-06-24,23.8,27.0,21.9,22.10,19.0,0.352
2024-06-25,25.0,28.6,22.1,4.70,16.0,0.357
2024-06-26,24.1,27.5,22.4,16.40,18.0,0.357
2024-06-27,24.5,27.8,22.0,6.60,12.0,0.363
2024-06-28,25.5,28.9,22.4,2.00,5.0,0.361
2024-06-29,25.3,28.1,22.6,5.10,10.0,0.356
2024-06-30,25.3,28.2,22.4,3.60,14.0,0.351
2024-07-01,24.0,26.9,21.9,16.30,14.0,0.356
2024-07-02,24.4,28.2,21.9,3.10,14.0,0.367
2024-07-03,25.0,28.7,21.8,14.50,11.0,0.365
2024-07-04,23.6,26.3,21.6,6.30,14.0,0.367
2024-07-05,24.3,27.7,21.9,6.30,13.0,0.363
2024-07-06,24.4,27.9,21.8,12.70,19.0,0.363
2024-07-07,25.0,28.9,22.1,4.10,13.0,0.362
2024-07-08,23.8,27.5,22.2,42.50,18.0,0.372
2024-07-09,23.7,27.0,22.2,25.60,17.0,0.389
2024-07-10,24.0,27.8,21.4,9.50,13.0,0.401
2024-07-11,24.0,27.9,21.7,18.10,16.0,0.412
2024-07-12,23.6,26.2,21.7,17.50,17.0,0.422
2024-07-13,23.7,26.2,21.7,14.70,21.0,0.429
2024-07-14,23.5,26.1,21.7,9.80,17.0,0.426
2024-07-15,23.6,27.2,21.9,38.30,21.0,0.438
2024-07-16,23.7,27.2,21.4,5.20,14.0,0.441
2024-07-17,23.2,25.5,22.1,36.20,22.0,0.462
2024-07-18,23.5,27.0,22.0,45.50,24.0,0.499
2024-07-19,24.2,27.2,22.1,2.10,13.0,0.497
2024-07-20,24.5,28.3,22.0,1.90,7.0,0.490
2024-07-21,24.9,28.4,22.4,8.00,7.0,0.485
2024-07-22,24.8,27.5,22.8,0.20,2.0,0.481
2024-07-23,25.0,27.0,23.4,0.30,2.0,0.473
2024-07-24,25.0,27.5,23.3,2.10,5.0,0.469
2024-07-25,25.5,28.3,23.6,0.20,2.0,0.463
2024-07-26,25.9,29.6,22.7,2.50,4.0,0.456
2024-07-27,24.5,28.4,22.4,10.90,11.0,0.452
2024-07-28,23.6,26.9,22.0,12.10,19.0,0.457
2024-07-29,24.6,28.0,21.2,1.60,4.0,0.453
2024-07-30,25.0,29.0,21.7,2.20,7.0,0.447
2024-07-31,24.1,28.1,22.2,27.00,12.0,0.451
2024-08-01,24.0,27.7,21.4,18.40,8.0,0.465
2024-08-02,24.1,28.3,21.9,13.90,9.0,0.467
2024-08-03,24.3,27.8,21.8,6.20,9.0,0.467
2024-08-04,24.2,27.6,21.7,12.20,11.0,0.468
2024-08-05,24.3,27.6,22.1,10.50,6.0,0.472
2024-08-06,24.5,27.7,21.8,5.30,7.0,0.475
2024-08-07,25.0,28.6,22.2,0.30,2.0,0.470
2024-08-08,25.1,28.8,22.4,3.00,7.0,0.466
2024-08-09,24.7,28.4,22.3,9.20,10.0,0.464
2024-08-10,24.9,28.7,21.9,1.40,8.0,0.459
2024-08-11,25.0,28.4,22.1,11.80,10.0,0.457
2024-08-12,24.9,28.7,22.3,3.70,9.0,0.457
2024-08-13,24.7,27.7,22.0,10.00,11.0,0.458
2024-08-14,24.9,28.8,22.0,7.20,13.0,0.457
2024-08-15,25.2,28.8,22.2,1.30,6.0,0.457
2024-08-16,25.1,28.7,22.0,2.70,11.0,0.453
2024-08-17,25.4,28.6,22.3,3.10,10.0,0.449
2024-08-18,25.0,28.6,22.1,2.80,11.0,0.449
2024-08-19,25.1,28.7,22.8,2.70,13.0,0.446
2024-08-20,25.4,29.0,22.2,0.80,5.0,0.443
2024-08-21,25.4,29.4,22.0,3.50,8.0,0.439
2024-08-22,25.1,28.7,22.4,6.30,14.0,0.433
2024-08-23,24.6,28.6,22.4,8.90,13.0,0.435
2024-08-24,24.2,28.3,21.7,16.70,16.0,0.439
2024-08-25,24.3,28.2,22.0,18.00,14.0,0.437
2024-08-26,24.9,28.3,22.2,3.20,11.0,0.445
2024-08-27,25.0,28.1,22.7,1.90,5.0,0.440
2024-08-28,25.2,28.6,22.7,1.00,8.0,0.436
2024-08-29,24.4,27.9,22.4,11.50,10.0,0.436
2024-08-30,24.6,27.7,22.3,10.70,11.0,0.442
2024-08-31,24.2,27.6,21.9,12.80,16.0,0.446
2024-09-01,22.9,23.9,22.2,26.90,22.0,0.464
2024-09-02,24.5,27.7,22.2,5.70,7.0,0.470
2024-09-03,25.2,28.7,22.1,4.00,7.0,0.465
2024-09-04,25.5,28.9,22.6,0.00,0.0,0.459
2024-09-05,25.3,28.5,22.9,1.90,7.0,0.455
2024-09-06,25.8,28.8,23.2,0.00,0.0,0.455
2024-09-07,26.3,30.1,23.3,0.70,5.0,0.448
2024-09-08,25.8,29.3,23.0,0.80,6.0,0.443
2024-09-09,25.3,28.9,22.6,2.60,10.0,0.437
2024-09-10,25.5,29.7,22.8,5.90,6.0,0.432
2024-09-11,24.9,28.6,23.0,15.80,14.0,0.437
2024-09-12,24.1,27.3,22.3,12.50,18.0,0.447
2024-09-13,23.6,25.7,22.6,18.70,17.0,0.457
2024-09-14,23.7,26.3,22.5,14.50,24.0,0.469
2024-09-15,23.9,25.8,22.6,3.50,21.0,0.474
2024-09-16,23.4,24.9,22.5,12.50,22.0,0.477
2024-09-17,22.9,23.6,22.4,27.30,23.0,0.488
2024-09-18,24.6,27.7,22.2,3.70,15.0,0.494
2024-09-19,24.8,28.0,22.5,2.40,6.0,0.488
2024-09-20,25.0,28.4,23.1,4.70,6.0,0.483
2024-09-21,24.8,28.2,21.9,10.00,12.0,0.479
2024-09-22,24.4,28.4,21.6,13.60,9.0,0.484
2024-09-23,25.2,29.0,21.9,0.90,6.0,0.482
2024-09-24,24.3,28.2,22.1,6.30,17.0,0.479
2024-09-25,24.4,28.1,22.2,4.00,12.0,0.480
2024-09-26,24.5,28.8,21.9,7.50,8.0,0.482
2024-09-27,25.1,29.4,21.5,1.00,9.0,0.477
2024-09-28,25.3,28.5,22.5,1.40,7.0,0.472
2024-09-29,25.1,28.3,22.4,5.80,6.0,0.467
2024-09-30,25.0,28.8,22.2,3.70,7.0,0.460
2024-10-01,25.0,29.2,22.6,9.60,7.0,0.457
2024-10-02,25.2,28.9,21.4,0.90,4.0,0.457
2024-10-03,24.4,28.3,22.1,7.60,18.0,0.454
2024-10-04,23.9,27.4,21.7,13.80,9.0,0.454
2024-10-05,23.8,27.5,22.0,13.80,10.0,0.459
2024-10-06,23.7,27.5,21.5,13.40,10.0,0.463
2024-10-07,24.4,28.0,21.5,3.90,10.0,0.464
2024-10-08,24.9,28.7,22.0,4.90,14.0,0.459
2024-10-09,24.7,28.5,22.1,4.50,9.0,0.453
2024-10-10,24.2,28.1,21.8,21.10,10.0,0.453
2024-10-11,24.2,29.0,21.8,15.30,14.0,0.451
2024-10-12,24.1,28.0,21.7,14.20,18.0,0.455
2024-10-13,24.6,28.2,21.7,1.40,9.0,0.449
2024-10-14,25.0,28.6,21.9,2.90,11.0,0.443
2024-10-15,24.1,28.2,21.5,15.80,18.0,0.448
2024-10-16,24.4,27.8,21.1,3.40,9.0,0.448
2024-10-17,24.1,28.1,22.1,9.60,13.0,0.446
2024-10-18,24.6,28.4,21.9,7.80,12.0,0.444
2024-10-19,24.4,27.8,21.5,5.30,8.0,0.440
2024-10-20,24.3,27.6,22.1,3.30,7.0,0.435
2024-10-21,23.5,25.6,22.2,3.90,16.0,0.431
2024-10-22,22.9,23.3,22.6,41.40,22.0,0.448
2024-10-23,23.9,25.4,22.7,10.00,17.0,0.456
2024-10-24,24.6,26.7,23.4,6.20,14.0,0.459
2024-10-25,24.0,26.8,22.1,19.20,20.0,0.462
2024-10-26,23.7,27.1,21.7,8.00,16.0,0.471
2024-10-27,23.6,26.1,22.3,6.60,15.0,0.471
2024-10-28,24.3,27.7,22.0,1.40,3.0,0.470
2024-10-29,24.2,26.7,22.8,0.30,2.0,0.467
2024-10-30,24.5,27.0,23.0,1.20,8.0,0.465
2024-10-31,24.8,28.4,22.8,1.30,7.0,0.462
2024-11-01,24.7,28.5,22.0,5.50,12.0,0.460
2024-11-02,24.1,27.7,20.4,1.90,8.0,0.455
2024-11-03,23.9,28.2,21.4,9.20,10.0,0.453
2024-11-04,23.4,26.7,21.3,3.60,14.0,0.451
2024-11-05,23.7,27.3,21.1,1.30,7.0,0.447
2024-11-06,24.4,27.9,21.5,0.90,5.0,0.444
2024-11-07,24.5,28.1,21.5,2.10,7.0,0.441
2024-11-08,24.7,28.5,21.6,3.80,9.0,0.439
2024-11-09,24.5,27.8,21.5,2.80,8.0,0.437
2024-11-10,24.6,27.2,22.3,0.70,4.0,0.437
2024-11-11,25.0,28.4,22.2,1.10,7.0,0.432
2024-11-12,24.7,28.8,22.2,1.60,10.0,0.411
2024-11-13,25.1,29.4,21.3,0.70,4.0,0.280
2024-11-14,25.7,30.2,21.8,1.40,6.0,0.282
2024-11-15,25.5,29.6,22.0,2.80,10.0,0.281
2024-11-16,24.5,28.6,22.3,0.80,8.0,0.283
2024-11-17,25.8,30.6,22.8,0.60,4.0,0.278
2024-11-18,25.7,30.3,22.1,1.20,10.0,0.277
2024-11-19,24.9,28.9,22.2,3.50,17.0,0.277
2024-11-20,24.9,29.5,21.3,0.80,4.0,0.277
2024-11-21,25.5,30.8,21.5,1.70,10.0,0.277
2024-11-22,24.8,27.7,22.3,4.80,13.0,0.278
2024-11-23,25.1,29.8,21.6,2.60,3.0,0.277
2024-11-24,25.7,30.3,22.4,1.10,6.0,0.276
2024-11-25,25.2,29.0,22.1,1.70,10.0,0.276
2024-11-26,25.2,30.4,22.0,2.10,6.0,0.277
2024-11-27,25.4,30.4,21.9,3.50,13.0,0.277
2024-11-28,24.9,31.3,22.1,14.20,10.0,0.279
2024-11-29,23.4,25.6,22.2,9.80,13.0,0.291
2024-11-30,23.5,27.5,21.5,40.40,15.0,0.301
2024-12-01,23.7,26.9,21.9,10.80,20.0,0.305
2024-12-02,24.4,28.0,21.8,2.90,8.0,0.306
2024-12-03,24.6,28.2,21.6,2.20,12.0,0.299
2024-12-04,24.4,28.6,20.8,1.90,7.0,0.296
2024-12-05,25.0,28.9,21.3,0.10,1.0,0.290
2024-12-06,24.5,28.4,22.1,5.10,13.0,0.286
2024-12-07,24.4,28.2,21.8,2.70,11.0,0.285
2024-12-08,24.1,27.5,22.3,11.60,13.0,0.288
2024-12-09,23.9,26.9,22.3,16.20,21.0,0.294
2024-12-10,24.5,28.5,22.2,4.00,17.0,0.290
2024-12-11,24.2,28.5,22.0,6.60,13.0,0.288
2024-12-12,24.1,28.0,21.5,0.10,1.0,0.286
2024-12-13,24.0,27.3,21.0,5.60,7.0,0.287
2024-12-14,24.4,29.3,21.2,0.60,4.0,0.292
2024-12-15,24.3,28.8,21.7,1.30,7.0,0.290
2024-12-16,23.9,27.1,21.6,2.00,8.0,0.288
2024-12-17,22.5,24.7,21.5,19.80,20.0,0.293
2024-12-18,23.1,26.8,21.7,13.60,17.0,0.303
2024-12-19,23.3,26.4,21.5,15.20,23.0,0.318
2024-12-20,23.2,25.7,21.7,34.80,21.0,0.329
2024-12-21,23.2,25.5,22.3,21.50,21.0,0.354
2024-12-22,23.6,27.4,21.6,15.20,18.0,0.356
2024-12-23,23.7,27.0,21.2,0.70,3.0,0.353
2024-12-24,23.9,27.7,21.5,7.80,13.0,0.353
2024-12-25,23.7,27.1,21.8,3.30,10.0,0.350
2024-12-26,23.4,26.8,21.7,3.20,13.0,0.343
2024-12-27,22.9,25.3,21.3,6.30,20.0,0.345
2024-12-28,22.9,26.1,21.1,8.70,18.0,0.359
2024-12-29,23.6,27.1,21.4,3.40,12.0,0.363
2024-12-30,23.6,26.8,21.8,5.20,16.0,0.366
2024-12-31,24.0,27.2,21.5,5.80,14.0,0.368
2025-01-01,23.4,26.2,21.7,22.10,17.0,0.365
2025-01-02,24.0,27.4,21.4,1.70,8.0,0.363
2025-01-03,23.8,27.1,21.2,1.90,9.0,0.357
2025-01-04,23.3,27.0,20.9,10.00,14.0,0.355
2025-01-05,23.1,26.6,21.3,4.30,17.0,0.358
2025-01-06,23.3,26.8,21.0,5.10,6.0,0.360
2025-01-07,23.8,27.3,21.1,16.00,12.0,0.359
2025-01-08,22.9,25.6,21.2,109.10,17.0,0.380
2025-01-09,23.1,26.6,21.2,15.70,18.0,0.377
2025-01-10,22.7,26.9,20.9,29.10,15.0,0.385
2025-01-11,23.1,26.9,21.0,6.10,19.0,0.384
2025-01-12,22.6,26.3,21.1,23.30,21.0,0.387
2025-01-13,23.5,26.7,21.2,4.30,16.0,0.378
2025-01-14,23.3,26.3,20.7,2.30,8.0,0.372
2025-01-15,23.5,25.9,21.4,0.70,3.0,0.367
2025-01-16,23.5,26.9,21.7,5.10,9.0,0.365
2025-01-17,23.8,27.9,21.4,1.30,8.0,0.361
2025-01-18,23.5,27.2,20.8,1.20,3.0,0.355
2025-01-19,23.7,27.9,19.9,0.00,0.0,0.352
2025-01-20,24.1,27.8,21.4,1.70,11.0,0.350
2025-01-21,23.6,27.9,21.4,9.30,15.0,0.348
2025-01-22,24.3,28.5,21.7,1.70,11.0,0.339
2025-01-23,23.6,27.2,21.6,6.10,12.0,0.339
2025-01-24,23.6,27.5,20.5,2.40,7.0,0.338
2025-01-25,24.7,28.8,21.7,0.80,8.0,0.335
2025-01-26,23.8,27.6,21.3,2.80,8.0,0.332
2025-01-27,23.3,27.4,21.1,13.60,11.0,0.335
2025-01-28,23.1,26.8,21.4,0.50,4.0,0.331
2025-01-29,23.0,26.7,21.3,20.00,19.0,0.333
2025-01-30,23.2,26.8,21.0,3.40,12.0,0.335
2025-01-31,23.6,27.5,20.4,3.30,9.0,0.335
2025-02-01,24.0,28.2,20.6,0.00,0.0,0.332
2025-02-02,23.8,28.0,20.3,0.20,2.0,0.328
2025-02-03,23.9,28.8,19.6,0.00,0.0,0.326
2025-02-04,23.7,27.6,20.8,1.10,7.0,0.322
2025-02-05,23.7,28.3,19.7,0.30,1.0,0.318
2025-02-06,23.0,26.9,21.6,26.90,12.0,0.325
2025-02-07,22.9,26.3,21.0,14.40,15.0,0.345
2025-02-08,23.9,27.3,21.7,0.80,7.0,0.349
2025-02-09,23.1,26.4,21.2,23.60,14.0,0.349
2025-02-10,22.4,24.2,21.2,9.30,24.0,0.345
2025-02-11,23.7,27.1,21.2,0.00,0.0,0.341
2025-02-12,23.7,26.9,21.1,2.80,10.0,0.338
2025-02-13,22.7,25.0,21.2,12.90,18.0,0.346
2025-02-14,23.5,27.6,20.0,0.60,6.0,0.353
2025-02-15,23.9,27.1,21.1,3.50,12.0,0.346
2025-02-16,24.3,28.7,20.7,0.10,1.0,0.338
2025-02-17,23.4,26.9,21.4,18.60,15.0,0.338
2025-02-18,23.5,27.1,20.9,2.10,6.0,0.342
2025-02-19,23.1,27.7,20.7,25.20,14.0,0.343
2025-02-20,22.3,25.4,20.9,13.30,23.0,0.347
2025-02-21,22.0,23.7,20.9,11.90,23.0,0.354
2025-02-22,22.1,24.2,20.9,22.40,20.0,0.365
2025-02-23,22.8,26.7,20.4,6.30,15.0,0.365
2025-02-24,22.9,26.9,21.0,17.60,15.0,0.365
2025-02-25,23.0,25.0,21.2,2.60,6.0,0.365
2025-02-26,23.5,27.1,20.8,1.10,9.0,0.360
2025-02-27,23.4,27.3,20.5,0.00,0.0,0.357
2025-02-28,23.4,27.1,20.1,0.20,2.0,0.354
2025-03-01,23.6,27.1,21.1,3.90,12.0,0.351
2025-03-02,24.0,27.9,21.0,2.90,10.0,0.350
2025-03-03,23.3,26.0,20.7,3.80,12.0,0.346
2025-03-04,24.2,27.7,21.5,1.60,10.0,0.347
2025-03-05,24.2,28.2,21.8,2.60,12.0,0.345
2025-03-06,23.9,27.2,21.3,2.10,14.0,0.348
2025-03-07,24.2,27.9,21.0,1.60,7.0,0.345
2025-03-08,24.4,28.4,21.9,3.50,16.0,0.340
2025-03-09,23.9,28.2,20.3,2.30,5.0,0.336
2025-03-10,24.3,27.9,21.4,0.50,4.0,0.330
2025-03-11,24.2,28.1,20.8,0.30,3.0,0.326
2025-03-12,24.2,27.8,20.7,3.70,8.0,0.323
2025-03-13,24.7,28.5,21.8,0.60,4.0,0.316
2025-03-14,24.4,28.6,21.6,2.90,16.0,0.312
2025-03-15,24.6,28.5,21.5,3.30,9.0,0.310
2025-03-16,24.5,28.2,21.8,1.40,5.0,0.308
2025-03-17,25.0,29.8,21.4,1.10,6.0,0.303
2025-03-18,24.3,28.3,21.6,2.60,9.0,0.299
2025-03-19,23.3,26.5,21.7,40.80,17.0,0.308
2025-03-20,22.9,25.4,21.5,24.40,20.0,0.322
2025-03-21,22.9,26.0,21.4,22.30,12.0,0.334
2025-03-22,23.2,26.5,21.1,5.60,11.0,0.340
2025-03-23,22.3,24.8,21.4,8.20,9.0,0.341
2025-03-24,24.2,28.3,21.1,1.80,8.0,0.343
2025-03-25,24.3,28.8,20.1,0.10,1.0,0.338
2025-03-26,24.3,27.9,21.4,4.90,17.0,0.331
2025-03-27,24.2,27.4,21.8,2.60,12.0,0.329
2025-03-28,23.6,26.7,21.5,16.80,19.0,0.331
2025-03-29,23.9,27.5,21.8,10.30,12.0,0.328
2025-03-30,23.4,27.2,21.5,20.70,20.0,0.329
2025-03-31,24.1,28.5,21.2,0.20,2.0,0.328
2025-04-01,24.4,29.3,19.9,0.10,1.0,0.326
2025-04-02,24.5,28.2,21.6,1.80,9.0,0.321
2025-04-03,24.8,28.5,21.8,2.50,6.0,0.320
2025-04-04,24.7,29.2,21.3,1.40,5.0,0.316
2025-04-05,24.7,28.6,21.6,2.90,9.0,0.314
2025-04-06,25.3,29.4,21.3,0.00,0.0,0.310
2025-04-07,24.7,29.3,21.7,3.90,10.0,0.305
2025-04-08,25.0,29.7,21.8,12.50,16.0,0.294
2025-04-09,25.2,30.0,21.7,0.80,6.0,0.289
2025-04-10,25.1,30.6,21.2,2.50,9.0,0.283
2025-04-11,24.9,28.4,22.1,6.20,14.0,0.285
2025-04-12,24.7,28.9,22.6,6.90,14.0,0.285
2025-04-13,25.7,31.0,21.8,2.20,10.0,0.280
2025-04-14,26.4,32.0,21.3,0.00,0.0,0.277
2025-04-15,26.7,32.0,21.6,0.00,0.0,0.276
2025-04-16,26.0,31.4,22.1,3.10,11.0,0.275
2025-04-17,25.7,31.6,21.2,0.90,5.0,0.276
2025-04-18,26.5,32.2,22.0,0.40,1.0,0.277
2025-04-19,26.2,30.9,22.1,3.10,10.0,0.277
2025-04-20,26.6,32.4,22.3,0.70,7.0,0.277
2025-04-21,26.4,31.6,22.2,0.50,2.0,0.276
2025-04-22,26.5,31.9,21.2,0.10,1.0,0.276
2025-04-23,26.7,31.2,22.2,1.10,7.0,0.277
2025-04-24,26.8,31.5,22.5,0.70,7.0,0.277
2025-04-25,26.0,30.4,22.7,4.30,11.0,0.277
2025-04-26,25.6,31.8,21.4,1.90,9.0,0.277
2025-04-27,25.0,30.4,21.6,5.50,12.0,0.278
2025-04-28,24.8,29.2,21.8,8.20,17.0,0.282
2025-04-29,24.9,29.1,21.9,6.70,15.0,0.282
2025-04-30,24.8,29.4,21.8,4.40,12.0,0.282
2025-05-01,25.8,31.1,21.6,2.20,12.0,0.278
2025-05-02,24.7,27.9,22.7,3.20,11.0,0.279
2025-05-03,23.2,26.2,21.6,26.70,23.0,0.297
2025-05-04,24.6,28.7,21.7,3.30,13.0,0.304
2025-05-05,24.5,28.8,22.0,14.30,8.0,0.304
2025-05-06,24.4,28.0,22.2,1.90,12.0,0.305
2025-05-07,23.4,27.1,21.2,20.80,15.0,0.304
2025-05-08,24.6,28.2,21.6,1.80,9.0,0.303
2025-05-09,25.1,29.1,22.0,0.60,5.0,0.297
2025-05-10,25.4,29.6,22.1,2.90,4.0,0.293
2025-05-11,25.2,28.8,21.8,1.80,7.0,0.286
2025-05-12,26.3,30.9,22.0,1.60,7.0,0.279
2025-05-13,26.9,31.8,22.7,0.20,2.0,0.275
2025-05-14,26.0,31.8,22.7,2.00,11.0,0.274
2025-05-15,25.1,29.7,22.3,6.10,11.0,0.278
2025-05-16,25.1,29.1,22.0,3.90,13.0,0.279
2025-05-17,25.2,30.3,22.1,2.40,12.0,0.278
2025-05-18,25.5,30.5,22.2,3.50,11.0,0.277
2025-05-19,25.4,31.2,22.2,7.80,19.0,0.276
2025-05-20,24.8,28.0,22.4,2.70,19.0,0.276
2025-05-21,26.2,31.6,22.3,1.20,5.0,0.274
2025-05-22,25.6,30.9,22.1,3.20,6.0,0.273
2025-05-23,25.3,30.8,22.3,3.80,14.0,0.274
2025-05-24,24.1,27.2,22.3,16.30,19.0,0.278
2025-05-25,24.2,27.9,21.9,4.50,24.0,0.287
2025-05-26,24.6,28.3,22.2,8.00,15.0,0.299
2025-05-27,25.2,29.2,22.4,4.10,11.0,0.299
2025-05-28,24.4,28.2,21.8,12.20,12.0,0.306
2025-05-29,24.4,29.2,22.1,13.80,12.0,0.312
2025-05-30,25.5,30.0,22.0,1.40,4.0,0.307
2025-05-31,25.3,29.2,23.0,6.90,11.0,0.301
2025-06-01,25.3,30.1,22.3,4.50,4.0,0.297
2025-06-02,26.1,30.4,23.2,3.10,7.0,0.288
2025-06-03,25.5,30.1,21.9,7.40,13.0,0.281
2025-06-04,25.1,30.5,22.2,7.00,10.0,0.281
2025-06-05,24.3,27.9,22.5,4.00,10.0,0.286
2025-06-06,23.4,27.3,21.8,19.50,16.0,0.290
2025-06-07,23.6,27.7,21.6,21.90,21.0,0.316
2025-06-08,23.8,27.2,21.6,16.80,11.0,0.326
2025-06-09,24.5,28.5,22.1,1.70,6.0,0.320
2025-06-10,24.2,26.7,22.5,11.60,12.0,0.318
2025-06-11,24.1,28.2,22.5,8.30,14.0,0.321
2025-06-12,24.4,27.7,22.5,2.90,8.0,0.324
2025-06-13,24.5,28.8,21.8,9.30,5.0,0.323
2025-06-14,24.7,28.5,21.6,1.70,3.0,0.323
2025-06-15,23.7,27.1,22.0,18.90,18.0,0.323
2025-06-16,23.8,26.8,21.6,2.50,11.0,0.331
2025-06-17,24.0,28.0,21.3,13.40,11.0,0.333
2025-06-18,24.5,27.9,21.6,4.50,7.0,0.330
2025-06-19,24.0,27.4,21.6,13.70,11.0,0.326
2025-06-20,24.3,28.3,21.6,0.40,4.0,0.324
2025-06-21,23.4,27.2,21.7,29.00,16.0,0.322
2025-06-22,24.4,28.3,22.0,8.00,13.0,0.317
2025-06-23,23.3,27.0,21.1,13.40,10.0,0.325
2025-06-24,24.0,27.9,20.9,4.40,10.0,0.321
2025-06-25,23.9,28.2,21.3,7.70,10.0,0.322
2025-06-26,23.7,27.6,20.8,5.00,9.0,0.318
2025-06-27,24.1,28.0,21.4,8.00,8.0,0.314
2025-06-28,24.5,29.0,21.8,5.50,6.0,0.310
2025-06-29,23.7,26.7,21.4,5.00,11.0,0.310
2025-06-30,23.5,27.4,21.0,10.40,12.0,0.313
2025-07-01,24.0,28.5,21.1,2.80,8.0,0.313
2025-07-02,25.0,29.1,21.9,2.90,7.0,0.309
2025-07-03,24.5,28.0,22.1,7.80,8.0,0.307
2025-07-04,24.9,29.1,21.5,0.00,0.0,0.299
2025-07-05,25.1,29.9,22.6,5.90,8.0,0.292
2025-07-06,24.8,29.3,22.1,3.50,5.0,0.288
2025-07-07,25.8,30.6,22.7,0.30,1.0,0.287
2025-07-08,25.2,29.9,21.9,4.30,8.0,0.284
2025-07-09,25.0,29.9,22.2,5.00,2.0,0.283
2025-07-10,25.1,29.5,22.1,3.10,8.0,0.284
2025-07-11,24.6,30.2,21.4,6.80,10.0,0.283
2025-07-12,24.3,28.5,21.9,3.90,12.0,0.288
2025-07-13,24.1,27.5,21.3,5.80,11.0,0.289
2025-07-14,24.2,28.7,21.9,20.80,13.0,0.297
2025-07-15,24.1,28.1,22.0,5.70,10.0,0.306
2025-07-16,23.9,27.4,22.0,1.80,10.0,0.304
2025-07-17,23.0,24.8,21.7,6.20,16.0,0.307
2025-07-18,22.8,24.9,21.5,24.50,24.0,0.322
2025-07-19,23.6,26.5,21.5,12.60,17.0,0.339
2025-07-20,24.4,26.4,22.7,0.80,4.0,0.339
2025-07-21,24.7,27.8,22.2,0.30,3.0,0.335
2025-07-22,23.6,25.8,22.1,3.50,13.0,0.334
2025-07-23,24.9,28.2,22.3,1.00,8.0,0.330
2025-07-24,25.6,27.8,23.5,2.10,5.0,0.323
2025-07-25,25.7,28.1,23.4,3.10,8.0,0.318
2025-07-26,26.1,29.6,23.4,1.40,6.0,0.311
2025-07-27,25.8,29.1,22.7,0.70,3.0,0.309
2025-07-28,26.2,29.8,23.0,0.00,0.0,0.304
2025-07-29,26.2,29.4,23.3,0.80,4.0,0.300
2025-07-30,26.5,30.3,22.9,0.80,3.0,0.297
2025-07-31,26.7,31.5,22.5,0.00,0.0,0.292
2025-08-01,26.9,32.4,22.0,0.00,0.0,0.287
2025-08-02,27.0,32.1,23.4,4.60,8.0,0.285
2025-08-03,26.4,31.8,22.4,1.90,12.0,0.283
2025-08-04,25.8,30.6,22.2,4.20,9.0,0.283
2025-08-05,24.8,29.8,22.3,8.70,9.0,0.286
2025-08-06,24.6,27.9,22.0,4.60,13.0,0.284
2025-08-07,24.3,29.2,21.8,6.50,16.0,0.284
2025-08-08,23.5,27.1,21.8,11.80,14.0,0.273
2025-08-09,24.9,29.3,21.0,1.10,6.0,0.269
2025-08-10,24.7,29.8,21.6,5.50,12.0,0.269
2025-08-11,23.8,28.6,21.2,15.10,12.0,0.273
2025-08-12,23.5,29.0,20.4,10.00,6.0,0.279
2025-08-13,23.5,27.8,21.0,12.30,15.0,0.279
2025-08-14,23.1,26.2,20.9,9.20,14.0,0.280
2025-08-15,23.6,27.3,21.3,3.70,13.0,0.288
2025-08-16,24.7,28.3,22.2,5.30,3.0,0.284
2025-08-17,24.6,28.9,21.5,6.20,8.0,0.280
2025-08-18,24.9,29.7,20.8,4.50,5.0,0.278
2025-08-19,24.8,29.2,21.8,2.10,14.0,0.273
2025-08-20,24.2,29.2,21.5,1.40,12.0,0.270
2025-08-21,23.3,27.6,21.4,11.80,12.0,0.272
2025-08-22,23.6,28.8,21.0,7.50,11.0,0.274
2025-08-23,24.4,29.2,20.8,0.40,3.0,0.280
2025-08-24,23.7,27.2,21.2,1.80,13.0,0.276
2025-08-25,22.6,26.6,20.9,25.00,15.0,0.281
2025-08-26,23.0,26.3,20.7,13.40,17.0,0.288
2025-08-27,23.3,26.3,21.0,5.00,15.0,0.300
2025-08-28,23.7,26.8,21.6,1.90,10.0,0.297
2025-08-29,23.3,27.9,21.2,24.80,13.0,0.303
2025-08-30,22.9,25.9,21.4,16.50,18.0,0.321
2025-08-31,22.7,25.5,21.6,10.00,14.0,0.342
2025-09-01,23.1,27.3,21.0,4.60,14.0,0.352
2025-09-02,24.1,27.9,21.3,1.60,8.0,0.349
2025-09-03,24.3,28.4,21.7,16.30,7.0,0.347
2025-09-04,24.9,28.5,21.8,0.30,3.0,0.338
2025-09-05,23.9,26.7,22.0,9.70,14.0,0.333
2025-09-06,24.5,28.7,21.7,1.70,6.0,0.320
2025-09-07,24.3,28.4,21.2,3.70,9.0,0.311
2025-09-08,22.8,26.2,20.6,12.30,15.0,0.310
2025-09-09,23.9,27.9,21.3,14.00,9.0,0.317
2025-09-10,23.6,27.8,21.2,12.90,12.0,0.319
2025-09-11,23.1,27.0,21.4,37.00,11.0,0.333
2025-09-12,23.8,28.2,20.9,8.60,13.0,0.332
2025-09-13,23.7,27.0,21.7,3.80,18.0,0.332
2025-09-14,23.6,27.5,20.8,16.20,7.0,0.337
2025-09-15,23.0,25.2,21.5,40.20,14.0,0.348
2025-09-16,23.2,26.6,21.1,12.50,19.0,0.340
2025-09-17,24.1,27.9,22.3,7.70,14.0,0.343
2025-09-18,24.0,28.6,21.9,13.20,8.0,0.341
2025-09-19,24.0,28.2,21.2,5.60,10.0,0.337
2025-09-20,24.2,27.5,21.8,3.90,5.0,0.335
2025-09-21,24.1,27.6,22.1,18.80,10.0,0.336
2025-09-22,24.3,28.3,21.7,1.30,6.0,0.334
2025-09-23,24.8,28.8,21.7,0.30,2.0,0.327
2025-09-24,25.4,29.1,22.6,0.20,1.0,0.321
2025-09-25,23.3,25.6,21.7,31.20,16.0,0.323
2025-09-26,22.3,24.0,21.2,30.20,18.0,0.376
2025-09-27,24.6,28.4,21.4,0.20,2.0,0.381
2025-09-28,23.7,27.6,21.0,10.80,13.0,0.380
2025-09-29,23.4,27.0,20.9,11.50,11.0,0.385
2025-09-30,23.3,27.5,21.0,8.20,14.0,0.387
2025-10-01,24.1,29.1,20.8,1.40,4.0,0.385
2025-10-02,24.2,28.9,20.7,1.50,6.0,0.382
2025-10-03,24.0,28.3,21.4,12.10,7.0,0.377
2025-10-04,23.5,28.3,20.5,17.90,9.0,0.376
2025-10-05,23.8,27.4,21.5,2.10,5.0,0.381
2025-10-06,23.8,27.0,21.3,4.20,9.0,0.376
2025-10-07,23.4,27.5,21.6,19.10,16.0,0.378
2025-10-08,23.0,27.2,20.8,13.70,18.0,0.381
2025-10-09,22.7,26.0,21.0,28.50,18.0,0.393
2025-10-10,23.4,27.2,21.1,2.00,11.0,0.393
2025-10-11,23.1,26.9,21.0,17.40,11.0,0.395
2025-10-12,23.8,27.7,21.1,6.60,9.0,0.393
2025-10-13,22.7,25.3,21.6,16.10,11.0,0.396
2025-10-14,23.7,27.8,21.4,16.90,11.0,0.393
2025-10-15,23.4,27.8,20.7,9.70,14.0,0.395
2025-10-16,23.7,28.0,21.4,13.00,16.0,0.399
2025-10-17,24.1,28.1,22.4,5.80,15.0,0.396
2025-10-18,22.8,24.7,22.0,47.50,23.0,0.405
2025-10-19,24.4,27.8,22.1,1.20,5.0,0.399
2025-10-20,25.2,29.4,21.9,0.60,5.0,0.394
2025-10-21,23.9,27.2,22.5,25.90,15.0,0.393
2025-10-22,23.9,27.9,21.7,17.30,17.0,0.398
2025-10-23,23.6,27.3,21.6,12.00,15.0,0.409
2025-10-24,23.9,28.0,21.3,3.80,15.0,0.413
2025-10-25,23.3,27.2,21.0,17.10,9.0,0.414
2025-10-26,22.9,25.4,21.7,40.20,21.0,0.425
2025-10-27,23.9,26.9,21.4,10.40,18.0,0.429
2025-10-28,24.0,27.9,21.4,9.90,15.0,0.428
2025-10-29,23.0,26.6,21.3,19.60,22.0,0.439
2025-10-30,23.2,26.6,20.7,6.70,14.0,0.442
2025-10-31,24.0,27.6,21.4,6.70,11.0,0.440
2025-11-01,24.1,27.5,21.3,3.00,10.0,0.437
2025-11-02,24.1,27.8,21.2,3.80,10.0,0.435
2025-11-03,22.4,24.3,21.4,50.90,16.0,0.445
2025-11-04,22.2,23.4,21.5,189.90,24.0,0.505
2025-11-05,24.2,27.6,21.4,3.70,10.0,0.507
2025-11-06,24.9,29.1,21.6,1.60,4.0,0.496
2025-11-07,24.5,27.4,22.4,1.20,5.0,0.488
2025-11-08,23.0,24.8,21.5,9.30,22.0,0.482
2025-11-09,23.3,24.6,22.1,20.90,15.0,0.493
2025-11-10,24.4,27.0,22.4,5.40,9.0,0.493
2025-11-11,24.5,28.6,21.3,0.10,1.0,0.486
2025-11-12,24.6,28.7,21.3,2.20,5.0,0.478
2025-11-13,23.4,27.5,21.7,7.80,13.0,0.473
2025-11-14,23.0,25.8,21.7,10.30,17.0,0.478
2025-11-15,23.1,25.7,21.9,21.80,19.0,0.492
2025-11-16,23.3,26.8,21.8,21.60,14.0,0.492
2025-11-17,24.2,28.4,21.4,1.10,9.0,0.492
2025-11-18,23.5,27.4,21.5,6.80,10.0,0.488
2025-11-19,23.5,27.5,21.1,6.40,6.0,0.487
2025-11-20,23.6,26.9,21.3,5.70,8.0,0.487
2025-11-21,24.2,28.0,21.6,2.20,10.0,0.483
2025-11-22,24.2,27.8,21.3,8.20,11.0,0.478
2025-11-23,23.4,26.3,21.7,35.40,12.0,0.478
2025-11-24,22.7,23.9,21.9,37.40,23.0,0.481
2025-11-25,23.8,26.5,22.1,15.40,16.0,0.508
2025-11-26,24.8,28.0,22.4,3.20,12.0,0.500
2025-11-27,24.4,27.8,22.0,1.40,8.0,0.497
2025-11-28,24.4,28.2,21.9,2.10,6.0,0.489
2025-11-29,23.7,27.9,20.8,10.70,15.0,0.484
2025-11-30,23.9,27.7,21.6,5.40,8.0,0.479
2025-12-01,23.3,26.5,22.1,9.30,10.0,0.478
2025-12-02,24.0,27.5,21.4,1.40,6.0,0.473
2025-12-03,24.0,26.8,21.5,1.10,7.0,0.469
2025-12-04,23.0,25.1,21.5,35.70,17.0,0.471
2025-12-05,22.3,23.4,21.1,10.90,21.0,0.475
2025-12-06,22.6,24.7,21.8,7.60,23.0,0.475
2025-12-07,23.5,26.2,21.8,11.90,14.0,0.479
2025-12-08,24.3,27.9,22.3,1.60,9.0,0.474
2025-12-09,24.3,28.1,21.7,0.90,7.0,0.469
2025-12-10,24.6,28.4,21.6,0.30,3.0,0.464
2025-12-11,24.2,27.7,22.0,2.60,8.0,0.461
2025-12-12,23.2,27.1,21.5,17.10,12.0,0.460
2025-12-13,23.0,26.5,21.2,9.50,9.0,0.460
2025-12-14,23.7,26.6,21.5,2.60,10.0,0.457
2025-12-15,24.1,28.0,21.3,1.90,9.0,0.452
2025-12-16,24.1,28.0,21.5,1.20,9.0,0.446
2025-12-17,23.7,27.8,21.1,3.50,14.0,0.445
2025-12-18,24.0,27.6,21.4,2.60,13.0,0.440
2025-12-19,23.2,26.5,21.4,23.50,18.0,0.440
2025-12-20,22.9,25.4,21.4,3.00,9.0,0.440
2025-12-21,23.4,27.0,21.0,6.30,17.0,0.442
2025-12-22,23.1,25.7,21.4,6.70,11.0,0.439
2025-12-23,23.0,26.1,20.7,18.40,12.0,0.445
2025-12-24,23.9,27.8,21.3,1.50,7.0,0.446
2025-12-25,23.3,27.0,21.5,14.90,7.0,0.446
2025-12-26,23.4,27.5,21.2,2.30,11.0,0.445
2025-12-27,23.4,27.7,21.1,8.50,14.0,0.445
2025-12-28,23.2,27.1,20.7,4.90,12.0,0.464
2025-12-29,23.5,27.0,21.3,2.40,9.0,0.474
2025-12-30,23.6,27.3,21.5,8.20,11.0,0.474
2025-12-31,23.5,26.6,21.4,1.30,8.0,0.475
2026-01-01,23.3,27.1,21.2,6.80,13.0,0.471
2026-01-02,22.8,26.8,21.4,22.70,17.0,0.472
2026-01-03,22.4,25.0,21.0,19.20,12.0,0.475
2026-01-04,22.4,24.5,21.4,8.10,15.0,0.478
2026-01-05,23.2,26.4,21.3,11.50,8.0,0.482
2026-01-06,23.1,26.5,21.0,11.80,7.0,0.482
2026-01-07,23.0,26.6,21.3,6.70,10.0,0.481
2026-01-08,23.7,27.2,21.3,1.80,6.0,0.479
2026-01-09,23.7,27.6,21.0,1.00,7.0,0.474
2026-01-10,22.7,27.1,20.9,13.70,12.0,0.472
2026-01-11,23.2,26.8,21.1,3.50,7.0,0.472
2026-01-12,23.6,27.6,20.9,1.00,7.0,0.468
2026-01-13,23.5,27.2,20.1,1.00,6.0,0.464
2026-01-14,23.3,26.6,20.9,0.50,2.0,0.461
2026-01-15,22.8,24.5,21.7,0.50,2.0,0.457
2026-01-16,21.5,22.1,21.0,64.70,21.0,0.474
2026-01-17,23.0,25.8,21.0,2.40,8.0,0.479
2026-01-18,23.3,27.4,20.1,0.00,0.0,0.476
2026-01-19,23.4,27.7,20.2,0.40,4.0,0.472
2026-01-20,22.8,26.3,20.4,0.00,0.0,0.467
2026-01-21,22.5,25.4,20.3,0.90,5.0,0.462
2026-01-22,21.9,24.9,20.0,0.70,6.0,0.458
2026-01-23,22.0,25.8,19.4,0.20,1.0,0.453
2026-01-24,21.6,23.9,19.1,0.40,4.0,0.449
2026-01-25,22.0,25.6,19.1,0.00,0.0,0.446
2026-01-26,22.5,24.9,21.3,6.30,16.0,0.446
2026-01-27,23.4,26.8,21.1,1.40,9.0,0.450
2026-01-28,23.0,25.9,20.9,0.80,5.0,0.447
2026-01-29,22.6,25.5,20.1,1.10,4.0,0.443
2026-01-30,22.0,26.7,18.7,5.70,6.0,0.442
2026-01-31,22.1,26.3,20.2,23.40,12.0,0.457
2026-02-01,22.5,25.8,20.6,11.00,12.0,0.463
2026-02-02,22.2,25.3,21.0,29.70,17.0,0.467
2026-02-03,21.7,23.1,20.6,28.30,22.0,0.492
2026-02-04,22.9,26.7,20.1,0.20,1.0,0.487
2026-02-05,22.0,24.6,20.9,23.00,14.0,0.485
2026-02-06,21.7,23.1,21.1,54.50,23.0,0.506
2026-02-07,23.5,26.9,21.2,6.50,11.0,0.509
2026-02-08,23.4,27.7,21.1,4.20,11.0,0.499
2026-02-09,22.4,25.7,21.1,33.50,15.0,0.497
2026-02-10,21.7,23.5,21.0,45.30,23.0,0.515
2026-02-11,22.7,26.2,20.8,28.80,17.0,0.511
2026-02-12,23.3,26.4,21.0,6.30,18.0,0.506
2026-02-13,23.2,27.1,21.2,4.50,13.0,0.500
2026-02-14,22.9,27.7,20.2,18.60,10.0,0.496
2026-02-15,23.5,27.8,20.0,0.00,0.0,0.495
2026-02-16,24.0,28.1,20.9,0.70,3.0,0.489
2026-02-17,23.9,27.8,21.3,1.90,9.0,0.482
2026-02-18,23.4,27.3,20.7,0.80,6.0,0.476
2026-02-19,22.6,24.8,20.9,2.60,7.0,0.472
2026-02-20,22.8,26.2,20.7,0.80,6.0,0.469
2026-02-21,23.5,27.4,20.6,2.30,12.0,0.464
2026-02-22,22.0,24.4,21.1,24.60,17.0,0.468
2026-02-23,23.0,27.4,20.8,20.60,13.0,0.470
2026-02-24,23.4,27.4,21.1,12.50,13.0,0.473
2026-02-25,23.2,26.4,20.7,9.40,14.0,0.470
2026-02-26,22.9,27.1,19.7,2.00,7.0,0.465
2026-02-27,22.3,26.8,19.4,1.10,5.0,0.461
2026-02-28,22.7,27.1,19.3,4.90,8.0,0.458
2026-03-01,24.1,28.2,21.0,2.30,7.0,0.457
2026-03-02,23.7,27.1,21.3,5.00,9.0,0.454
2026-03-03,24.0,27.9,21.5,0.00,0.0,0.451
2026-03-04,23.5,26.8,21.2,2.70,7.0,0.448
2026-03-05,23.8,27.9,20.5,0.00,0.0,0.443
2026-03-06,24.0,28.4,20.1,0.00,0.0,0.438
2026-03-07,23.7,27.8,20.3,2.00,7.0,0.434
2026-03-08,23.2,27.3,21.0,18.50,15.0,0.436
2026-03-09,21.7,23.4,20.9,17.00,24.0,0.457
2026-03-10,22.7,26.2,20.4,4.40,14.0,0.463
2026-03-11,22.8,26.6,19.8,0.30,3.0,0.459
2026-03-12,22.6,26.4,20.0,0.00,0.0,0.454
2026-03-13,22.4,26.1,19.9,0.60,5.0,0.450
2026-03-14,21.4,24.7,19.3,0.10,1.0,0.446
2026-03-15,21.3,25.8,18.0,0.00,0.0,0.441
2026-03-16,21.2,26.1,17.4,0.00,0.0,0.435
2026-03-17,22.3,27.2,18.1,0.00,0.0,0.429
2026-03-18,23.0,27.2,19.2,1.30,6.0,0.424
2026-03-19,22.8,26.9,18.7,2.80,9.0,0.422
2026-03-20,22.7,26.6,19.8,7.40,10.0,0.418
2026-03-21,22.9,26.1,20.4,2.70,9.0,0.411
2026-03-22,23.1,27.5,19.3,0.70,5.0,0.407
2026-03-23,22.7,26.4,19.7,4.20,10.0,0.405
2026-03-24,22.9,27.7,19.2,0.00,0.0,0.404
2026-03-25,24.8,29.4,20.7,0.40,2.0,0.399
2026-03-26,24.2,28.0,21.5,6.50,12.0,0.394
2026-03-27,23.7,27.9,20.4,2.90,8.0,0.391
2026-03-28,23.4,28.3,20.2,0.00,0.0,0.390
2026-03-29,23.7,28.7,19.1,0.00,0.0,0.386
2026-03-30,23.9,28.5,19.4,0.50,3.0,0.381
2026-03-31,23.9,28.8,19.5,0.40,4.0,0.376
2026-04-01,23.8,27.6,20.3,2.80,9.0,0.370
2026-04-02,24.3,28.6,20.0,1.70,4.0,0.367
2026-04-03,24.5,28.9,20.5,1.30,5.0,0.359
2026-04-04,24.9,29.5,20.3,0.80,4.0,0.356
2026-04-05,25.2,29.8,21.0,1.50,5.0,0.350
2026-04-06,25.2,30.3,20.9,0.10,1.0,0.342
2026-04-07,25.2,29.7,21.2,3.10,10.0,0.336
2026-04-08,25.2,29.6,21.9,3.40,10.0,0.325
2026-04-09,25.4,30.2,20.4,0.00,0.0,0.318
2026-04-10,25.1,29.4,21.4,1.70,8.0,0.316
2026-04-11,25.2,30.6,21.0,0.00,0.0,0.311
2026-04-12,24.7,30.1,20.7,0.00,0.0,0.308
2026-04-13,24.8,30.0,20.0,0.90,4.0,0.306
2026-04-14,24.5,29.8,21.1,0.20,1.0,0.308
2026-04-15,24.8,29.8,20.5,0.00,0.0,0.309
2026-04-16,24.7,29.7,20.2,0.90,3.0,0.309
2026-04-17,24.4,29.0,19.9,0.80,6.0,0.309
2026-04-18,24.4,29.8,19.9,0.00,0.0,0.308
2026-04-19,24.1,29.3,18.6,0.40,3.0,0.311
2026-04-20,24.7,29.9,19.7,0.90,6.0,0.313
2026-04-21,25.1,29.9,21.1,0.70,5.0,0.306
2026-04-22,25.5,30.4,21.2,0.00,0.0,0.304
2026-04-23,25.9,30.6,21.6,1.10,5.0,0.297
2026-04-24,26.5,31.4,22.7,0.70,4.0,0.286
2026-04-25,26.6,31.9,21.5,0.30,3.0,0.282
2026-04-26,26.0,30.6,22.5,2.00,14.0,0.276
2026-04-27,24.4,27.5,21.8,10.60,12.0,0.279
2026-04-28,25.8,30.6,22.2,2.40,11.0,0.275
2026-04-29,26.0,30.8,21.5,0.50,5.0,0.275
2026-04-30,24.9,29.2,21.5,8.50,17.0,0.276
2026-05-01,26.2,30.8,21.9,1.20,6.0,0.276
2026-05-02,24.5,28.8,22.2,16.30,17.0,0.283
2026-05-03,23.8,27.6,21.6,16.50,18.0,0.304
2026-05-04,25.3,29.9,22.1,0.70,6.0,0.300
2026-05-05,25.4,29.9,21.4,0.90,7.0,0.293
2026-05-06,25.8,29.7,21.8,2.50,9.0,0.291
2026-05-07,24.3,27.4,22.7,9.70,14.0,0.290
2026-05-08,26.2,30.5,22.7,1.60,9.0,0.286
2026-05-09,26.1,30.8,22.9,0.90,6.0,0.286
2026-05-10,26.2,31.5,22.3,1.70,5.0,0.284
2026-05-11,26.5,31.8,21.7,0.00,0.0,0.282
2026-05-12,26.5,30.4,22.6,2.50,9.0,0.289
2026-05-13,27.0,31.6,23.1,2.60,9.0,0.300
2026-05-14,26.9,31.4,23.2,1.20,5.0,0.304
2026-05-15,27.1,31.5,22.1,0.20,2.0,0.301
2026-05-16,26.3,29.8,22.8,3.40,9.0,0.297
2026-05-17,26.9,31.0,22.7,1.60,5.0,0.296
2026-05-18,25.9,30.0,23.4,9.30,11.0,0.292
2026-05-19,25.6,29.9,23.1,6.10,14.0,0.287
2026-05-20,26.5,30.7,22.9,2.20,7.0,0.286
2026-05-21,27.0,31.5,23.0,1.90,10.0,0.286
2026-05-22,26.0,30.0,23.2,7.30,11.0,0.285
2026-05-23,24.0,25.4,23.0,19.40,16.0,0.290
2026-05-24,25.5,29.8,22.2,8.70,14.0,0.289
2026-05-25,25.7,29.7,22.6,4.90,14.0,0.286
2026-05-26,26.0,29.6,22.7,3.00,9.0,0.290
2026-05-27,25.2,29.8,22.6,3.40,13.0,0.288
2026-05-28,26.1,30.3,22.8,2.70,7.0,0.287
2026-05-29,26.3,30.2,23.2,2.60,8.0,0.281
2026-05-30,25.8,29.1,23.2,2.30,3.0,0.279
2026-05-31,25.6,28.1,23.4,6.10,5.0,0.280
2026-06-01,26.4,31.2,22.9,3.30,10.0,0.280
2026-06-02,25.7,29.6,23.0,7.00,15.0,0.278
2026-06-03,25.2,30.4,22.9,4.50,10.0,0.286
2026-06-04,26.1,30.7,22.0,0.30,3.0,0.289
2026-06-05,25.7,29.4,23.7,5.90,9.0,0.291
2026-06-06,25.1,30.3,22.3,15.20,10.0,0.301
2026-06-07,26.1,30.4,22.2,1.40,8.0,0.306
2026-06-08,26.0,31.0,22.8,3.70,9.0,0.299
2026-06-09,25.7,30.3,22.8,4.80,11.0,0.301
2026-06-10,25.4,30.8,22.1,7.60,14.0,0.299
2026-06-11,25.6,30.0,22.8,4.60,14.0,0.296
2026-06-12,25.9,29.4,22.9,2.10,10.0,0.293
2026-06-13,25.2,30.3,22.4,7.90,18.0,0.288
2026-06-14,25.6,29.7,22.6,1.60,9.0,0.289
2026-06-15,25.8,30.1,22.4,2.20,10.0,0.284
2026-06-16,26.2,30.3,22.0,2.50,6.0,0.283
2026-06-17,26.3,31.3,22.7,1.20,8.0,0.282
2026-06-18,25.9,30.9,22.7,4.70,15.0,0.278
2026-06-19,24.8,28.4,22.5,16.90,12.0,0.284
2026-06-20,24.9,28.8,22.2,21.20,13.0,0.294
2026-06-21,24.9,30.2,22.3,2.70,8.0,0.305
2026-06-22,24.0,27.6,22.0,12.50,11.0,0.302
2026-06-23,24.3,28.0,21.9,3.90,11.0,0.301
2026-06-24,24.7,27.5,21.9,2.20,7.0,0.303
2026-06-25,25.8,29.9,22.5,9.20,10.0,0.301
2026-06-26,24.9,29.7,22.5,5.70,8.0,0.299
2026-06-27,24.9,30.2,22.3,5.20,12.0,0.294
2026-06-28,25.0,29.0,22.4,2.90,11.0,0.294
2026-06-29,23.7,26.8,22.1,9.10,13.0,0.295
2026-06-30,24.7,28.7,22.2,6.40,14.0,0.292
2026-07-01,24.2,28.4,22.2,18.50,16.0,0.294
2026-07-02,23.8,27.8,22.5,13.10,15.0,0.303
2026-07-03,25.1,29.1,21.9,4.90,11.0,0.300
2026-07-04,24.4,28.7,22.3,11.50,16.0,0.297
2026-07-05,24.7,29.2,21.6,5.10,14.0,0.296
2026-07-06,25.2,29.0,22.1,1.20,7.0,0.294
2026-07-07,25.6,29.3,22.5,2.50,8.0,0.292
2026-07-08,25.6,29.2,22.9,3.00,8.0,0.290
2026-07-09,24.5,26.7,22.4,4.60,11.0,0.287
2026-07-10,24.5,27.9,22.3,5.70,23.0,0.286
2026-07-11,23.7,27.2,21.7,7.60,13.0,0.290
2026-07-12,25.3,28.6,22.5,3.10,8.0,0.294
2026-07-13,24.9,30.0,22.1,22.00,12.0,0.296
2026-07-14,24.7,29.0,20.6,0.50,4.0,0.306
2026-07-15,24.8,29.5,21.9,4.10,6.0,0.304
2026-07-16,24.7,28.4,22.0,4.40,11.0,0.303
2026-07-17,24.6,28.0,21.4,3.40,10.0,0.302
2026-07-18,25.3,29.3,22.3,2.80,12.0,0.303
2026-07-19,24.6,28.5,22.2,6.50,11.0,0.300
2026-07-20,24.5,29.1,21.8,10.20,11.0,0.291
2026-07-21,24.7,28.9,21.5,4.10,12.0,0.289
2026-07-22,23.7,27.3,21.8,12.60,23.0,0.292
2026-07-23,23.7,28.2,21.4,2.80,11.0,0.295
2026-07-24,23.2,26.8,21.4,5.80,20.0,0.302
2026-07-25,24.3,27.4,21.7,5.30,17.0,0.304
2026-07-26,24.1,28.3,22.3,21.90,12.0,0.306
2026-07-27,23.6,27.4,21.2,8.90,13.0,0.314
2026-07-28,23.1,27.0,20.7,19.40,17.0,0.334
2026-07-29,24.0,27.4,21.7,7.70,12.0,0.342
2026-07-30,23.7,26.7,22.0,27.70,16.0,0.350
2026-07-31,22.9,26.0,21.6,19.60,20.0,0.363
2026-08-01,23.3,27.6,20.9,3.80,6.0,0.377
2026-08-02,24.8,28.2,21.9,4.50,9.0,0.381
2026-08-03,24.6,28.5,22.7,10.20,9.0,0.379
2026-08-04,25.3,29.0,22.2,2.20,9.0,0.378
2026-08-05,25.7,29.4,23.1,0.80,5.0,0.373
2026-08-06,25.5,28.7,22.9,0.90,4.0,0.367
2026-08-07,25.8,28.9,23.5,0.30,1.0,0.360
